Workbook

Sheet Theory
A1: DAYANANDA SAGAR COLLEGE OF ENGINEERING, BANGALORE-560 111
A2: DEPARTMENT OF ARTIFICIAL INTELLEGENCE & MACHINE LEARNING
A4: Academic Year : 2024 -25 | D4: Scheme :2022-26 | Q4: Semester : 3rd
A5: COURSE CODE : 22AI33
A6: COURSE TITLE :DBMS
A7: STAND ALONE THEORY | D7: NO
A8: STAND ALONE LAB | D8: NO
A9: IPCC | D9: Yes
A10: Faculty : Anupama V P
C11: Course Outcome Attainment Calculation
C12: COs mapped | D12: 0,1 | H12: 0,4 | L12: 0,2 | P12: 0,2 | T12: 0,1 | X12: 0,1 | AB12: 0,4 | AF12: 0,4 | AJ12: 0,4 | AN12: 0,3 | AR12: 0,4 | AV12: 0,4 | AZ12: 0,4 | BD12: 0,4 | BH12: 0,3 | BL12: 0,3 | BP12: 0,3 | BT12: 0,5 | BX12: 0,3 | CB12: 0,3 | CF12: 0,5 | CJ12: 0,5 | CN12: 0,5 | CR12: 0,5 | CV12: 0,1,2,3,4,5,6 | CW12: 0,1,2,3,4,5,6 | DK12: ENTER ATTENDANCE MANUALLY FOR CSV FILE
D13: Test 1 | AJ13: Test 2 | BP13: Test 3 | CV13: AAT | CW13: QUIZ | DK13: STAND ALONE THEORY ATTENDANCE | DL13: STAND ALONE THEORY ATTENDANCE | DM13: STAND ALONE THEORY ATTENDANCE | DN13: STAND ALONE THEORY ATTENDANCE | DO13: STAND ALONE LAB ATTENDANCE | DP13: IPCC THEORY ATTENDANCE | DQ13: IPCC LAB ATTENDANCE | DR13: IPCC TOTAL ATTENDANCE
C14: Maximum Marks | D14: 10 | H14: 10 | L14: 10 | P14: 10 | T14: 10 | X14: 10 | AB14: 10 | AF14: 10 | AJ14: 10 | AN14: 10 | AR14: 10 | AV14: 10 | AZ14: 10 | BD14: 10 | BH14: 10 | BL14: 10 | BP14: 10 | BT14: 10 | BX14: 10 | CB14: 10 | CF14: 10 | CJ14: 10 | CN14: 10 | CR14: 10 | CV14: 10 | CW14: 10 | CX14: 50 | CY14: 50 | CZ14: 50 | DA14: 50 | DB14: 50 | DC14: 100 | DF14: CIA | DI14: SEE | DK14: CREDIT-1 | DL14: CREDIT-2 | DM14: CREDIT-3 | DN14: CREDIT-4 | DO14: CREDIT-1 | DP14: CREDIT-4
C15: Marks to reach Performance (60% and above of Max. Marks) | D15: =PRODUCT(D14,0.6) -> 6 | E15: =PRODUCT(E14,0.6) -> 0.6 | H15: =PRODUCT(H14,0.6) -> 6 | I15: =PRODUCT(I14,0.6) -> 0.6 | L15: =PRODUCT(L14,0.6) -> 6 | M15: =PRODUCT(M14,0.6) -> 0.6 | P15: =PRODUCT(P14,0.6) -> 6 | Q15: =PRODUCT(Q14,0.6) -> 0.6 | T15: =PRODUCT(T14,0.6) -> 6 | X15: =PRODUCT(X14,0.6) -> 6 | AB15: =PRODUCT(AB14,0.6) -> 6 | AF15: =PRODUCT(AF14,0.6) -> 6 | AJ15: =PRODUCT(AJ14,0.6) -> 6 | AK15: =PRODUCT(AK14,0.6) -> 0.6 | AN15: =PRODUCT(AN14,0.6) -> 6 | AO15: =PRODUCT(AO14,0.6) -> 0.6 | AR15: =PRODUCT(AR14,0.6) -> 6 | AV15: =PRODUCT(AV14,0.6) -> 6 | AZ15: =PRODUCT(AZ14,0.6) -> 6 | BD15: =PRODUCT(BD14,0.6) -> 6 | BH15: =PRODUCT(BH14,0.6) -> 6 | BL15: =PRODUCT(BL14,0.6) -> 6 | BP15: =PRODUCT(BP14,0.6) -> 6 | BQ15: =PRODUCT(BQ14,0.6) -> 0.6 | BT15: =PRODUCT(BT14,0.6) -> 6 | BU15: =PRODUCT(BU14,0.6) -> 0.6 | BX15: =PRODUCT(BX14,0.6) -> 6 | CB15: =PRODUCT(CB14,0.6) -> 6 | CF15: =PRODUCT(CF14,0.6) -> 6 | CJ15: =PRODUCT(CJ14,0.6) -> 6 | CN15: =PRODUCT(CN14,0.6) -> 6 | CR15: =PRODUCT(CR14,0.6) -> 6 | CV15: =PRODUCT(CV14,0.6) -> 6 | CW15: =PRODUCT(CW14,0.6) -> 6 | CX15: =PRODUCT(CX14,0.6) -> 30 | CY15: =PRODUCT(CY14,0.6) -> 30 | CZ15: =PRODUCT(CZ14,0.6) -> 30 | DA15: =PRODUCT(DA14,0.6) -> 30 | DB15: =PRODUCT(DB14,0.6) -> 30 | DC15: 60 | DF15: ='CIA MARKS'!DX12 -> STAND ALONE THEORY | DG15: ='CIA MARKS'!EH12 -> STAND ALONE LAB | DH15: ='CIA MARKS'!EJ12 -> IPCC | DI15: ='CIA MARKS'!EK12 -> SEE | DK15: ATTND (11/12) | DL15: ATTND (11/24) | DM15: ATTND (34/40) | DN15: ATTND (45/52) | DO15: ATTND (11/12) | DP15: ATT-THEORY (34/40) | DQ15: ATT-LAB (11/12)
A16: Sl No. | B16: USN | C16: STUDENT NAME | D16: Q1A | E16: Q1B | F16: Q1C | G16: Q1D | H16: Q2A | I16: Q2B | J16: Q2C | K16: Q2D | L16: Q3A | M16: Q3B | N16: Q3C | O16: Q3D | P16: Q4A | Q16: Q4B | R16: Q4C | S16: Q4D | T16: Q5A | U16: Q5B | V16: Q5C | W16: Q5D | X16: Q6A | Y16: Q6B | Z16: Q6C | AA16: Q6D | AB16: Q7A | AC16: Q7B | AD16: Q7C | AE16: Q7D | AF16: Q8A | AG16: Q8B | AH16: Q8C | AI16: Q8D | AJ16: Q1A | AK16: Q1A | AL16: Q1C | AM16: Q1D | AN16: Q2A | AO16: Q2A | AP16: Q2C | AQ16: Q2D | AR16: Q3A | AS16: Q3B | AT16: Q3C | AU16: Q3D | AV16: Q4A | AW16: Q4B | AX16: Q4C | AY16: Q4D | AZ16: Q5A | BA16: Q5B | BB16: Q5C | BC16: Q5D | BD16: Q6A | BE16: Q6B | BF16: Q6C | BG16: Q6D | BH16: Q7A | BI16: Q7B | BJ16: Q7C | BK16: Q7D | BL16: Q8A | BM16: Q8B | BN16: Q8C | BO16: Q8D | BP16: Q1A | BQ16: Q1B | BR16: Q1C | BS16: Q1D | BT16: Q2A | BU16: Q2B | BV16: Q2C | BW16: Q2D | BX16: Q3A | BY16: Q3B | BZ16: Q3C | CA16: Q3D | CB16: Q4A | CC16: Q4B | CD16: Q4C | CE16: Q4D | CF16: Q5A | CG16: Q5B | CH16: Q5C | CI16: Q5D | CJ16: Q6A | CK16: Q6B | CL16: Q6C | CM16: Q6D | CN16: Q7A | CO16: Q7B | CP16: Q7C | CQ16: Q7D | CR16: Q8A | CS16: Q8B | CT16: Q8C | CU16: Q8D | CV16: Q1-20 | CW16: Q1-20 | CX16: Total Test1 | CY16: Total Test 2 | CZ16: Total Test 3 | DA16: Final CIA | DB16: Final SEE MARKS | DC16: Final SEE MARKS | DD16: Final SEE Grade | DF16: ='CIA MARKS'!DX13 -> 50 | DG16: ='CIA MARKS'!EH13 -> 50 | DH16: ='CIA MARKS'!EJ13 -> 50 | DI16: ='CIA MARKS'!EK13 -> 50 | DK16: 12 | DL16: 24 | DM16: 40 | DN16: 52 | DO16: 12 | DP16: 40 | DQ16: 12 | DR16: =SUM(DP16:DQ16) -> 52
A17: 1 | B17: 1DS23AI001 | C17: AAYUSH PANDEY | D17: 7 | H17: 4 | L17: 5 | T17: 4 | AB17: 9 | AJ17: 5 | AN17: 4 | AV17: 8 | BH17: 2 | BP17: 8 | BT17: 8 | BX17: 9 | CJ17: 9 | CR17: 3 | CV17: 7 | CW17: 10 | CX17: =VLOOKUP(B17,'CIA MARKS'!C14:DN83,116,FALSE) -> 29 | CY17: =VLOOKUP(B17,'CIA MARKS'!C14:DO83,117,FALSE) -> 19 | CZ17: =VLOOKUP(B17,'CIA MARKS'!C14:DP83,118,FALSE) -> 37 | DA17: ='CIA MARKS'!EJ14 -> 35 | DB17: =DC17/2 -> 38 | DC17: 76 | DD17: A | DF17: =IF(D$7="YES",'CIA MARKS'!DX14,"") | DG17: =IF(D$8="YES",'CIA MARKS'!EH14,"") | DH17: =IF(D$9="YES",'CIA MARKS'!EJ14,"") -> 35 | DI17: {=IF(D$8="YES",Lab!K9:K78,Theory!DB17:DB86)} -> 38 | DR17: =SUM(DP17:DQ17) -> 0
A18: 2 | B18: 1DS23AI002 | C18: ABHINAND PRAMEESH | D18: 10 | H18: 5 | L18: 8 | X18: 10 | AJ18: 2 | AN18: 6 | AV18: 8 | BD18: 2 | BL18: 4 | BP18: 9 | BT18: 9 | BX18: 10 | CF18: 9 | CN18: 10 | CV18: 6 | CW18: 10 | CX18: =VLOOKUP(B18,'CIA MARKS'!C15:DN84,116,FALSE) -> 33 | CY18: =VLOOKUP(B18,'CIA MARKS'!C15:DO84,117,FALSE) -> 22 | CZ18: =VLOOKUP(B18,'CIA MARKS'!C15:DP84,118,FALSE) -> 47 | DA18: ='CIA MARKS'!EJ15 -> 42 | DB18: =DC18/2 -> 38.5 | DC18: 77 | DD18: A+ | DF18: =IF(D$7="YES",'CIA MARKS'!DX15,"") | DG18: =IF(D$8="YES",'CIA MARKS'!EH15,"") | DH18: =IF(D$9="YES",'CIA MARKS'!EJ15,"") -> 42 | DI18: 38.5 | DR18: =SUM(DP18:DQ18) -> 0
A19: 3 | B19: 1DS23AI003 | C19: ABHISHEK SINGH | H19: 5 | L19: 5 | T19: 6 | AB19: 7 | AJ19: 8 | AN19: 9 | AV19: 9 | AZ19: 10 | BP19: 8 | BT19: 4 | CB19: 8 | CN19: 5 | CV19: 6 | CW19: 10 | CX19: =VLOOKUP(B19,'CIA MARKS'!C16:DN85,116,FALSE) -> 23 | CY19: =VLOOKUP(B19,'CIA MARKS'!C16:DO85,117,FALSE) -> 36 | CZ19: =VLOOKUP(B19,'CIA MARKS'!C16:DP85,118,FALSE) -> 25 | DA19: ='CIA MARKS'!EJ16 -> 34 | DB19: =DC19/2 -> 30 | DC19: 60 | DD19: B+ | DF19: =IF(D$7="YES",'CIA MARKS'!DX16,"") | DG19: =IF(D$8="YES",'CIA MARKS'!EH16,"") | DH19: =IF(D$9="YES",'CIA MARKS'!EJ16,"") -> 34 | DI19: 30 | DR19: =SUM(DP19:DQ19) -> 0
A20: 4 | B20: 1DS23AI004 | C20: ABHISHEK V | D20: 7 | H20: 8 | L20: 6 | T20: 7 | AF20: 10 | AJ20: 4 | AN20: 7 | AV20: 8 | AZ20: 4 | BH20: 5 | BP20: 5 | BT20: 8 | CB20: 1 | CF20: 5 | CV20: 8 | CW20: 10 | CX20: =VLOOKUP(B20,'CIA MARKS'!C17:DN86,116,FALSE) -> 38 | CY20: =VLOOKUP(B20,'CIA MARKS'!C17:DO86,117,FALSE) -> 28 | CZ20: =VLOOKUP(B20,'CIA MARKS'!C17:DP86,118,FALSE) -> 19 | DA20: ='CIA MARKS'!EJ17 -> 38 | DB20: =DC20/2 -> 32.5 | DC20: 65 | DD20: A | DF20: =IF(D$7="YES",'CIA MARKS'!DX17,"") | DG20: =IF(D$8="YES",'CIA MARKS'!EH17,"") | DH20: =IF(D$9="YES",'CIA MARKS'!EJ17,"") -> 38 | DI20: 32.5 | DR20: =SUM(DP20:DQ20) -> 0
A21: 5 | B21: 1DS23AI005 | C21: ADITYA B RAWANAWAR | D21: 7 | H21: 6 | L21: 5 | X21: 10 | AF21: 8 | AJ21: 8 | AN21: 6 | AR21: 6 | AZ21: 6 | BH21: 8 | BP21: 8 | BT21: 8 | CB21: 8 | CF21: 7 | CN21: 8 | CV21: 7 | CW21: 10 | CX21: =VLOOKUP(B21,'CIA MARKS'!C18:DN86,116,FALSE) -> 36 | CY21: 39 | CZ21: =VLOOKUP(B21,'CIA MARKS'!C18:DP86,118,FALSE) -> 39 | DA21: ='CIA MARKS'!EJ18 -> 41 | DB21: =DC21/2 -> 45.5 | DC21: 91 | DD21: A+ | DF21: =IF(D$7="YES",'CIA MARKS'!DX18,"") | DG21: =IF(D$8="YES",'CIA MARKS'!EH18,"") | DH21: =IF(D$9="YES",'CIA MARKS'!EJ18,"") -> 41 | DI21: 45.5 | DR21: =SUM(DP21:DQ21) -> 0
A22: 6 | B22: 1DS23AI006 | C22: ADITYA MUTHUSAMY A | D22: 1 | H22: 4 | L22: 8 | X22: 0 | AF22: 4 | AJ22: 2 | AV22: 5 | BD22: 3 | BL22: 3 | BP22: 2 | BT22: 2 | CB22: 7 | CF22: 6 | CN22: 5 | CV22: 5 | CW22: 10 | CX22: =VLOOKUP(B22,'CIA MARKS'!C19:DN87,116,FALSE) -> 17 | CY22: =VLOOKUP(B22,'CIA MARKS'!C19:DO87,117,FALSE) -> 13 | CZ22: =VLOOKUP(B22,'CIA MARKS'!C19:DP87,118,FALSE) -> 22 | DA22: ='CIA MARKS'!EJ19 -> 28 | DB22: =DC22/2 -> 26.5 | DC22: 53 | DD22: B | DF22: =IF(D$7="YES",'CIA MARKS'!DX19,"") | DG22: =IF(D$8="YES",'CIA MARKS'!EH19,"") | DH22: =IF(D$9="YES",'CIA MARKS'!EJ19,"") -> 28 | DI22: 26.5 | DR22: =SUM(DP22:DQ22) -> 0
A23: 7 | B23: 1DS23AI007 | C23: ADNAN SAMEER ANEKATTI | H23: 3 | L23: 3 | AF23: 3 | AN23: 4 | AV23: 6 | BH23: 0 | BP23: 6 | BT23: 8 | BX23: 9 | CF23: 10 | CN23: 6 | CV23: 8 | CW23: 10 | CX23: =VLOOKUP(B23,'CIA MARKS'!C20:DN88,116,FALSE) -> 9 | CY23: =VLOOKUP(B23,'CIA MARKS'!C20:DO88,117,FALSE) -> 10 | CZ23: =VLOOKUP(B23,'CIA MARKS'!C20:DP88,118,FALSE) -> 39 | DA23: ='CIA MARKS'!EJ20 -> 30 | DB23: =DC23/2 -> 28.5 | DC23: 57 | DD23: B | DF23: =IF(D$7="YES",'CIA MARKS'!DX20,"") | DG23: =IF(D$8="YES",'CIA MARKS'!EH20,"") | DH23: =IF(D$9="YES",'CIA MARKS'!EJ20,"") -> 30 | DI23: 28.5 | DR23: =SUM(DP23:DQ23) -> 0
A24: 8 | B24: 1DS23AI008 | C24: AKSHADHA SINGH | D24: 6 | H24: 3 | L24: 4 | T24: 8 | AB24: 0 | AN24: 4 | AR24: 4 | BP24: 2 | BT24: 3 | BX24: 4 | CF24: 7 | CR24: 4 | CV24: 7 | CW24: 10 | CX24: =VLOOKUP(B24,'CIA MARKS'!C21:DN89,116,FALSE) -> 21 | CY24: =VLOOKUP(B24,'CIA MARKS'!C21:DO89,117,FALSE) -> 8 | CZ24: =VLOOKUP(B24,'CIA MARKS'!C21:DP89,118,FALSE) -> 20 | DA24: ='CIA MARKS'!EJ21 -> 29 | DB24: =DC24/2 -> 30.5 | DC24: 61 | DD24: B+ | DF24: =IF(D$7="YES",'CIA MARKS'!DX21,"") | DG24: =IF(D$8="YES",'CIA MARKS'!EH21,"") | DH24: =IF(D$9="YES",'CIA MARKS'!EJ21,"") -> 29 | DI24: 30.5 | DR24: =SUM(DP24:DQ24) -> 0
A25: 9 | B25: 1DS23AI010 | C25: ANIMESH UPADHYAY | L25: 4 | AF25: 3 | AJ25: 4 | AN25: 0 | AV25: 2 | BD25: 0 | BL25: 0 | BT25: 8 | CB25: 8 | CF25: 6 | CV25: 5 | CW25: 5 | CX25: =VLOOKUP(B25,'CIA MARKS'!C22:DN90,116,FALSE) -> 7 | CY25: =VLOOKUP(B25,'CIA MARKS'!C22:DO90,117,FALSE) -> 6 | CZ25: =VLOOKUP(B25,'CIA MARKS'!C22:DP90,118,FALSE) -> 22 | DA25: ='CIA MARKS'!EJ22 -> 23 | DB25: =DC25/2 -> 20.5 | DC25: 41 | DD25: P | DF25: =IF(D$7="YES",'CIA MARKS'!DX22,"") | DG25: =IF(D$8="YES",'CIA MARKS'!EH22,"") | DH25: =IF(D$9="YES",'CIA MARKS'!EJ22,"") -> 23 | DI25: 20.5 | DR25: =SUM(DP25:DQ25) -> 0
A26: 10 | B26: 1DS23AI011 | C26: ASHWINI GANESH RATOD | D26: 9 | H26: 4 | L26: 6 | X26: 3 | AF26: 4 | AJ26: 2 | AN26: 6 | AV26: 8 | AZ26: 3 | BH26: 7 | BP26: 9 | BT26: 9 | BX26: 9 | CF26: 8 | CN26: 9 | CV26: 7 | CW26: 10 | CX26: =VLOOKUP(B26,'CIA MARKS'!C23:DN91,116,FALSE) -> 26 | CY26: =VLOOKUP(B26,'CIA MARKS'!C23:DO91,117,FALSE) -> 26 | CZ26: =VLOOKUP(B26,'CIA MARKS'!C23:DP91,118,FALSE) -> 44 | DA26: ='CIA MARKS'!EJ23 -> 39 | DB26: =DC26/2 -> 41 | DC26: 82 | DD26: A+ | DF26: =IF(D$7="YES",'CIA MARKS'!DX23,"") | DG26: =IF(D$8="YES",'CIA MARKS'!EH23,"") | DH26: =IF(D$9="YES",'CIA MARKS'!EJ23,"") -> 39 | DI26: 41 | DR26: =SUM(DP26:DQ26) -> 0
A27: 11 | B27: 1DS23AI012 | C27: AVIDUTT PUROHIT | D27: 9 | H27: 8 | L27: 6 | X27: 8 | AB27: 9 | AJ27: 8 | AN27: 6 | AV27: 9 | BD27: 2 | BL27: 6 | BP27: 8 | BT27: 7 | BX27: 7 | CF27: 8 | CN27: 3 | CV27: 8 | CW27: 10 | CX27: =VLOOKUP(B27,'CIA MARKS'!C24:DN92,116,FALSE) -> 40 | CY27: =VLOOKUP(B27,'CIA MARKS'!C24:DO92,117,FALSE) -> 31 | CZ27: =VLOOKUP(B27,'CIA MARKS'!C24:DP92,118,FALSE) -> 33 | DA27: ='CIA MARKS'!EJ24 -> 37 | DB27: =DC27/2 -> 32.5 | DC27: 65 | DD27: A | DF27: =IF(D$7="YES",'CIA MARKS'!DX24,"") | DG27: =IF(D$8="YES",'CIA MARKS'!EH24,"") | DH27: =IF(D$9="YES",'CIA MARKS'!EJ24,"") -> 37 | DI27: 32.5 | DR27: =SUM(DP27:DQ27) -> 0
A28: 12 | B28: 1DS23AI013 | C28: B N SHARATH | D28: 8 | H28: 4 | L28: 4 | X28: 10 | AF28: 4 | AJ28: 4 | AN28: 8 | AV28: 8 | AZ28: 9 | BH28: 8 | BP28: 7 | BT28: 8 | BX28: 7 | CF28: 8 | CN28: 9 | CV28: 9 | CW28: 10 | CX28: =VLOOKUP(B28,'CIA MARKS'!C25:DN93,116,FALSE) -> 30 | CY28: =VLOOKUP(B28,'CIA MARKS'!C25:DO93,117,FALSE) -> 37 | CZ28: =VLOOKUP(B28,'CIA MARKS'!C25:DP93,118,FALSE) -> 39 | DA28: ='CIA MARKS'!EJ25 -> 42 | DB28: =DC28/2 -> 43 | DC28: 86 | DD28: A+ | DF28: =IF(D$7="YES",'CIA MARKS'!DX25,"") | DG28: =IF(D$8="YES",'CIA MARKS'!EH25,"") | DH28: =IF(D$9="YES",'CIA MARKS'!EJ25,"") -> 42 | DI28: 43 | DR28: =SUM(DP28:DQ28) -> 0
A29: 13 | B29: 1DS23AI014 | C29: BANNURU NIKHIL TEJ | D29: 9 | H29: 8 | L29: 6 | T29: 8 | AF29: 9 | AJ29: 9 | AN29: 8 | AV29: 10 | BD29: 0 | BL29: 8 | BP29: 9 | BT29: 10 | CB29: 10 | CF29: 10 | CR29: 9 | CV29: 7 | CW29: 10 | CX29: =VLOOKUP(B29,'CIA MARKS'!C26:DN94,116,FALSE) -> 40 | CY29: =VLOOKUP(B29,'CIA MARKS'!C26:DO94,117,FALSE) -> 35 | CZ29: =VLOOKUP(B29,'CIA MARKS'!C26:DP94,118,FALSE) -> 48 | DA29: ='CIA MARKS'!EJ26 -> 43 | DB29: =DC29/2 -> 46 | DC29: 92 | DD29: A+ | DF29: =IF(D$7="YES",'CIA MARKS'!DX26,"") | DG29: =IF(D$8="YES",'CIA MARKS'!EH26,"") | DH29: =IF(D$9="YES",'CIA MARKS'!EJ26,"") -> 43 | DI29: 46 | DR29: =SUM(DP29:DQ29) -> 0
A30: 14 | B30: 1DS23AI015 | C30: BHOOMIKA RAJESH HEGDE | D30: 8 | H30: 9 | P30: 9 | X30: 10 | AF30: 8 | AJ30: 10 | AN30: 9 | AV30: 10 | AZ30: 8 | BH30: 10 | BP30: 10 | BT30: 10 | BX30: 9 | CF30: 10 | CR30: 6 | CV30: 8 | CW30: 10 | CX30: =VLOOKUP(B30,'CIA MARKS'!C27:DN95,116,FALSE) -> 44 | CY30: =VLOOKUP(B30,'CIA MARKS'!C27:DO95,117,FALSE) -> 47 | CZ30: =VLOOKUP(B30,'CIA MARKS'!C27:DP95,118,FALSE) -> 45 | DA30: ='CIA MARKS'!EJ27 -> 46 | DB30: =DC30/2 -> 44 | DC30: 88 | DD30: O | DF30: =IF(D$7="YES",'CIA MARKS'!DX27,"") | DG30: =IF(D$8="YES",'CIA MARKS'!EH27,"") | DH30: =IF(D$9="YES",'CIA MARKS'!EJ27,"") -> 46 | DI30: 44 | DR30: =SUM(DP30:DQ30) -> 0
A31: 15 | B31: 1DS23AI016 | C31: BRIJESH NIRANJAN K | D31: 10 | H31: 8 | L31: 7 | T31: 8 | AF31: 10 | AJ31: 6 | AN31: 10 | AV31: 10 | BD31: 8 | BL31: 6 | BP31: 10 | BT31: 10 | BX31: 10 | CF31: 7 | CN31: 8 | CV31: 7 | CW31: 10 | CX31: =VLOOKUP(B31,'CIA MARKS'!C28:DN96,116,FALSE) -> 43 | CY31: =VLOOKUP(B31,'CIA MARKS'!C28:DO96,117,FALSE) -> 40 | CZ31: =VLOOKUP(B31,'CIA MARKS'!C28:DP96,118,FALSE) -> 45 | DA31: ='CIA MARKS'!EJ28 -> 45 | DB31: =DC31/2 -> 41.5 | DC31: 83 | DD31: A+ | DF31: =IF(D$7="YES",'CIA MARKS'!DX28,"") | DG31: =IF(D$8="YES",'CIA MARKS'!EH28,"") | DH31: =IF(D$9="YES",'CIA MARKS'!EJ28,"") -> 45 | DI31: 41.5 | DR31: =SUM(DP31:DQ31) -> 0
A32: 16 | B32: 1DS23AI017 | C32: CHAITRA R | D32: 9 | H32: 10 | L32: 8 | X32: 8 | AB32: 10 | AJ32: 10 | AN32: 9 | AR32: 5 | AZ32: 8 | BH32: 4 | BP32: 10 | BT32: 10 | BX32: 9 | CF32: 8 | CN32: 7 | CV32: 7 | CW32: 10 | CX32: =VLOOKUP(B32,'CIA MARKS'!C29:DN97,116,FALSE) -> 45 | CY32: =VLOOKUP(B32,'CIA MARKS'!C29:DO97,117,FALSE) -> 36 | CZ32: =VLOOKUP(B32,'CIA MARKS'!C29:DP97,118,FALSE) -> 44 | DA32: ='CIA MARKS'!EJ29 -> 45 | DB32: =DC32/2 -> 41 | DC32: 82 | DD32: A+ | DF32: =IF(D$7="YES",'CIA MARKS'!DX29,"") | DG32: =IF(D$8="YES",'CIA MARKS'!EH29,"") | DH32: =IF(D$9="YES",'CIA MARKS'!EJ29,"") -> 45 | DI32: 41 | DR32: =SUM(DP32:DQ32) -> 0
A33: 17 | B33: 1DS23AI018 | C33: CHIRANTHAN REDDY H M | D33: 8 | L33: 3 | X33: 9 | AB33: 0 | AF33: 2 | AN33: 5 | AR33: 4 | BH33: 2 | BP33: 8 | BT33: 6 | BX33: 6 | CF33: 6 | CR33: 7 | CV33: 6 | CW33: 10 | CX33: =VLOOKUP(B33,'CIA MARKS'!C30:DN98,116,FALSE) -> 22 | CY33: =VLOOKUP(B33,'CIA MARKS'!C30:DO98,117,FALSE) -> 11 | CZ33: =VLOOKUP(B33,'CIA MARKS'!C30:DP98,118,FALSE) -> 33 | DA33: ='CIA MARKS'!EJ30 -> 34 | DB33: =DC33/2 -> 38.5 | DC33: 77 | DD33: A | DF33: =IF(D$7="YES",'CIA MARKS'!DX30,"") | DG33: =IF(D$8="YES",'CIA MARKS'!EH30,"") | DH33: =IF(D$9="YES",'CIA MARKS'!EJ30,"") -> 34 | DI33: 38.5 | DR33: =SUM(DP33:DQ33) -> 0
A34: 18 | B34: 1DS23AI019 | C34: DEVANSH GOYAL | D34: 9 | H34: 6 | P34: 8 | X34: 9 | AF34: 5 | AN34: 9 | AV34: 9 | BD34: 4 | BL34: 4 | BP34: 10 | BT34: 9 | CB34: 9 | CF34: 7 | CR34: 8 | CV34: 8 | CW34: 10 | CX34: =VLOOKUP(B34,'CIA MARKS'!C31:DN99,116,FALSE) -> 37 | CY34: =VLOOKUP(B34,'CIA MARKS'!C31:DO99,117,FALSE) -> 26 | CZ34: =VLOOKUP(B34,'CIA MARKS'!C31:DP99,118,FALSE) -> 43 | DA34: ='CIA MARKS'!EJ31 -> 43 | DB34: =DC34/2 -> 41.5 | DC34: 83 | DD34: A+ | DF34: =IF(D$7="YES",'CIA MARKS'!DX31,"") | DG34: =IF(D$8="YES",'CIA MARKS'!EH31,"") | DH34: =IF(D$9="YES",'CIA MARKS'!EJ31,"") -> 43 | DI34: 41.5 | DR34: =SUM(DP34:DQ34) -> 0
A35: 19 | B35: 1DS23AI020 | C35: DEVARAJA KATTI | D35: 0 | P35: 6 | T35: 2 | AF35: 3 | AJ35: 7 | AN35: 9 | AV35: 8 | AZ35: 6 | BH35: 7 | BP35: 7 | BT35: 6 | BX35: 8 | CF35: 8 | CR35: 5 | CV35: 8 | CW35: 10 | CX35: =VLOOKUP(B35,'CIA MARKS'!C32:DN100,116,FALSE) -> 11 | CY35: =VLOOKUP(B35,'CIA MARKS'!C32:DO100,117,FALSE) -> 37 | CZ35: =VLOOKUP(B35,'CIA MARKS'!C32:DP100,118,FALSE) -> 34 | DA35: ='CIA MARKS'!EJ32 -> 39 | DB35: =DC35/2 -> 40 | DC35: 80 | DD35: A | DF35: =IF(D$7="YES",'CIA MARKS'!DX32,"") | DG35: =IF(D$8="YES",'CIA MARKS'!EH32,"") | DH35: =IF(D$9="YES",'CIA MARKS'!EJ32,"") -> 39 | DI35: 40 | DR35: =SUM(DP35:DQ35) -> 0
A36: 20 | B36: 1DS23AI021 | C36: DILEEP KARABASAPPA HONNATTER | D36: 7 | L36: 4 | AF36: 1 | AN36: 2 | AV36: 6 | BH36: 2 | BP36: 7 | BT36: 6 | BX36: 8 | CF36: 6 | CN36: 6 | CV36: 6 | CW36: 10 | CX36: =VLOOKUP(B36,'CIA MARKS'!C33:DN101,116,FALSE) -> 12 | CY36: =VLOOKUP(B36,'CIA MARKS'!C33:DO101,117,FALSE) -> 10 | CZ36: =VLOOKUP(B36,'CIA MARKS'!C33:DP101,118,FALSE) -> 33 | DA36: ='CIA MARKS'!EJ33 -> 32 | DB36: =DC36/2 -> 28 | DC36: 56 | DD36: B+ | DF36: =IF(D$7="YES",'CIA MARKS'!DX33,"") | DG36: =IF(D$8="YES",'CIA MARKS'!EH33,"") | DH36: =IF(D$9="YES",'CIA MARKS'!EJ33,"") -> 32 | DI36: 28 | DR36: =SUM(DP36:DQ36) -> 0
A37: 21 | B37: 1DS23AI022 | C37: DRUTHI U S | D37: 8 | H37: 3 | L37: 6 | T37: 8 | AF37: 1 | AJ37: 0 | AN37: 0 | AR37: 0 | AZ37: 3 | BH37: 1 | BP37: 8 | BT37: 6 | BX37: 8 | CF37: 8 | CN37: 6 | CV37: 8 | CW37: 10 | CX37: =VLOOKUP(B37,'CIA MARKS'!C34:DN102,116,FALSE) -> 26 | CY37: =VLOOKUP(B37,'CIA MARKS'!C34:DO102,117,FALSE) -> 4 | CZ37: =VLOOKUP(B37,'CIA MARKS'!C34:DP102,118,FALSE) -> 36 | DA37: ='CIA MARKS'!EJ34 -> 33 | DB37: =DC37/2 -> 32.5 | DC37: 65 | DD37: B+ | DF37: =IF(D$7="YES",'CIA MARKS'!DX34,"") | DG37: =IF(D$8="YES",'CIA MARKS'!EH34,"") | DH37: =IF(D$9="YES",'CIA MARKS'!EJ34,"") -> 33 | DI37: 32.5 | DR37: =SUM(DP37:DQ37) -> 0
A38: 22 | B38: 1DS23AI023 | C38: E JAYA SIDDARTHA | D38: 10 | H38: 9 | L38: 9 | T38: 9 | AF38: 7 | AN38: 7 | AV38: 8 | AZ38: 9 | BL38: 10 | BP38: 10 | BT38: 9 | BX38: 10 | CJ38: 9 | CN38: 9 | CV38: 8 | CW38: 10 | CX38: =VLOOKUP(B38,'CIA MARKS'!C35:DN103,116,FALSE) -> 44 | CY38: =VLOOKUP(B38,'CIA MARKS'!C35:DO103,117,FALSE) -> 34 | CZ38: =VLOOKUP(B38,'CIA MARKS'!C35:DP103,118,FALSE) -> 47 | DA38: ='CIA MARKS'!EJ35 -> 46 | DB38: =DC38/2 -> 39 | DC38: 78 | DD38: A+ | DF38: =IF(D$7="YES",'CIA MARKS'!DX35,"") | DG38: =IF(D$8="YES",'CIA MARKS'!EH35,"") | DH38: =IF(D$9="YES",'CIA MARKS'!EJ35,"") -> 46 | DI38: 39 | DR38: =SUM(DP38:DQ38) -> 0
A39: 23 | B39: 1DS23AI024 | C39: FARIA AHMED | D39: 9 | H39: 5 | L39: 6 | X39: 9 | AB39: 3 | AN39: 9 | AV39: 9 | AZ39: 4 | BH39: 6 | BP39: 10 | BX39: 8 | CF39: 9 | CR39: 6 | CV39: 6 | CW39: 10 | CX39: =VLOOKUP(B39,'CIA MARKS'!C36:DN104,116,FALSE) -> 32 | CY39: =VLOOKUP(B39,'CIA MARKS'!C36:DO104,117,FALSE) -> 28 | CZ39: =VLOOKUP(B39,'CIA MARKS'!C36:DP104,118,FALSE) -> 33 | DA39: ='CIA MARKS'!EJ36 -> 39 | DB39: =DC39/2 -> 28 | DC39: 56 | DD39: B+ | DF39: =IF(D$7="YES",'CIA MARKS'!DX36,"") | DG39: =IF(D$8="YES",'CIA MARKS'!EH36,"") | DH39: =IF(D$9="YES",'CIA MARKS'!EJ36,"") -> 39 | DI39: 28 | DR39: =SUM(DP39:DQ39) -> 0
A40: 24 | B40: 1DS23AI025 | C40: G M VARSHINI | D40: 8 | H40: 4 | L40: 5 | X40: 9 | AF40: 8 | AJ40: 6 | AN40: 10 | AV40: 8 | AZ40: 6 | BL40: 2 | BT40: 8 | BX40: 8 | CB40: 8 | CF40: 8 | CR40: 3 | CV40: 6 | CW40: 10 | CX40: =VLOOKUP(B40,'CIA MARKS'!C37:DN105,116,FALSE) -> 34 | CY40: =VLOOKUP(B40,'CIA MARKS'!C37:DO105,117,FALSE) -> 32 | CZ40: =VLOOKUP(B40,'CIA MARKS'!C37:DP105,118,FALSE) -> 27 | DA40: ='CIA MARKS'!EJ37 -> 39 | DB40: =DC40/2 -> 32.5 | DC40: 65 | DD40: A | DF40: =IF(D$7="YES",'CIA MARKS'!DX37,"") | DG40: =IF(D$8="YES",'CIA MARKS'!EH37,"") | DH40: =IF(D$9="YES",'CIA MARKS'!EJ37,"") -> 39 | DI40: 32.5 | DR40: =SUM(DP40:DQ40) -> 0
A41: 25 | B41: 1DS23AI026 | C41: GANGEDDULA JOSHITH REDDY | D41: 7 | H41: 2 | L41: 2 | X41: 9 | AF41: 3 | AJ41: 6 | AR41: 8 | BD41: 0 | BH41: 4 | BP41: 8 | BT41: 6 | BX41: 8 | CF41: 8 | CN41: 2 | CV41: 6 | CW41: 10 | CX41: =VLOOKUP(B41,'CIA MARKS'!C38:DN106,116,FALSE) -> 23 | CY41: =VLOOKUP(B41,'CIA MARKS'!C38:DO106,117,FALSE) -> 18 | CZ41: =VLOOKUP(B41,'CIA MARKS'!C38:DP106,118,FALSE) -> 32 | DA41: ='CIA MARKS'!EJ38 -> 37 | DB41: =DC41/2 -> 25.5 | DC41: 51 | DD41: B+ | DF41: =IF(D$7="YES",'CIA MARKS'!DX38,"") | DG41: =IF(D$8="YES",'CIA MARKS'!EH38,"") | DH41: =IF(D$9="YES",'CIA MARKS'!EJ38,"") -> 37 | DI41: 25.5 | DR41: =SUM(DP41:DQ41) -> 0
A42: 26 | B42: 1DS23AI027 | C42: HARSHIT GOSWAMI | D42: 9 | H42: 4 | P42: 3 | X42: 8 | AF42: 9 | AJ42: 8 | AR42: 8 | BD42: 2 | BH42: 8 | BP42: 4 | BT42: 6 | CB42: 5 | CJ42: 7 | CR42: 8 | CV42: 8 | CW42: 10 | CX42: =VLOOKUP(B42,'CIA MARKS'!C39:DN107,116,FALSE) -> 33 | CY42: =VLOOKUP(B42,'CIA MARKS'!C39:DO107,117,FALSE) -> 26 | CZ42: =VLOOKUP(B42,'CIA MARKS'!C39:DP107,118,FALSE) -> 30 | DA42: ='CIA MARKS'!EJ39 -> 39 | DB42: =DC42/2 -> 31 | DC42: 62 | DD42: A | DF42: =IF(D$7="YES",'CIA MARKS'!DX39,"") | DG42: =IF(D$8="YES",'CIA MARKS'!EH39,"") | DH42: =IF(D$9="YES",'CIA MARKS'!EJ39,"") -> 39 | DI42: 31 | DR42: =SUM(DP42:DQ42) -> 0
A43: 27 | B43: 1DS23AI028 | C43: HITESH JAIN | D43: 5 | H43: 6 | L43: 3 | T43: 5 | AB43: 7 | AJ43: 0 | AN43: 4 | AV43: 8 | AZ43: 8 | BL43: 10 | BP43: 9 | BT43: 10 | CB43: 6 | CF43: 6 | CV43: 6 | CW43: 10 | CX43: =VLOOKUP(B43,'CIA MARKS'!C40:DN108,116,FALSE) -> 26 | CY43: =VLOOKUP(B43,'CIA MARKS'!C40:DO108,117,FALSE) -> 30 | CZ43: =VLOOKUP(B43,'CIA MARKS'!C40:DP108,118,FALSE) -> 31 | DA43: ='CIA MARKS'!EJ40 -> 34 | DB43: =DC43/2 -> 31.5 | DC43: 63 | DD43: B+ | DF43: =IF(D$7="YES",'CIA MARKS'!DX40,"") | DG43: =IF(D$8="YES",'CIA MARKS'!EH40,"") | DH43: =IF(D$9="YES",'CIA MARKS'!EJ40,"") -> 34 | DI43: 31.5 | DR43: =SUM(DP43:DQ43) -> 0
A44: 28 | B44: 1DS23AI029 | C44: JAYASHREEDEVI K T | D44: 8 | H44: 8 | L44: 8 | X44: 6 | AB44: 9 | AJ44: 9 | AN44: 8 | AV44: 9 | AZ44: 3 | BH44: 9 | BP44: 9 | BT44: 8 | CB44: 10 | CJ44: 10 | CR44: 8 | CV44: 9 | CW44: 10 | CX44: =VLOOKUP(B44,'CIA MARKS'!C41:DN109,116,FALSE) -> 39 | CY44: =VLOOKUP(B44,'CIA MARKS'!C41:DO109,117,FALSE) -> 38 | CZ44: =VLOOKUP(B44,'CIA MARKS'!C41:DP109,118,FALSE) -> 45 | DA44: ='CIA MARKS'!EJ41 -> 46 | DB44: =DC44/2 -> 33.5 | DC44: 67 | DD44: A+ | DF44: =IF(D$7="YES",'CIA MARKS'!DX41,"") | DG44: =IF(D$8="YES",'CIA MARKS'!EH41,"") | DH44: =IF(D$9="YES",'CIA MARKS'!EJ41,"") -> 46 | DI44: 33.5 | DR44: =SUM(DP44:DQ44) -> 0
A45: 29 | B45: 1DS23AI030 | C45: JIYA PATEL | H45: 5 | L45: 3 | X45: 6 | AN45: 10 | AZ45: 1 | BH45: 1 | CV45: 7 | CW45: 10 | CX45: =VLOOKUP(B45,'CIA MARKS'!C42:DN110,116,FALSE) -> 14 | CY45: =VLOOKUP(B45,'CIA MARKS'!C42:DO110,117,FALSE) -> 12 | CZ45: =VLOOKUP(B45,'CIA MARKS'!C42:DP110,118,FALSE) -> 0 | DA45: ='CIA MARKS'!EJ42 -> 26 | DB45: =DC45/2 -> 27.5 | DC45: 55 | DD45: C | DF45: =IF(D$7="YES",'CIA MARKS'!DX42,"") | DG45: =IF(D$8="YES",'CIA MARKS'!EH42,"") | DH45: =IF(D$9="YES",'CIA MARKS'!EJ42,"") -> 26 | DI45: 27.5 | DR45: =SUM(DP45:DQ45) -> 0
A46: 30 | B46: 1DS23AI031 | C46: K SPOORTHI REDDY | D46: 8 | H46: 4 | L46: 6 | X46: 8 | AF46: 9 | AJ46: 0 | AN46: 5 | AR46: 6 | BD46: 8 | BL46: 8 | BP46: 7 | BT46: 8 | CB46: 6 | CF46: 8 | CN46: 4 | CV46: 7 | CW46: 10 | CX46: =VLOOKUP(B46,'CIA MARKS'!C43:DN111,116,FALSE) -> 35 | CY46: =VLOOKUP(B46,'CIA MARKS'!C43:DO111,117,FALSE) -> 27 | CZ46: =VLOOKUP(B46,'CIA MARKS'!C43:DP111,118,FALSE) -> 33 | DA46: ='CIA MARKS'!EJ43 -> 42 | DB46: =DC46/2 -> 31 | DC46: 62 | DD46: A | DF46: =IF(D$7="YES",'CIA MARKS'!DX43,"") | DG46: =IF(D$8="YES",'CIA MARKS'!EH43,"") | DH46: =IF(D$9="YES",'CIA MARKS'!EJ43,"") -> 42 | DI46: 31 | DR46: =SUM(DP46:DQ46) -> 0
A47: 31 | B47: 1DS23AI032 | C47: KARTHIK B | H47: 6 | P47: 4 | T47: 9 | AB47: 6 | BP47: 5 | BT47: 8 | CB47: 3 | CF47: 10 | CR47: 7 | CV47: 7 | CW47: 10 | CX47: =VLOOKUP(B47,'CIA MARKS'!C44:DN112,116,FALSE) -> 25 | CY47: =VLOOKUP(B47,'CIA MARKS'!C44:DO112,117,FALSE) -> 0 | CZ47: =VLOOKUP(B47,'CIA MARKS'!C44:DP112,118,FALSE) -> 33 | DA47: ='CIA MARKS'!EJ44 -> 32 | DB47: =DC47/2 -> 25.5 | DC47: 51 | DD47: B | DF47: =IF(D$7="YES",'CIA MARKS'!DX44,"") | DG47: =IF(D$8="YES",'CIA MARKS'!EH44,"") | DH47: =IF(D$9="YES",'CIA MARKS'!EJ44,"") -> 32 | DI47: 25.5 | DR47: =SUM(DP47:DQ47) -> 0
A48: 32 | B48: 1DS23AI033 | C48: KARTHIKESH HATHWAR B S | D48: 9 | H48: 6 | L48: 3 | T48: 7 | AF48: 8 | AJ48: 2 | AN48: 10 | AV48: 8 | AZ48: 6 | BH48: 9 | BP48: 8 | BT48: 8 | CB48: 6 | CF48: 8 | CN48: 6 | CV48: 9 | CW48: 10 | CX48: =VLOOKUP(B48,'CIA MARKS'!C45:DN113,116,FALSE) -> 33 | CY48: =VLOOKUP(B48,'CIA MARKS'!C45:DO113,117,FALSE) -> 35 | CZ48: =VLOOKUP(B48,'CIA MARKS'!C45:DP113,118,FALSE) -> 36 | DA48: ='CIA MARKS'!EJ45 -> 43 | DB48: =DC48/2 -> 32 | DC48: 64 | DD48: A | DF48: =IF(D$7="YES",'CIA MARKS'!DX45,"") | DG48: =IF(D$8="YES",'CIA MARKS'!EH45,"") | DH48: =IF(D$9="YES",'CIA MARKS'!EJ45,"") -> 43 | DI48: 32 | DR48: =SUM(DP48:DQ48) -> 0
A49: 33 | B49: 1DS23AI034 | C49: KHUSHBU R HAJARI | D49: 8 | H49: 3 | P49: 7 | T49: 8 | AF49: 3 | AJ49: 3 | AN49: 8 | AV49: 10 | AZ49: 6 | BH49: 10 | BP49: 8 | BT49: 8 | BX49: 4 | CF49: 6 | CR49: 9 | CV49: 8 | CW49: 10 | CX49: =VLOOKUP(B49,'CIA MARKS'!C46:DN114,116,FALSE) -> 29 | CY49: =VLOOKUP(B49,'CIA MARKS'!C46:DO114,117,FALSE) -> 37 | CZ49: =VLOOKUP(B49,'CIA MARKS'!C46:DP114,118,FALSE) -> 35 | DA49: ='CIA MARKS'!EJ46 -> 42 | DB49: =DC49/2 -> 33.5 | DC49: 67 | DD49: A | DF49: =IF(D$7="YES",'CIA MARKS'!DX46,"") | DG49: =IF(D$8="YES",'CIA MARKS'!EH46,"") | DH49: =IF(D$9="YES",'CIA MARKS'!EJ46,"") -> 42 | DI49: 33.5 | DR49: =SUM(DP49:DQ49) -> 0
A50: 34 | B50: 1DS23AI035 | C50: MADHAN KUMAR R | D50: 10 | H50: 10 | P50: 10 | X50: 9 | AB50: 10 | AJ50: 8 | AN50: 8 | AV50: 10 | AZ50: 6 | BL50: 8 | BP50: 10 | BT50: 9 | CB50: 8 | CF50: 10 | CN50: 9 | CV50: 10 | CW50: 10 | CX50: =VLOOKUP(B50,'CIA MARKS'!C47:DN115,116,FALSE) -> 49 | CY50: =VLOOKUP(B50,'CIA MARKS'!C47:DO115,117,FALSE) -> 40 | CZ50: =VLOOKUP(B50,'CIA MARKS'!C47:DP115,118,FALSE) -> 46 | DA50: ='CIA MARKS'!EJ47 -> 48 | DB50: =DC50/2 -> 35 | DC50: 70 | DD50: A+ | DF50: =IF(D$7="YES",'CIA MARKS'!DX47,"") | DG50: =IF(D$8="YES",'CIA MARKS'!EH47,"") | DH50: =IF(D$9="YES",'CIA MARKS'!EJ47,"") -> 48 | DI50: 35 | DR50: =SUM(DP50:DQ50) -> 0
A51: 35 | B51: 1DS23AI036 | C51: MANASA M | D51: 8 | H51: 7 | L51: 7 | T51: 9 | AB51: 9 | AJ51: 2 | AN51: 8 | AV51: 10 | AZ51: 6 | BL51: 10 | BP51: 8 | BT51: 9 | BX51: 9 | CF51: 10 | CN51: 5 | CV51: 9 | CW51: 10 | CX51: =VLOOKUP(B51,'CIA MARKS'!C48:DN116,116,FALSE) -> 40 | CY51: =VLOOKUP(B51,'CIA MARKS'!C48:DO116,117,FALSE) -> 36 | CZ51: =VLOOKUP(B51,'CIA MARKS'!C48:DP116,118,FALSE) -> 41 | DA51: ='CIA MARKS'!EJ48 -> 45 | DB51: =DC51/2 -> 34.5 | DC51: 69 | DD51: A+ | DF51: =IF(D$7="YES",'CIA MARKS'!DX48,"") | DG51: =IF(D$8="YES",'CIA MARKS'!EH48,"") | DH51: =IF(D$9="YES",'CIA MARKS'!EJ48,"") -> 45 | DI51: 34.5 | DR51: =SUM(DP51:DQ51) -> 0
A52: 36 | B52: 1DS23AI037 | C52: MUNAGALA CHANDU | D52: 8 | H52: 8 | L52: 7 | T52: 9 | AF52: 8 | AJ52: 10 | AN52: 10 | AV52: 10 | AZ52: 8 | BH52: 5 | BP52: 6 | BT52: 7 | CB52: 8 | CF52: 8 | CN52: 8 | CV52: 8 | CW52: 10 | CX52: =VLOOKUP(B52,'CIA MARKS'!C49:DN117,116,FALSE) -> 40 | CY52: =VLOOKUP(B52,'CIA MARKS'!C49:DO117,117,FALSE) -> 43 | CZ52: =VLOOKUP(B52,'CIA MARKS'!C49:DP117,118,FALSE) -> 37 | DA52: ='CIA MARKS'!EJ49 -> 44 | DB52: =DC52/2 -> 32.5 | DC52: 65 | DD52: A | DF52: =IF(D$7="YES",'CIA MARKS'!DX49,"") | DG52: =IF(D$8="YES",'CIA MARKS'!EH49,"") | DH52: =IF(D$9="YES",'CIA MARKS'!EJ49,"") -> 44 | DI52: 32.5 | DR52: =SUM(DP52:DQ52) -> 0
A53: 37 | B53: 1DS23AI038 | C53: NEHA P N | D53: 9 | H53: 7 | L53: 9 | X53: 9 | AF53: 8 | AJ53: 7 | AN53: 6 | AV53: 9 | BD53: 6 | BH53: 6 | BP53: 8 | BT53: 9 | CB53: 8 | CF53: 8 | CR53: 10 | CV53: 8 | CW53: 10 | CX53: =VLOOKUP(B53,'CIA MARKS'!C50:DN118,116,FALSE) -> 42 | CY53: =VLOOKUP(B53,'CIA MARKS'!C50:DO118,117,FALSE) -> 34 | CZ53: =VLOOKUP(B53,'CIA MARKS'!C50:DP118,118,FALSE) -> 43 | DA53: ='CIA MARKS'!EJ50 -> 45 | DB53: =DC53/2 -> 40 | DC53: 80 | DD53: A+ | DF53: =IF(D$7="YES",'CIA MARKS'!DX50,"") | DG53: =IF(D$8="YES",'CIA MARKS'!EH50,"") | DH53: =IF(D$9="YES",'CIA MARKS'!EJ50,"") -> 45 | DI53: 40 | DR53: =SUM(DP53:DQ53) -> 0
A54: 38 | B54: 1DS23AI039 | C54: NENAD MATADA | D54: 4 | H54: 7 | L54: 4 | T54: 8 | AF54: 3 | AJ54: 6 | AN54: 6 | AR54: 8 | BD54: 6 | BH54: 8 | BP54: 8 | BT54: 6 | CB54: 7 | CF54: 8 | CR54: 8 | CV54: 8 | CW54: 10 | CX54: =VLOOKUP(B54,'CIA MARKS'!C51:DN119,116,FALSE) -> 26 | CY54: =VLOOKUP(B54,'CIA MARKS'!C51:DO119,117,FALSE) -> 34 | CZ54: =VLOOKUP(B54,'CIA MARKS'!C51:DP119,118,FALSE) -> 37 | DA54: ='CIA MARKS'!EJ51 -> 39 | DB54: =DC54/2 -> 29.5 | DC54: 59 | DD54: B+ | DF54: =IF(D$7="YES",'CIA MARKS'!DX51,"") | DG54: =IF(D$8="YES",'CIA MARKS'!EH51,"") | DH54: =IF(D$9="YES",'CIA MARKS'!EJ51,"") -> 39 | DI54: 29.5 | DR54: =SUM(DP54:DQ54) -> 0
A55: 39 | B55: 1DS23AI040 | C55: NIHARIKA G | D55: 8 | H55: 4 | L55: 4 | T55: 0 | AF55: 3 | AJ55: 8 | AN55: 5 | AV55: 6 | BD55: 0 | BT55: 10 | CF55: 7 | CN55: 3 | CV55: 7 | CW55: 10 | CX55: =VLOOKUP(B55,'CIA MARKS'!C52:DN120,116,FALSE) -> 19 | CY55: =VLOOKUP(B55,'CIA MARKS'!C52:DO120,117,FALSE) -> 19 | CZ55: =VLOOKUP(B55,'CIA MARKS'!C52:DP120,118,FALSE) -> 20 | DA55: ='CIA MARKS'!EJ52 -> 32 | DB55: =DC55/2 -> 16.5 | DC55: 33 | DD55: F | DF55: =IF(D$7="YES",'CIA MARKS'!DX52,"") | DG55: =IF(D$8="YES",'CIA MARKS'!EH52,"") | DH55: =IF(D$9="YES",'CIA MARKS'!EJ52,"") -> 32 | DI55: 16.5 | DR55: =SUM(DP55:DQ55) -> 0
A56: 40 | B56: 1DS23AI041 | C56: NISHA S | D56: 10 | H56: 5 | L56: 7 | X56: 8 | AF56: 8 | AJ56: 6 | AN56: 8 | AV56: 10 | AZ56: 5 | BH56: 10 | BP56: 9 | BT56: 9 | BX56: 9 | CF56: 8 | CN56: 8 | CV56: 8 | CW56: 10 | CX56: =VLOOKUP(B56,'CIA MARKS'!C53:DN121,116,FALSE) -> 38 | CY56: =VLOOKUP(B56,'CIA MARKS'!C53:DO121,117,FALSE) -> 39 | CZ56: =VLOOKUP(B56,'CIA MARKS'!C53:DP121,118,FALSE) -> 43 | DA56: ='CIA MARKS'!EJ53 -> 45 | DB56: =DC56/2 -> 34.5 | DC56: 69 | DD56: A+ | DF56: =IF(D$7="YES",'CIA MARKS'!DX53,"") | DG56: =IF(D$8="YES",'CIA MARKS'!EH53,"") | DH56: =IF(D$9="YES",'CIA MARKS'!EJ53,"") -> 45 | DI56: 34.5 | DR56: =SUM(DP56:DQ56) -> 0
A57: 41 | B57: 1DS23AI042 | C57: PONUGOTI SAI GANESH | D57: 7 | H57: 5 | L57: 6 | X57: 6 | AF57: 3 | AJ57: 2 | AN57: 8 | AV57: 10 | AZ57: 8 | BH57: 9 | BP57: 8 | BT57: 6 | BX57: 6 | CF57: 5 | CN57: 4 | CV57: 7 | CW57: 10 | CX57: =VLOOKUP(B57,'CIA MARKS'!C54:DN122,116,FALSE) -> 27 | CY57: =VLOOKUP(B57,'CIA MARKS'!C54:DO122,117,FALSE) -> 37 | CZ57: =VLOOKUP(B57,'CIA MARKS'!C54:DP122,118,FALSE) -> 29 | DA57: ='CIA MARKS'!EJ54 -> 40 | DB57: =DC57/2 -> 38.5 | DC57: 77 | DD57: A | DF57: =IF(D$7="YES",'CIA MARKS'!DX54,"") | DG57: =IF(D$8="YES",'CIA MARKS'!EH54,"") | DH57: =IF(D$9="YES",'CIA MARKS'!EJ54,"") -> 40 | DI57: 38.5 | DR57: =SUM(DP57:DQ57) -> 0
A58: 42 | B58: 1DS23AI043 | C58: PRAJWAL L | D58: 8 | H58: 4 | L58: 3 | X58: 8 | AB58: 0 | AJ58: 2 | AN58: 4 | AV58: 8 | BD58: 4 | BH58: 6 | BP58: 6 | BT58: 5 | BX58: 5 | CJ58: 7 | CR58: 7 | CV58: 7 | CW58: 10 | CX58: =VLOOKUP(B58,'CIA MARKS'!C55:DN123,116,FALSE) -> 23 | CY58: =VLOOKUP(B58,'CIA MARKS'!C55:DO123,117,FALSE) -> 24 | CZ58: =VLOOKUP(B58,'CIA MARKS'!C55:DP123,118,FALSE) -> 30 | DA58: ='CIA MARKS'!EJ55 -> 35 | DB58: =DC58/2 -> 38.5 | DC58: 77 | DD58: A | DF58: =IF(D$7="YES",'CIA MARKS'!DX55,"") | DG58: =IF(D$8="YES",'CIA MARKS'!EH55,"") | DH58: =IF(D$9="YES",'CIA MARKS'!EJ55,"") -> 35 | DI58: 38.5 | DR58: =SUM(DP58:DQ58) -> 0
A59: 43 | B59: 1DS23AI044 | C59: PRATHIK B | D59: 7 | X59: 4 | AN59: 6 | AV59: 4 | BH59: 5 | BP59: 10 | BT59: 10 | BX59: 9 | CF59: 10 | CV59: 7 | CW59: 10 | CX59: =VLOOKUP(B59,'CIA MARKS'!C56:DN124,116,FALSE) -> 11 | CY59: =VLOOKUP(B59,'CIA MARKS'!C56:DO124,117,FALSE) -> 15 | CZ59: =VLOOKUP(B59,'CIA MARKS'!C56:DP124,118,FALSE) -> 39 | DA59: ='CIA MARKS'!EJ56 -> 34 | DB59: =DC59/2 -> 33.5 | DC59: 67 | DD59: B+ | DF59: =IF(D$7="YES",'CIA MARKS'!DX56,"") | DG59: =IF(D$8="YES",'CIA MARKS'!EH56,"") | DH59: =IF(D$9="YES",'CIA MARKS'!EJ56,"") -> 34 | DI59: 33.5 | DR59: =SUM(DP59:DQ59) -> 0
A60: 44 | B60: 1DS23AI045 | C60: RITVIK K | D60: 9 | H60: 9 | P60: 10 | X60: 9 | AB60: 10 | AJ60: 4 | AN60: 2 | AV60: 10 | AZ60: 6 | BH60: 10 | BP60: 9 | BT60: 10 | BX60: 10 | CF60: 10 | CN60: 10 | CV60: 10 | CW60: 10 | CX60: =VLOOKUP(B60,'CIA MARKS'!C57:DN125,116,FALSE) -> 47 | CY60: =VLOOKUP(B60,'CIA MARKS'!C57:DO125,117,FALSE) -> 32 | CZ60: =VLOOKUP(B60,'CIA MARKS'!C57:DP125,118,FALSE) -> 49 | DA60: ='CIA MARKS'!EJ57 -> 47 | DB60: =DC60/2 -> 41 | DC60: 82 | DD60: A+ | DF60: =IF(D$7="YES",'CIA MARKS'!DX57,"") | DG60: =IF(D$8="YES",'CIA MARKS'!EH57,"") | DH60: =IF(D$9="YES",'CIA MARKS'!EJ57,"") -> 47 | DI60: 41 | DR60: =SUM(DP60:DQ60) -> 0
A61: 45 | B61: 1DS23AI046 | C61: SAI KRISHNA | D61: 7 | H61: 2 | L61: 1 | X61: 9 | AF61: 2 | AJ61: 4 | AR61: 4 | AV61: 8 | AZ61: 4 | BH61: 8 | BP61: 8 | BT61: 8 | BX61: 8 | CF61: 8 | CN61: 8 | CV61: 7 | CW61: 10 | CX61: =VLOOKUP(B61,'CIA MARKS'!C58:DN126,116,FALSE) -> 21 | CY61: =VLOOKUP(B61,'CIA MARKS'!C58:DO126,117,FALSE) -> 24 | CZ61: =VLOOKUP(B61,'CIA MARKS'!C58:DP126,118,FALSE) -> 40 | DA61: ='CIA MARKS'!EJ58 -> 38 | DB61: =DC61/2 -> 31 | DC61: 62 | DD61: A | DF61: =IF(D$7="YES",'CIA MARKS'!DX58,"") | DG61: =IF(D$8="YES",'CIA MARKS'!EH58,"") | DH61: =IF(D$9="YES",'CIA MARKS'!EJ58,"") -> 38 | DI61: 31 | DR61: =SUM(DP61:DQ61) -> 0
A62: 46 | B62: 1DS23AI047 | C62: SAINANDAN G A | D62: 10 | H62: 6 | P62: 9 | X62: 9 | AF62: 10 | AJ62: 9 | AN62: 8 | AV62: 10 | BD62: 0 | BH62: 10 | BP62: 9 | BT62: 9 | BX62: 9 | CF62: 9 | CN62: 8 | CV62: 6 | CW62: 10 | CX62: =VLOOKUP(B62,'CIA MARKS'!C59:DN127,116,FALSE) -> 44 | CY62: =VLOOKUP(B62,'CIA MARKS'!C59:DO127,117,FALSE) -> 37 | CZ62: =VLOOKUP(B62,'CIA MARKS'!C59:DP127,118,FALSE) -> 44 | DA62: ='CIA MARKS'!EJ59 -> 44 | DB62: =DC62/2 -> 39 | DC62: 78 | DD62: A+ | DF62: =IF(D$7="YES",'CIA MARKS'!DX59,"") | DG62: =IF(D$8="YES",'CIA MARKS'!EH59,"") | DH62: =IF(D$9="YES",'CIA MARKS'!EJ59,"") -> 44 | DI62: 39 | DR62: =SUM(DP62:DQ62) -> 0
A63: 47 | B63: 1DS23AI048 | C63: SARANSH NEEMA | D63: 8 | H63: 8 | L63: 7 | X63: 8 | AF63: 8 | AJ63: 9 | AN63: 8 | AV63: 9 | BD63: 4 | BL63: 9 | BP63: 8 | BT63: 8 | BX63: 8 | CF63: 8 | CR63: 3 | CV63: 6 | CW63: 10 | CX63: =VLOOKUP(B63,'CIA MARKS'!C60:DN128,116,FALSE) -> 39 | CY63: =VLOOKUP(B63,'CIA MARKS'!C60:DO128,117,FALSE) -> 39 | CZ63: =VLOOKUP(B63,'CIA MARKS'!C60:DP128,118,FALSE) -> 35 | DA63: ='CIA MARKS'!EJ60 -> 43 | DB63: =DC63/2 -> 37 | DC63: 74 | DD63: A+ | DF63: =IF(D$7="YES",'CIA MARKS'!DX60,"") | DG63: =IF(D$8="YES",'CIA MARKS'!EH60,"") | DH63: =IF(D$9="YES",'CIA MARKS'!EJ60,"") -> 43 | DI63: 37 | DR63: =SUM(DP63:DQ63) -> 0
A64: 48 | B64: 1DS23AI049 | C64: SATHVIK R SAMANTH | D64: 5 | P64: 6 | T64: 5 | AN64: 6 | AV64: 5 | BD64: 0 | BH64: 0 | BP64: 6 | BT64: 8 | BX64: 4 | CF64: 6 | CR64: 5 | CV64: 8 | CW64: 10 | CX64: =VLOOKUP(B64,'CIA MARKS'!C61:DN129,116,FALSE) -> 16 | CY64: =VLOOKUP(B64,'CIA MARKS'!C61:DO129,117,FALSE) -> 11 | CZ64: =VLOOKUP(B64,'CIA MARKS'!C61:DP129,118,FALSE) -> 29 | DA64: ='CIA MARKS'!EJ61 -> 33 | DB64: =DC64/2 -> 32.5 | DC64: 65 | DD64: B+ | DF64: =IF(D$7="YES",'CIA MARKS'!DX61,"") | DG64: =IF(D$8="YES",'CIA MARKS'!EH61,"") | DH64: =IF(D$9="YES",'CIA MARKS'!EJ61,"") -> 33 | DI64: 32.5 | DR64: =SUM(DP64:DQ64) -> 0
A65: 49 | B65: 1DS23AI050 | C65: SATHWIK KUMAR SHETTY | D65: 9 | H65: 10 | P65: 9 | T65: 10 | AB65: 8 | AJ65: 10 | AN65: 10 | AV65: 10 | AZ65: 8 | BL65: 10 | BP65: 10 | BT65: 10 | BX65: 9 | CF65: 10 | CN65: 10 | CV65: 9 | CW65: 10 | CX65: =VLOOKUP(B65,'CIA MARKS'!C62:DN130,116,FALSE) -> 46 | CY65: =VLOOKUP(B65,'CIA MARKS'!C62:DO130,117,FALSE) -> 48 | CZ65: =VLOOKUP(B65,'CIA MARKS'!C62:DP130,118,FALSE) -> 49 | DA65: ='CIA MARKS'!EJ62 -> 49 | DB65: =DC65/2 -> 37.5 | DC65: 75 | DD65: A+ | DF65: =IF(D$7="YES",'CIA MARKS'!DX62,"") | DG65: =IF(D$8="YES",'CIA MARKS'!EH62,"") | DH65: =IF(D$9="YES",'CIA MARKS'!EJ62,"") -> 49 | DI65: 37.5 | DR65: =SUM(DP65:DQ65) -> 0
A66: 50 | B66: 1DS23AI051 | C66: SHAIK ABDULLAH | D66: 8 | H66: 5 | L66: 2 | X66: 9 | AF66: 3 | AJ66: 0 | AN66: 8 | AV66: 8 | AZ66: 6 | BH66: 10 | BP66: 10 | BT66: 7 | BX66: 9 | CJ66: 9 | CN66: 8 | CV66: 6 | CW66: 10 | CX66: =VLOOKUP(B66,'CIA MARKS'!C63:DN131,116,FALSE) -> 27 | CY66: =VLOOKUP(B66,'CIA MARKS'!C63:DO131,117,FALSE) -> 32 | CZ66: =VLOOKUP(B66,'CIA MARKS'!C63:DP131,118,FALSE) -> 43 | DA66: ='CIA MARKS'!EJ63 -> 39 | DB66: =DC66/2 -> 34.5 | DC66: 69 | DD66: A | DF66: =IF(D$7="YES",'CIA MARKS'!DX63,"") | DG66: =IF(D$8="YES",'CIA MARKS'!EH63,"") | DH66: =IF(D$9="YES",'CIA MARKS'!EJ63,"") -> 39 | DI66: 34.5 | DR66: =SUM(DP66:DQ66) -> 0
A67: 51 | B67: 1DS23AI052 | C67: SHETTY SAURABH SHRIKANT | D67: 9 | H67: 8 | P67: 2 | T67: 8 | AJ67: 0 | AN67: 4 | AV67: 0 | BH67: 2 | BP67: 8 | BT67: 10 | BX67: 8 | CF67: 8 | CN67: 8 | CV67: 9 | CW67: 10 | CX67: =VLOOKUP(B67,'CIA MARKS'!C64:DN132,116,FALSE) -> 27 | CY67: =VLOOKUP(B67,'CIA MARKS'!C64:DO132,117,FALSE) -> 6 | CZ67: =VLOOKUP(B67,'CIA MARKS'!C64:DP132,118,FALSE) -> 42 | DA67: ='CIA MARKS'!EJ64 -> 34 | DB67: =DC67/2 -> 35.5 | DC67: 71 | DD67: A | DF67: =IF(D$7="YES",'CIA MARKS'!DX64,"") | DG67: =IF(D$8="YES",'CIA MARKS'!EH64,"") | DH67: =IF(D$9="YES",'CIA MARKS'!EJ64,"") -> 34 | DI67: 35.5 | DR67: =SUM(DP67:DQ67) -> 0
A68: 52 | B68: 1DS23AI053 | C68: SHIV NARAYAN S P | D68: 6 | L68: 3 | X68: 9 | AF68: 3 | AJ68: 6 | AN68: 5 | AR68: 8 | AZ68: 2 | BH68: 6 | BP68: 8 | BT68: 6 | BX68: 8 | CF68: 9 | CR68: 5 | CV68: 8 | CW68: 10 | CX68: =VLOOKUP(B68,'CIA MARKS'!C65:DN133,116,FALSE) -> 21 | CY68: =VLOOKUP(B68,'CIA MARKS'!C65:DO133,117,FALSE) -> 27 | CZ68: =VLOOKUP(B68,'CIA MARKS'!C65:DP133,118,FALSE) -> 36 | DA68: ='CIA MARKS'!EJ65 -> 36 | DB68: =DC68/2 -> 40.5 | DC68: 81 | DD68: A | DF68: =IF(D$7="YES",'CIA MARKS'!DX65,"") | DG68: =IF(D$8="YES",'CIA MARKS'!EH65,"") | DH68: =IF(D$9="YES",'CIA MARKS'!EJ65,"") -> 36 | DI68: 40.5 | DR68: =SUM(DP68:DQ68) -> 0
A69: 53 | B69: 1DS23AI054 | C69: SHRADDHA J A | D69: 8 | H69: 0 | L69: 5 | X69: 9 | AB69: 0 | AJ69: 2 | AN69: 3 | AR69: 2 | AZ69: 0 | BH69: 6 | BP69: 6 | BT69: 10 | BX69: 10 | CF69: 8 | CR69: 8 | CV69: 8 | CW69: 10 | CX69: =VLOOKUP(B69,'CIA MARKS'!C66:DN134,116,FALSE) -> 22 | CY69: =VLOOKUP(B69,'CIA MARKS'!C66:DO134,117,FALSE) -> 13 | CZ69: =VLOOKUP(B69,'CIA MARKS'!C66:DP134,118,FALSE) -> 42 | DA69: ='CIA MARKS'!EJ66 -> 34 | DB69: =DC69/2 -> 32.5 | DC69: 65 | DD69: B+ | DF69: =IF(D$7="YES",'CIA MARKS'!DX66,"") | DG69: =IF(D$8="YES",'CIA MARKS'!EH66,"") | DH69: =IF(D$9="YES",'CIA MARKS'!EJ66,"") -> 34 | DI69: 32.5 | DR69: =SUM(DP69:DQ69) -> 0
A70: 54 | B70: 1DS23AI055 | C70: SHREYA VIJAY KRISHNAN | D70: 8 | H70: 8 | L70: 9 | T70: 8 | AB70: 9 | AJ70: 6 | AN70: 8 | AV70: 9 | BD70: 8 | BL70: 9 | BP70: 8 | BT70: 6 | CB70: 10 | CF70: 8 | CN70: 8 | CV70: 9 | CW70: 10 | CX70: =VLOOKUP(B70,'CIA MARKS'!C67:DN135,116,FALSE) -> 42 | CY70: =VLOOKUP(B70,'CIA MARKS'!C67:DO135,117,FALSE) -> 40 | CZ70: =VLOOKUP(B70,'CIA MARKS'!C67:DP135,118,FALSE) -> 40 | DA70: ='CIA MARKS'!EJ67 -> 46 | DB70: =DC70/2 -> 39 | DC70: 78 | DD70: A+ | DF70: =IF(D$7="YES",'CIA MARKS'!DX67,"") | DG70: =IF(D$8="YES",'CIA MARKS'!EH67,"") | DH70: =IF(D$9="YES",'CIA MARKS'!EJ67,"") -> 46 | DI70: 39 | DR70: =SUM(DP70:DQ70) -> 0
A71: 55 | B71: 1DS23AI056 | C71: SHREYANSH PATHAK | D71: 6 | H71: 5 | L71: 5 | X71: 4 | AF71: 9 | AJ71: 2 | AN71: 4 | AV71: 6 | BD71: 2 | BH71: 6 | BP71: 6 | BT71: 5 | BX71: 8 | CF71: 9 | CN71: 9 | CV71: 7 | CW71: 10 | CX71: =VLOOKUP(B71,'CIA MARKS'!C68:DN136,116,FALSE) -> 29 | CY71: =VLOOKUP(B71,'CIA MARKS'!C68:DO136,117,FALSE) -> 20 | CZ71: =VLOOKUP(B71,'CIA MARKS'!C68:DP136,118,FALSE) -> 37 | DA71: ='CIA MARKS'!EJ68 -> 40 | DB71: =DC71/2 -> 35 | DC71: 70 | DD71: A | DF71: =IF(D$7="YES",'CIA MARKS'!DX68,"") | DG71: =IF(D$8="YES",'CIA MARKS'!EH68,"") | DH71: =IF(D$9="YES",'CIA MARKS'!EJ68,"") -> 40 | DI71: 35 | DR71: =SUM(DP71:DQ71) -> 0
A72: 56 | B72: 1DS23AI057 | C72: SHREYAS KULKARNI | D72: 10 | H72: 6 | L72: 6 | T72: 9 | AF72: 10 | AJ72: 8 | AN72: 10 | AV72: 8 | AZ72: 6 | BL72: 10 | BP72: 10 | BT72: 6 | CB72: 8 | CF72: 9 | CR72: 8 | CV72: 9 | CW72: 10 | CX72: =VLOOKUP(B72,'CIA MARKS'!C69:DN137,116,FALSE) -> 41 | CY72: =VLOOKUP(B72,'CIA MARKS'!C69:DO137,117,FALSE) -> 42 | CZ72: =VLOOKUP(B72,'CIA MARKS'!C69:DP137,118,FALSE) -> 41 | DA72: ='CIA MARKS'!EJ69 -> 46 | DB72: =DC72/2 -> 33.5 | DC72: 67 | DD72: A+ | DF72: =IF(D$7="YES",'CIA MARKS'!DX69,"") | DG72: =IF(D$8="YES",'CIA MARKS'!EH69,"") | DH72: =IF(D$9="YES",'CIA MARKS'!EJ69,"") -> 46 | DI72: 33.5 | DR72: =SUM(DP72:DQ72) -> 0
A73: 57 | B73: 1DS23AI058 | C73: SURAJ T | D73: 4 | H73: 3 | P73: 3 | X73: 6 | AF73: 4 | AJ73: 3 | AN73: 1 | AR73: 0 | AZ73: 0 | BH73: 4 | BP73: 6 | BT73: 4 | BX73: 4 | CF73: 6 | CV73: 7 | CW73: 10 | CX73: =VLOOKUP(B73,'CIA MARKS'!C70:DN138,116,FALSE) -> 20 | CY73: =VLOOKUP(B73,'CIA MARKS'!C70:DO138,117,FALSE) -> 8 | CZ73: =VLOOKUP(B73,'CIA MARKS'!C70:DP138,118,FALSE) -> 20 | DA73: ='CIA MARKS'!EJ70 -> 29 | DB73: =DC73/2 -> 15 | DC73: 30 | DD73: F | DF73: =IF(D$7="YES",'CIA MARKS'!DX70,"") | DG73: =IF(D$8="YES",'CIA MARKS'!EH70,"") | DH73: =IF(D$9="YES",'CIA MARKS'!EJ70,"") -> 29 | DI73: 15 | DR73: =SUM(DP73:DQ73) -> 0
A74: 58 | B74: 1DS23AI059 | C74: TALLAM SAI SAKETH | D74: 8 | H74: 5 | L74: 5 | X74: 8 | AF74: 9 | AJ74: 6 | AN74: 8 | AV74: 10 | BD74: 3 | BL74: 9 | BP74: 9 | BT74: 6 | BX74: 9 | CJ74: 9 | CN74: 10 | CV74: 7 | CW74: 10 | CX74: =VLOOKUP(B74,'CIA MARKS'!C71:DN139,116,FALSE) -> 35 | CY74: =VLOOKUP(B74,'CIA MARKS'!C71:DO139,117,FALSE) -> 36 | CZ74: =VLOOKUP(B74,'CIA MARKS'!C71:DP139,118,FALSE) -> 43 | DA74: ='CIA MARKS'!EJ71 -> 42 | DB74: =DC74/2 -> 41 | DC74: 82 | DD74: A+ | DF74: =IF(D$7="YES",'CIA MARKS'!DX71,"") | DG74: =IF(D$8="YES",'CIA MARKS'!EH71,"") | DH74: =IF(D$9="YES",'CIA MARKS'!EJ71,"") -> 42 | DI74: 41 | DR74: =SUM(DP74:DQ74) -> 0
A75: 59 | B75: 1DS23AI060 | C75: TANVI VIVEK THAKRE | D75: 8 | H75: 6 | P75: 5 | T75: 8 | AF75: 8 | AJ75: 2 | AN75: 7 | AV75: 9 | AZ75: 8 | BL75: 8 | BP75: 9 | BT75: 7 | CB75: 8 | CF75: 8 | CN75: 7 | CV75: 8 | CW75: 10 | CX75: =VLOOKUP(B75,'CIA MARKS'!C72:DN140,116,FALSE) -> 35 | CY75: =VLOOKUP(B75,'CIA MARKS'!C72:DO140,117,FALSE) -> 34 | CZ75: =VLOOKUP(B75,'CIA MARKS'!C72:DP140,118,FALSE) -> 39 | DA75: ='CIA MARKS'!EJ72 -> 43 | DB75: =DC75/2 -> 34 | DC75: 68 | DD75: A | DF75: =IF(D$7="YES",'CIA MARKS'!DX72,"") | DG75: =IF(D$8="YES",'CIA MARKS'!EH72,"") | DH75: =IF(D$9="YES",'CIA MARKS'!EJ72,"") -> 43 | DI75: 34 | DR75: =SUM(DP75:DQ75) -> 0
A76: 60 | B76: 1DS23AI061 | C76: UMME RUMANA | D76: 8 | H76: 6 | L76: 6 | X76: 7 | AF76: 3 | AJ76: 10 | AN76: 8 | AV76: 8 | BD76: 3 | BH76: 2 | BP76: 10 | BT76: 9 | CB76: 10 | CF76: 9 | CR76: 8 | CV76: 6 | CW76: 10 | CX76: =VLOOKUP(B76,'CIA MARKS'!C73:DN141,116,FALSE) -> 30 | CY76: =VLOOKUP(B76,'CIA MARKS'!C73:DO141,117,FALSE) -> 31 | CZ76: =VLOOKUP(B76,'CIA MARKS'!C73:DP141,118,FALSE) -> 46 | DA76: ='CIA MARKS'!EJ73 -> 41 | DB76: =DC76/2 -> 36 | DC76: 72 | DD76: A | DF76: =IF(D$7="YES",'CIA MARKS'!DX73,"") | DG76: =IF(D$8="YES",'CIA MARKS'!EH73,"") | DH76: =IF(D$9="YES",'CIA MARKS'!EJ73,"") -> 41 | DI76: 36 | DR76: =SUM(DP76:DQ76) -> 0
A77: 61 | B77: 1DS23AI062 | C77: USMANAGANI DAVALASAB ATTAR | D77: 6 | H77: 8 | P77: 6 | T77: 6 | AB77: 6 | AN77: 6 | AV77: 10 | BD77: 2 | BH77: 8 | BP77: 8 | BT77: 7 | BX77: 8 | CF77: 8 | CN77: 7 | CV77: 6 | CW77: 10 | CX77: =VLOOKUP(B77,'CIA MARKS'!C74:DN142,116,FALSE) -> 32 | CY77: =VLOOKUP(B77,'CIA MARKS'!C74:DO142,117,FALSE) -> 26 | CZ77: =VLOOKUP(B77,'CIA MARKS'!C74:DP142,118,FALSE) -> 38 | DA77: ='CIA MARKS'!EJ74 -> 36 | DB77: =DC77/2 -> 25.5 | DC77: 51 | DD77: B+ | DF77: =IF(D$7="YES",'CIA MARKS'!DX74,"") | DG77: =IF(D$8="YES",'CIA MARKS'!EH74,"") | DH77: =IF(D$9="YES",'CIA MARKS'!EJ74,"") -> 36 | DI77: 25.5 | DR77: =SUM(DP77:DQ77) -> 0
A78: 62 | B78: 1DS23AI063 | C78: VISHUNU RAJAGOPALAN | D78: 9 | H78: 8 | L78: 2 | T78: 9 | AF78: 5 | AJ78: 2 | AN78: 2 | AR78: 2 | BD78: 2 | BL78: 2 | BP78: 8 | BT78: 3 | CB78: 5 | CF78: 8 | CR78: 5 | CV78: 3 | CW78: 10 | CX78: =VLOOKUP(B78,'CIA MARKS'!C75:DN143,116,FALSE) -> 33 | CY78: =VLOOKUP(B78,'CIA MARKS'!C75:DO143,117,FALSE) -> 10 | CZ78: =VLOOKUP(B78,'CIA MARKS'!C75:DP143,118,FALSE) -> 29 | DA78: ='CIA MARKS'!EJ75 -> 30 | DB78: =DC78/2 -> 26 | DC78: 52 | DD78: B | DF78: =IF(D$7="YES",'CIA MARKS'!DX75,"") | DG78: =IF(D$8="YES",'CIA MARKS'!EH75,"") | DH78: =IF(D$9="YES",'CIA MARKS'!EJ75,"") -> 30 | DI78: 26 | DR78: =SUM(DP78:DQ78) -> 0
A79: 63 | B79: 1DS24AI401 | C79: KEERTHI T NAIK | D79: 7 | H79: 4 | T79: 9 | AJ79: 0 | AN79: 0 | AR79: 0 | AZ79: 0 | BH79: 8 | BP79: 8 | BT79: 8 | BX79: 9 | CF79: 4 | CR79: 2 | CV79: 7 | CW79: 10 | CX79: =VLOOKUP(B79,'CIA MARKS'!C76:DN144,116,FALSE) -> 20 | CY79: =VLOOKUP(B79,'CIA MARKS'!C76:DO144,117,FALSE) -> 8 | CZ79: =VLOOKUP(B79,'CIA MARKS'!C76:DP144,118,FALSE) -> 31 | DA79: ='CIA MARKS'!EJ76 -> 36 | DB79: =DC79/2 -> 26 | DC79: 52 | DD79: B+ | DF79: =IF(D$7="YES",'CIA MARKS'!DX76,"") | DG79: =IF(D$8="YES",'CIA MARKS'!EH76,"") | DH79: =IF(D$9="YES",'CIA MARKS'!EJ76,"") -> 36 | DI79: 26 | DR79: =SUM(DP79:DQ79) -> 0
A80: 64 | B80: 1DS24AI402 | C80: MANJUNATH | D80: 9 | H80: 7 | L80: 2 | T80: 9 | AB80: 8 | AJ80: 4 | AN80: 8 | AV80: 8 | BD80: 0 | BH80: 10 | BP80: 10 | BT80: 10 | BX80: 10 | CF80: 10 | CN80: 10 | CV80: 7 | CW80: 10 | CX80: =VLOOKUP(B80,'CIA MARKS'!C77:DN145,116,FALSE) -> 35 | CY80: =VLOOKUP(B80,'CIA MARKS'!C77:DO145,117,FALSE) -> 30 | CZ80: =VLOOKUP(B80,'CIA MARKS'!C77:DP145,118,FALSE) -> 50 | DA80: ='CIA MARKS'!EJ77 -> 44 | DB80: =DC80/2 -> 41.5 | DC80: 83 | DD80: A+ | DF80: =IF(D$7="YES",'CIA MARKS'!DX77,"") | DG80: =IF(D$8="YES",'CIA MARKS'!EH77,"") | DH80: =IF(D$9="YES",'CIA MARKS'!EJ77,"") -> 44 | DI80: 41.5 | DR80: =SUM(DP80:DQ80) -> 0
A81: 65 | B81: 1DS24AI403 | C81: NANDAKISHOR C | D81: 6 | H81: 4 | L81: 2 | T81: 5 | AF81: 0 | AJ81: 0 | AN81: 3 | AV81: 6 | BH81: 3 | BP81: 9 | BT81: 8 | BX81: 9 | CF81: 10 | CN81: 5 | CV81: 6 | CW81: 10 | CX81: =VLOOKUP(B81,'CIA MARKS'!C78:DN146,116,FALSE) -> 17 | CY81: =VLOOKUP(B81,'CIA MARKS'!C78:DO146,117,FALSE) -> 12 | CZ81: =VLOOKUP(B81,'CIA MARKS'!C78:DP146,118,FALSE) -> 41 | DA81: ='CIA MARKS'!EJ78 -> 36 | DB81: =DC81/2 -> 23 | DC81: 46 | DD81: B | DF81: =IF(D$7="YES",'CIA MARKS'!DX78,"") | DG81: =IF(D$8="YES",'CIA MARKS'!EH78,"") | DH81: =IF(D$9="YES",'CIA MARKS'!EJ78,"") -> 36 | DI81: 23 | DR81: =SUM(DP81:DQ81) -> 0
A82: 66 | B82: 1DS24AI404 | C82: P CHARAN | D82: 0 | H82: 2 | L82: 2 | T82: 0 | X82: 4 | AB82: 0 | AJ82: 8 | AN82: 4 | AV82: 4 | BD82: 0 | BH82: 8 | BP82: 8 | BT82: 8 | BX82: 9 | CF82: 5 | CN82: 7 | CV82: 7 | CW82: 10 | CX82: =VLOOKUP(B82,'CIA MARKS'!C79:DN147,116,FALSE) -> 8 | CY82: =VLOOKUP(B82,'CIA MARKS'!C79:DO147,117,FALSE) -> 24 | CZ82: =VLOOKUP(B82,'CIA MARKS'!C79:DP147,118,FALSE) -> 37 | DA82: ='CIA MARKS'!EJ79 -> 34 | DB82: =DC82/2 -> 35 | DC82: 70 | DD82: B+ | DF82: =IF(D$7="YES",'CIA MARKS'!DX79,"") | DG82: =IF(D$8="YES",'CIA MARKS'!EH79,"") | DH82: =IF(D$9="YES",'CIA MARKS'!EJ79,"") -> 34 | DI82: 35 | DR82: =SUM(DP82:DQ82) -> 0
A83: 67 | B83: 1DS24AI405 | C83: SHASHANK S | D83: 3 | H83: 0 | L83: 4 | T83: 8 | AR83: 2 | AZ83: 0 | BH83: 4 | BP83: 9 | BT83: 6 | CB83: 8 | CF83: 4 | CV83: 6 | CW83: 10 | CX83: =VLOOKUP(B83,'CIA MARKS'!C80:DN148,116,FALSE) -> 15 | CY83: =VLOOKUP(B83,'CIA MARKS'!C80:DO148,117,FALSE) -> 6 | CZ83: =VLOOKUP(B83,'CIA MARKS'!C80:DP148,118,FALSE) -> 27 | DA83: 16 | DB83: =DC83/2 -> 22.5 | DC83: 45 | DD83: B+ | DF83: =IF(D$7="YES",'CIA MARKS'!DX80,"") | DG83: =IF(D$8="YES",'CIA MARKS'!EH80,"") | DH83: =IF(D$9="YES",'CIA MARKS'!EJ80,"") -> 30 | DI83: 22.5 | DR83: =SUM(DP83:DQ83) -> 0
A84: 68 | B84: 1DS24AI406 | C84: QALIM INDIKAR | D84: 9 | H84: 6 | L84: 5 | T84: 5 | AB84: 2 | AJ84: 8 | AN84: 4 | AR84: 8 | BD84: 0 | BL84: 8 | BP84: 9 | BX84: 10 | CF84: 10 | CR84: 9 | CV84: 4 | CW84: 10 | CX84: =VLOOKUP(B84,'CIA MARKS'!C81:DN149,116,FALSE) -> 27 | CY84: =VLOOKUP(B84,'CIA MARKS'!C81:DO149,117,FALSE) -> 28 | CZ84: =VLOOKUP(B84,'CIA MARKS'!C81:DP149,118,FALSE) -> 38 | DA84: 20 | DB84: =DC84/2 -> 23.5 | DC84: 47 | DD84: C | DF84: =IF(D$7="YES",'CIA MARKS'!DX81,"") | DG84: =IF(D$8="YES",'CIA MARKS'!EH81,"") | DH84: =IF(D$9="YES",'CIA MARKS'!EJ81,"") -> 37 | DI84: 23.5 | DR84: =SUM(DP84:DQ84) -> 0
CX85: =VLOOKUP(B85,'CIA MARKS'!C82:DN150,116,FALSE) -> #N/A | CY85: =VLOOKUP(B85,'CIA MARKS'!C82:DO150,117,FALSE) -> #N/A | CZ85: =VLOOKUP(B85,'CIA MARKS'!C82:DP150,118,FALSE) -> #N/A | DA85: ='CIA MARKS'!EJ83 -> #N/A | DB85: =DC85/2 -> 0 | DF85: =IF(D$7="YES",'CIA MARKS'!DX82,"") | DG85: =IF(D$8="YES",'CIA MARKS'!EH82,"") | DH85: =IF(D$9="YES",'CIA MARKS'!EJ82,"") -> #N/A | DI85: 0 | DR85: =SUM(DP85:DQ85) -> 0
CX86: =VLOOKUP(B86,'CIA MARKS'!C83:DN151,116,FALSE) -> #N/A | CY86: =VLOOKUP(B86,'CIA MARKS'!C83:DO151,117,FALSE) -> #N/A | CZ86: =VLOOKUP(B86,'CIA MARKS'!C83:DP151,118,FALSE) -> #N/A | DA86: ='CIA MARKS'!EJ84 -> 0 | DB86: =DC86/2 -> 0 | DF86: =IF(D$7="YES",'CIA MARKS'!DX83,"") | DG86: =IF(D$8="YES",'CIA MARKS'!EH83,"") | DH86: =IF(D$9="YES",'CIA MARKS'!EJ83,"") -> #N/A | DI86: 0 | DR86: =SUM(DP86:DQ86) -> 0
C87: A=No. of Students Attempted the Question | D87: =COUNTIFS(D17:D86,"<>AB",D17:D86,"<>NA",D17:D86,"<>") -> 63 | E87: =COUNTIFS(E17:E86,"<>AB",E17:E86,"<>NA",E17:E86,"<>") -> 0 | H87: =COUNTIFS(H17:H86,"<>AB",H17:H86,"<>NA",H17:H86,"<>") -> 61 | I87: =COUNTIFS(I17:I86,"<>AB",I17:I86,"<>NA",I17:I86,"<>") -> 0 | L87: =COUNTIFS(L17:L86,"<>AB",L17:L86,"<>NA",L17:L86,"<>") -> 51 | M87: =COUNTIFS(M17:M86,"<>AB",M17:M86,"<>NA",M17:M86,"<>") -> 0 | P87: =COUNTIFS(P17:P86,"<>AB",P17:P86,"<>NA",P17:P86,"<>") -> 15 | Q87: =COUNTIFS(Q17:Q86,"<>AB",Q17:Q86,"<>NA",Q17:Q86,"<>") -> 0 | T87: =COUNTIFS(T17:T86,"<>AB",T17:T86,"<>NA",T17:T86,"<>") -> 31 | X87: =COUNTIFS(X17:X86,"<>AB",X17:X86,"<>NA",X17:X86,"<>") -> 35 | AB87: =COUNTIFS(AB17:AB86,"<>AB",AB17:AB86,"<>NA",AB17:AB86,"<>") -> 21 | AD87: =COUNTIFS(AD17:AD86,"<>AB",AD17:AD86,"<>NA",AD17:AD86,"<>") -> 0 | AE87: =COUNTIFS(AE17:AE86,"<>AB",AE17:AE86,"<>NA",AE17:AE86,"<>") -> 0 | AF87: =COUNTIFS(AF17:AF86,"<>AB",AF17:AF86,"<>NA",AF17:AF86,"<>") -> 41 | AJ87: =COUNTIFS(AJ17:AJ86,"<>AB",AJ17:AJ86,"<>NA",AJ17:AJ86,"<>") -> 55 | AK87: =COUNTIFS(AK17:AK86,"<>AB",AK17:AK86,"<>NA",AK17:AK86,"<>") -> 0 | AN87: =COUNTIFS(AN17:AN86,"<>AB",AN17:AN86,"<>NA",AN17:AN86,"<>") -> 62 | AO87: =COUNTIFS(AO17:AO86,"<>AB",AO17:AO86,"<>NA",AO17:AO86,"<>") -> 0 | AR87: =COUNTIFS(AR17:AR86,"<>AB",AR17:AR86,"<>NA",AR17:AR86,"<>") -> 17 | AV87: =COUNTIFS(AV17:AV86,"<>AB",AV17:AV86,"<>NA",AV17:AV86,"<>") -> 50 | AZ87: =COUNTIFS(AZ17:AZ86,"<>AB",AZ17:AZ86,"<>NA",AZ17:AZ86,"<>") -> 33 | BD87: =COUNTIFS(BD17:BD86,"<>AB",BD17:BD86,"<>NA",BD17:BD86,"<>") -> 26 | BH87: =COUNTIFS(BH17:BH86,"<>AB",BH17:BH86,"<>NA",BH17:BH86,"<>") -> 43 | BL87: =COUNTIFS(BL17:BL86,"<>AB",BL17:BL86,"<>NA",BL17:BL86,"<>") -> 21 | BP87: =COUNTIFS(BP17:BP86,"<>AB",BP17:BP86,"<>NA",BP17:BP86,"<>") -> 64 | BQ87: =COUNTIFS(BQ17:BQ86,"<>AB",BQ17:BQ86,"<>NA",BQ17:BQ86,"<>") -> 0 | BT87: =COUNTIFS(BT18:BT86,"<>AB",BT18:BT86,"<>NA",BT18:BT86,"<>") -> 64 | BU87: =COUNTIFS(BU17:BU86,"<>AB",BU17:BU86,"<>NA",BU17:BU86,"<>") -> 0 | BX87: =COUNTIFS(BX17:BX86,"<>AB",BX17:BX86,"<>NA",BX17:BX86,"<>") -> 43 | CB87: =COUNTIFS(CB17:CB86,"<>AB",CB17:CB86,"<>NA",CB17:CB86,"<>") -> 24 | CF87: =COUNTIFS(CF17:CF86,"<>AB",CF17:CF86,"<>NA",CF17:CF86,"<>") -> 59 | CJ87: =COUNTIFS(CJ17:CJ86,"<>AB",CJ17:CJ86,"<>NA",CJ17:CJ86,"<>") -> 7 | CN87: =COUNTIFS(CN17:CN86,"<>AB",CN17:CN86,"<>NA",CN17:CN86,"<>") -> 36 | CR87: =COUNTIFS(CR17:CR86,"<>AB",CR17:CR86,"<>NA",CR17:CR86,"<>") -> 25 | CV87: =COUNTIFS(CV17:CV86,"<>AB",CV17:CV86,"<>NA",CV17:CV86,"<>") -> 68 | CW87: =COUNTIFS(CW17:CW86,"<>AB",CW17:CW86,"<>NA",CW17:CW86,"<>") -> 68 | DB87: =COUNTIFS(DB17:DB86,"<>AB",DB17:DB86,"<>NA",DB17:DB86,"<>") -> 70 | DD87: =COUNTIFS(DD17:DD86,"<>AB",DD17:DD86,"<>NA",DD17:DD86,"<>") -> 68
B88: =COUNTIF(B17:B86,"<>"&"") -> 68 | C88: B=Sum of Marks > 60% | D88: =SUMIF(D17:D86,">="&D15,D17:D86) -> 450 | E88: =SUMIF(E17:E86,">="&E15,E17:E86) -> 0 | H88: =SUMIF(H17:H86,">="&H15,H17:H86) -> 233 | I88: =SUMIF(I17:I86,">="&I15,I17:I86) -> 0 | L88: =SUMIF(L17:L86,">="&L15,L17:L86) -> 154 | M88: =SUMIF(M17:M86,">="&M15,M17:M86) -> 0 | P88: =SUMIF(P17:P86,">="&P15,P17:P86) -> 80 | Q88: =SUMIF(Q17:Q86,">="&Q15,Q17:Q86) -> 0 | T88: =SUMIF(T17:T86,">="&T15,T17:T86) -> 188 | X88: =SUMIF(X17:X86,">="&X15,X17:X86) -> 252 | AB88: =SUMIF(AB17:AB86,">="&AB15,AB17:AB86) -> 117 | AD88: =SUMIF(AD17:AD86,">="&AD15,AD17:AD86) -> 0 | AE88: =SUMIF(AE17:AE86,">="&AE15,AE17:AE86) -> 0 | AF88: =SUMIF(AF17:AF86,">="&AF15,AF17:AF86) -> 164 | AJ88: =SUMIF(AJ17:AJ86,">="&AJ15,AJ17:AJ86) -> 220 | AK88: =SUMIF(AK17:AK86,">="&AK15,AK17:AK86) -> 0 | AN88: =SUMIF(AN17:AN86,">="&AN15,AN17:AN86) -> 319 | AO88: =SUMIF(AO17:AO86,">="&AO15,AO17:AO86) -> 0 | AR88: =SUMIF(AR17:AR86,">="&AR15,AR17:AR86) -> 52 | AV88: =SUMIF(AV17:AV86,">="&AV15,AV17:AV86) -> 379 | AZ88: =SUMIF(AZ17:AZ86,">="&AZ15,AZ17:AZ86) -> 144 | BD88: =SUMIF(BD17:BD86,">="&BD15,BD17:BD86) -> 36 | BH88: =SUMIF(BH17:BH86,">="&BH15,BH17:BH86) -> 211 | BL88: =SUMIF(BL17:BL86,">="&BL15,BL17:BL86) -> 129 | BP88: =SUMIF(BP17:BP86,">="&BP15,BP17:BP86) -> 493 | BQ88: =SUMIF(BQ17:BQ86,">="&BQ15,BQ17:BQ86) -> 0 | BT88: =SUMIF(BT18:BT86,">="&BT15,BT18:BT86) -> 459 | BU88: =SUMIF(BU17:BU86,">="&BU15,BU17:BU86) -> 0 | BX88: =SUMIF(BX17:BX86,">="&BX15,BX17:BX86) -> 327 | CB88: =SUMIF(CB17:CB86,">="&CB15,CB17:CB86) -> 161 | CF88: =SUMIF(CF17:CF86,">="&CF15,CF17:CF86) -> 442 | CJ88: =SUMIF(CJ17:CJ86,">="&CJ15,CJ17:CJ86) -> 60 | CN88: =SUMIF(CN17:CN86,">="&CN15,CN17:CN86) -> 219 | CR88: =SUMIF(CR17:CR86,">="&CR15,CR17:CR86) -> 126 | CV88: =SUMIF(CV17:CV86,">="&CV15,CV17:CV86) -> 473 | CW88: =SUMIF(CW17:CW86,">="&CW15,CW17:CW86) -> 670 | DB88: =SUMIF(DB17:DB86,">="&DB15,DB17:DB86) -> 1863.5 | DD88: =SUMIF(DD17:DD86,">="&DD15,DD17:DD86) -> 0
C89: CO Attainment = B/A | D89: =IF(D87<>0,((D88/D87)/D14)*100,0) -> 71.428571 | E89: =IF(E87<>0,((E88/E87)/E14)*100,0) -> 0 | H89: =IF(H87<>0,((H88/H87)/H14)*100,0) -> 38.196721 | I89: =IF(I87<>0,((I88/I87)/I14)*100,0) -> 0 | L89: =IF(L87<>0,((L88/L87)/L14)*100,0) -> 30.196078 | M89: =IF(M87<>0,((M88/M87)/M14)*100,0) -> 0 | P89: =IF(P87<>0,((P88/P87)/P14)*100,0) -> 53.333333 | Q89: =IF(Q87<>0,((Q88/Q87)/Q14)*100,0) -> 0 | R89: =IF(R87<>0,((R88/R87)/R14)*100,0) -> 0 | T89: =IF(T87<>0,((T88/T87)/T14)*100,0) -> 60.645161 | X89: =IF(X87<>0,((X88/X87)/X14)*100,0) -> 72 | AB89: =IF(AB87<>0,((AB88/AB87)/AB14)*100,0) -> 55.714286 | AD89: =IF(AD87<>0,((AD88/AD87)/AD14)*100,0) -> 0 | AE89: =IF(AE87<>0,((AE88/AE87)/AE14)*100,0) -> 0 | AF89: =IF(AF87<>0,((AF88/AF87)/AF14)*100,0) -> 40 | AJ89: =IF(AJ87<>0,((AJ88/AJ87)/AJ14)*100,0) -> 40 | AK89: =IF(AK87<>0,((AK88/AK87)/AK14)*100,0) -> 0 | AN89: =IF(AN87<>0,((AN88/AN87)/AN14)*100,0) -> 51.451613 | AO89: =IF(AO87<>0,((AO88/AO87)/AO14)*100,0) -> 0 | AR89: =IF(AR87<>0,((AR88/AR87)/AR14)*100,0) -> 30.588235 | AV89: =IF(AV87<>0,((AV88/AV87)/AV14)*100,0) -> 75.8 | AZ89: =IF(AZ87<>0,((AZ88/AZ87)/AZ14)*100,0) -> 43.636364 | BD89: =IF(BD87<>0,((BD88/BD87)/BD14)*100,0) -> 13.846154 | BH89: =IF(BH87<>0,((BH88/BH87)/BH14)*100,0) -> 49.069767 | BL89: =IF(BL87<>0,((BL88/BL87)/BL14)*100,0) -> 61.428571 | BP89: =IF(BP87<>0,((BP88/BP87)/BP14)*100,0) -> 77.03125 | BQ89: =IF(BQ87<>0,((BQ88/BQ87)/BQ14)*100,0) -> 0 | BT89: =IF(BT87<>0,((BT88/BT87)/BT14)*100,0) -> 71.71875 | BU89: =IF(BU87<>0,((BU88/BU87)/BU14)*100,0) -> 0 | BX89: =IF(BX87<>0,((BX88/BX87)/BX14)*100,0) -> 76.046512 | CB89: =IF(CB87<>0,((CB88/CB87)/CB14)*100,0) -> 67.083333 | CF89: =IF(CF87<>0,((CF88/CF87)/CF14)*100,0) -> 74.915254 | CJ89: =IF(CJ87<>0,((CJ88/CJ87)/CJ14)*100,0) -> 85.714286 | CN89: =IF(CN87<>0,((CN88/CN87)/CN14)*100,0) -> 60.833333 | CR89: =IF(CR87<>0,((CR88/CR87)/CR14)*100,0) -> 50.4 | CV89: =IF(CV87<>0,((CV88/CV87)/CV14)*100,0) -> 69.558824 | CW89: =IF(CW87<>0,((CW88/CW87)/CW14)*100,0) -> 98.529412 | DB89: =IF(DB87<>0,((DB88/DB87)/DB14)*100,0) -> 53.242857 | DD89: =(COUNTIF(DD17:DD86,"=S")*10+COUNTIF(DD17:DD86,"=A")*9+COUNTIF(DD17:DD86,"=B")*8+COUNTIF(DD17:DD86,"=C")*7+COUNTIF(DD17:DD86,"=D")*5+COUNTIF(DD17:DD86,"=E")*4)/(10*COUNTIF(DD17:DD86,"<>"&""))*100 -> 34.411765
B91: Enter the Cell Range of CO Mapped : | C91: Co Mapped 1st Column | D91: D12
C92: Co Mapped Last Column | D92: DD12
B93: Enter the Cell Range of CO Attainment : | C93: Cell number of Co Attainment of 1st Question) | D93: D89
C94: Cell number of Co Attainment of Last Question) | D94: DD89

Sheet Lab
D3: Continuous Internal Evaluation-(CIE) | G3: Test | J3: FINAL LAB MARKS
C4: POs Mapped | F4: 0,5,9 | I4: 0,5,9,10,11 | J4: 0,5,9,10,11
C5: COs mapped | F5: 5 | I5: 6 | J5: 5,6
C6: Maximum Marks | D6: 0 | E6: 0 | F6: 30 | G6: 0 | H6: 0 | I6: 20 | J6: =SUM(D6:I6) -> 50
C7: Marks to reach Performance (60% and above of Max. Marks) | D7: =0.6*D6 -> 0 | E7: =0.6*E6 -> 0 | F7: =0.6*F6 -> 18 | G7: =0.6*G6 -> 0 | H7: =0.6*H6 -> 0 | I7: =0.6*I6 -> 12 | J7: =0.6*J6 -> 30
A8: Sl No. | B8: USN | C8: Names | D8: COMPONENT-1 | G8: COMPONENT-2 | J8: CIA | K8: SEE
A9: 1 | B9: =Theory!B17 -> 1DS23AI001 | C9: =Theory!C17 -> AAYUSH PANDEY | F9: 28 | I9: 10 | J9: =SUM(D9:I9) -> 38
A10: 2 | B10: =Theory!B18 -> 1DS23AI002 | C10: =Theory!C18 -> ABHINAND PRAMEESH | F10: 30 | I10: 20 | J10: =SUM(D10:I10) -> 50
A11: 3 | B11: =Theory!B19 -> 1DS23AI003 | C11: =Theory!C19 -> ABHISHEK SINGH | F11: 25 | I11: 10 | J11: =SUM(D11:I11) -> 35
A12: 4 | B12: =Theory!B20 -> 1DS23AI004 | C12: =Theory!C20 -> ABHISHEK V | F12: 28 | I12: 15 | J12: =SUM(D12:I12) -> 43
A13: 5 | B13: =Theory!B21 -> 1DS23AI005 | C13: =Theory!C21 -> ADITYA B RAWANAWAR | F13: 27 | I13: 19 | J13: =SUM(D13:I13) -> 46
A14: 6 | B14: =Theory!B22 -> 1DS23AI006 | C14: =Theory!C22 -> ADITYA MUTHUSAMY A | F14: 25 | I14: 8 | J14: =SUM(D14:I14) -> 33
A15: 7 | B15: =Theory!B23 -> 1DS23AI007 | C15: =Theory!C23 -> ADNAN SAMEER ANEKATTI | F15: 25 | I15: 8 | J15: =SUM(D15:I15) -> 33
A16: 8 | B16: =Theory!B24 -> 1DS23AI008 | C16: =Theory!C24 -> AKSHADHA SINGH | F16: 25 | I16: 8 | J16: =SUM(D16:I16) -> 33
A17: 9 | B17: =Theory!B25 -> 1DS23AI010 | C17: =Theory!C25 -> ANIMESH UPADHYAY | F17: 25 | I17: 8 | J17: =SUM(D17:I17) -> 33
A18: 10 | B18: =Theory!B26 -> 1DS23AI011 | C18: =Theory!C26 -> ASHWINI GANESH RATOD | F18: 26 | I18: 16 | J18: =SUM(D18:I18) -> 42
A19: 11 | B19: =Theory!B27 -> 1DS23AI012 | C19: =Theory!C27 -> AVIDUTT PUROHIT | F19: 25 | I19: 10 | J19: =SUM(D19:I19) -> 35
A20: 12 | B20: =Theory!B28 -> 1DS23AI013 | C20: =Theory!C28 -> B N SHARATH | F20: 28 | I20: 18 | J20: =SUM(D20:I20) -> 46
... A76: 68 | B76: =Theory!B84 -> 1DS24AI406 | C76: =Theory!C84 -> QALIM INDIKAR | F76: 28 | I76: 15 | J76: =SUM(D76:I76) -> 43
A77: 69 | B77: =Theory!B85 -> 0 | C77: =Theory!C85 -> 0 | J77: =SUM(D77:I77) -> 0
A78: 70 | B78: =Theory!B86 -> 0 | C78: =Theory!C86 -> 0 | J78: =SUM(D78:I78) -> 0
C82: A=No. of Students Attempted the Question | D82: =COUNTIFS(D9:D78,"<>AB",D9:D78,"<>NA",D9:D78,"<>") -> 0 | E82: =COUNTIFS(E9:E78,"<>AB",E9:E78,"<>NA",E9:E78,"<>") -> 0 | F82: =COUNTIFS(F9:F78,"<>AB",F9:F78,"<>NA",F9:F78,"<>") -> 68 | G82: =COUNTIFS(G9:G78,"<>AB",G9:G78,"<>NA",G9:G78,"<>") -> 0 | H82: =COUNTIFS(H9:H78,"<>AB",H9:H78,"<>NA",H9:H78,"<>") -> 0 | I82: =COUNTIFS(I9:I78,"<>AB",I9:I78,"<>NA",I9:I78,"<>") -> 68 | J82: =COUNTIFS(J9:J78,"<>AB",J9:J78,"<>NA",J9:J78,"<>") -> 70 | K82: =COUNTIFS(K12:K81,"<>AB",K12:K81,"<>NA",K12:K81,"<>") -> 0
C83: B=Sum of Marks > 60% | D83: =SUMIF(D9:D78,">="&D7,D9:D78) -> 0 | E83: =SUMIF(E9:E78,">="&E7,E9:E78) -> 0 | F83: =SUMIF(F9:F78,">="&F7,F9:F78) -> 1870 | G83: =SUMIF(G9:G78,">="&G7,G9:G78) -> 0 | H83: =SUMIF(H9:H78,">="&H7,H9:H78) -> 0 | I83: =SUMIF(I9:I78,">="&I7,I9:I78) -> 897 | J83: =SUMIF(J9:J78,">="&J7,J9:J78) -> 2931 | K83: =SUMIF(K12:K81,">="&K10,K12:K81) -> 0
C84: CO Attainment = B/A | D84: =IF(D82<>0,((D83/D82)/D6)*100,0) -> 0 | E84: =IF(E82<>0,((E83/E82)/E6)*100,0) -> 0 | F84: =IF(F82<>0,((F83/F82)/F6)*100,0) -> 91.666667 | G84: =IF(G82<>0,((G83/G82)/G6)*100,0) -> 0 | H84: =IF(H82<>0,((H83/H82)/H6)*100,0) -> 0 | I84: =IF(I82<>0,((I83/I82)/I6)*100,0) -> 65.955882 | J84: =IF(J82<>0,((J83/J82)/J6)*100,0) -> 83.742857 | K84: =VALUE(IF(K82<>0,(COUNTIF(K12:K81,"=S")*10+COUNTIF(K12:K81,"=A")*9+COUNTIF(K12:K81,"=B")*8+COUNTIF(K12:K81,"=C")*7+COUNTIF(K12:K81,"=D")*5+COUNTIF(K12:K81,"=E")*4)/(10*COUNTIF(K12:K81,"<>"&""))*100,0)) -> 0
C88: CO Attainment of LAB Total Percentage (Average) | D88: CO1 | E88: CO2 | F88: CO3 | G88: CO4 | H88: CO5 | I88: CO6 | J88: CO7 | K88: CO8 | L88: CO9 | M88: CO10 | N88: CO11 | O88: CO12
C89: CO Attainment | D89: =IF(COUNTIFS($D$5:$L$5,"=1",$D84:$L84,"<>0")=0,0,SUMIF($D$5:$L$5,"=1",$D84:$L84)/COUNTIFS($D$5:$L$5,"=1",$D84:$L84,"<>0")) -> 0 | E89: =IF(COUNTIFS($D$5:$L$5,"=2",$D84:$L84,"<>0")=0,0,SUMIF($D$5:$L$5,"=2",$D84:$L84)/COUNTIFS($D$5:$L$5,"=2",$D84:$L84,"<>0")) -> 0 | F89: =IF(COUNTIFS($D$5:$L$5,"=3",$D84:$L84,"<>0")=0,0,SUMIF($D$5:$L$5,"=3",$D84:$L84)/COUNTIFS($D$5:$L$5,"=3",$D84:$L84,"<>0")) -> 0 | G89: =IF(COUNTIFS($D$5:$I$5,"=4",$D84:$I84,"<>0")=0,0,SUMIF($D$5:$I$5,"=4",$D84:$I84)/COUNTIFS($D$5:$I$5,"=4",$D84:$I84,"<>0")) -> 0 | H89: =IF(COUNTIFS($D$5:$I$5,"=5",$D84:$I84,"<>0")=0,0,SUMIF($D$5:$I$5,"=5",$D84:$I84)/COUNTIFS($D$5:$I$5,"=5",$D84:$I84,"<>0")) -> 91.666667 | I89: =IF(COUNTIFS($D$5:$I$5,"=6",$D84:$I84,"<>0")=0,0,SUMIF($D$5:$I$5,"=6",$D84:$I84)/COUNTIFS($D$5:$I$5,"=6",$D84:$I84,"<>0")) -> 65.955882 | J89: =IF(COUNTIFS($D$5:$I$5,"=7",$D84:$I84,"<>0")=0,0,SUMIF($D$5:$I$5,"=7",$D84:$I84)/COUNTIFS($D$5:$I$5,"=7",$D84:$I84,"<>0")) -> 0 | K89: =IF(COUNTIFS($D$5:$I$5,"=8",$D84:$I84,"<>0")=0,0,SUMIF($D$5:$I$5,"=8",$D84:$I84)/COUNTIFS($D$5:$I$5,"=8",$D84:$I84,"<>0")) -> 0 | L89: =IF(COUNTIFS($D$5:$I$5,"=9",$D84:$I84,"<>0")=0,0,SUMIF($D$5:$I$5,"=9",$D84:$I84)/COUNTIFS($D$5:$I$5,"=9",$D84:$I84,"<>0")) -> 0 | M89: =IF(COUNTIFS($D$5:$I$5,"=10",$D84:$I84,"<>0")=0,0,SUMIF($D$5:$I$5,"=10",$D84:$I84)/COUNTIFS($D$5:$I$5,"=10",$D84:$I84,"<>0")) -> 0 | N89: =IF(COUNTIFS($D$5:$I$5,"=11",$D84:$I84,"<>0")=0,0,SUMIF($D$5:$I$5,"=11",$D84:$I84)/COUNTIFS($D$5:$I$5,"=11",$D84:$I84,"<>0")) -> 0 | O89: =IF(COUNTIFS($D$5:$I$5,"=12",$D84:$I84,"<>0")=0,0,SUMIF($D$5:$I$5,"=12",$D84:$I84)/COUNTIFS($D$5:$I$5,"=12",$D84:$I84,"<>0")) -> 0
C96: PO Attainment (LAB) | D96: PO1 | E96: PO2 | F96: PO3 | G96: PO4 | H96: PO5 | I96: PO6 | J96: PO7 | K96: PO8 | L96: PO9 | M96: PO10 | N96: PO11 | O96: PO12
C97: Case 1 | D97: =IF(COUNTIFS($D$4:$I$4,"=*,1,*",$D84:$I84,"<>0")=0,0,SUMIF($D$4:$I$4,"=*,1,*",$D84:$I84)/COUNTIFS($D$4:$I$4,"=*,1,*",$D84:$I84,"<>0")) -> 0 | E97: =IF(COUNTIFS($D$4:$I$4,"=*,2,*",$D84:$I84,"<>0")=0,0,SUMIF($D$4:$I$4,"=*,2,*",$D84:$I84)/COUNTIFS($D$4:$I$4,"=*,2,*",$D84:$I84,"<>0")) -> 0 | F97: =IF(COUNTIFS($D$4:$I$4,"=*,3,*",$D84:$I84,"<>0")=0,0,SUMIF($D$4:$I$4,"=*,3,*",$D84:$I84)/COUNTIFS($D$4:$I$4,"=*,3,*",$D84:$I84,"<>0")) -> 0 | G97: =IF(COUNTIFS($D$4:$I$4,"=*,4,*",$D84:$I84,"<>0")=0,0,SUMIF($D$4:$I$4,"=*,4,*",$D84:$I84)/COUNTIFS($D$4:$I$4,"=*,4,*",$D84:$I84,"<>0")) -> 0 | H97: =IF(COUNTIFS($D$4:$I$4,"=*,5,*",$D84:$I84,"<>0")=0,0,SUMIF($D$4:$I$4,"=*,5,*",$D84:$I84)/COUNTIFS($D$4:$I$4,"=*,5,*",$D84:$I84,"<>0")) -> 78.811275 | I97: =IF(COUNTIFS($D$4:$I$4,"=*,6,*",$D84:$I84,"<>0")=0,0,SUMIF($D$4:$I$4,"=*,6,*",$D84:$I84)/COUNTIFS($D$4:$I$4,"=*,6,*",$D84:$I84,"<>0")) -> 0 | J97: =IF(COUNTIFS($D$4:$I$4,"=*,7,*",$D84:$I84,"<>0")=0,0,SUMIF($D$4:$I$4,"=*,7,*",$D84:$I84)/COUNTIFS($D$4:$I$4,"=*,7,*",$D84:$I84,"<>0")) -> 0 | K97: =IF(COUNTIFS($D$4:$I$4,"=*,8,*",$D84:$I84,"<>0")=0,0,SUMIF($D$4:$I$4,"=*,8,*",$D84:$I84)/COUNTIFS($D$4:$I$4,"=*,8,*",$D84:$I84,"<>0")) -> 0 | L97: =IF(COUNTIFS($D$4:$I$4,"=*,9,*",$D84:$I84,"<>0")=0,0,SUMIF($D$4:$I$4,"=*,9,*",$D84:$I84)/COUNTIFS($D$4:$I$4,"=*,9,*",$D84:$I84,"<>0")) -> 65.955882 | M97: =IF(COUNTIFS($D$4:$I$4,"=*,10,*",$D84:$I84,"<>0")=0,0,SUMIF($D$4:$I$4,"=*,10,*",$D84:$I84)/COUNTIFS($D$4:$I$4,"=*,10,*",$D84:$I84,"<>0")) -> 65.955882 | N97: =IF(COUNTIFS($D$4:$I$4,"=*,11,*",$D84:$I84,"<>0")=0,0,SUMIF($D$4:$I$4,"=*,11,*",$D84:$I84)/COUNTIFS($D$4:$I$4,"=*,11,*",$D84:$I84,"<>0")) -> 0 | O97: =IF(COUNTIFS($D$4:$I$4,"=*,12,*",$D84:$I84,"<>0")=0,0,SUMIF($D$4:$I$4,"=*,12,*",$D84:$I84)/COUNTIFS($D$4:$I$4,"=*,12,*",$D84:$I84,"<>0")) -> 0

Sheet CIA MARKS
A2: =Theory!A7 -> STAND ALONE THEORY | C2: =Theory!D7 -> NO
A3: =Theory!A8 -> STAND ALONE LAB | C3: =Theory!D8 -> NO
A4: =Theory!A9 -> IPCC | C4: =Theory!D9 -> Yes
A5: =Theory!A4 -> Academic Year : 2024 -25
A6: =Theory!D4 -> Scheme :2022-26
A7: =Theory!A6 -> COURSE TITLE :DBMS | D7: =Theory!A10 -> Faculty : Anupama V P | S7: CO # | V7: CO1 | W7: CO2 | X7: CO3 | Y7: CO4 | Z7: CO5 | AA7: CO6
A8: =Theory!A5 -> COURSE CODE : 22AI33 | S8: CO Targets: | V8: 60 | W8: 60 | X8: 60 | Y8: 60 | Z8: 60 | AA8: 60 | AO8: IA1-TOTAL | CA8: IA2-TOTAL | DM8: IA3-TOTAL
A9: =Theory!Q4 -> Semester : 3rd | D9: IAT-1 | AP9: IAT-2 | CB9: IAT-3 | DN9: CIA-1 (50) | DO9: CIA-2 (50) | DP9: CIA-3 (50) | DQ9: CIA-1 (30) | DR9: CIA-2 (30) | DS9: CIA-3 (30) | DT9: AVG CIA (30) | DU9: AAT (10) | DV9: QUIZ (10) | DW9: AAT+QUIZ (10+10) | DX9: THEORY CIA (50) | DY9: THEORY CIA (30) | DZ9: Lab-CIE (30) | ED9: LAB IA (20) | EH9: LAB (50) | EI9: LAB CIA (20) | EJ9: CIA | EK9: SEE | EM9: ATTENDANCE FOR CSV FILE
A10: Question maps to which course outcome? | D10: =Theory!D12 -> 0,1 | E10: =Theory!E12 -> 0 | F10: =Theory!F12 -> 0 | G10: =Theory!G12 -> 0 | I10: =Theory!H12 -> 0,4 | J10: =Theory!I12 -> 0 | K10: =Theory!J12 -> 0 | L10: =Theory!K12 -> 0 | N10: =Theory!L12 -> 0,2 | O10: =Theory!M12 -> 0 | P10: =Theory!N12 -> 0 | Q10: =Theory!O12 -> 0 | R10: =Theory!P12 -> 0,2 | S10: =Theory!Q12 -> 0 | T10: =Theory!R12 -> 0 | U10: =Theory!S12 -> 0 | W10: =Theory!T12 -> 0,1 | X10: =Theory!U12 -> 0 | Y10: =Theory!V12 -> 0 | Z10: =Theory!W12 -> 0 | AA10: =Theory!X12 -> 0,1 | AB10: =Theory!Y12 -> 0 | AC10: =Theory!Z12 -> 0 | AD10: =Theory!AA12 -> 0 | AF10: =Theory!AB12 -> 0,4 | AG10: =Theory!AC12 -> 0 | AH10: =Theory!AD12 -> 0 | AI10: =Theory!AE12 -> 0 | AJ10: =Theory!AF12 -> 0,4 | AK10: =Theory!AG12 -> 0 | AL10: =Theory!AH12 -> 0 | AM10: =Theory!AI12 -> 0 | AP10: =Theory!AJ12 -> 0,4 | AQ10: =Theory!AK12 -> 0 | AR10: =Theory!AL12 -> 0 | AS10: =Theory!AM12 -> 0 | AU10: =Theory!AN12 -> 0,3 | AV10: =Theory!AO12 -> 0 | AW10: =Theory!AP12 -> 0 | AX10: =Theory!AQ12 -> 0 | AZ10: =Theory!AR12 -> 0,4 | BA10: =Theory!AS12 -> 0 | BB10: =Theory!AT12 -> 0 | BC10: =Theory!AU12 -> 0 | BD10: =Theory!AV12 -> 0,4 | BE10: =Theory!AW12 -> 0 | BF10: =Theory!AX12 -> 0 | BG10: =Theory!AY12 -> 0 | BI10: =Theory!AZ12 -> 0,4 | BJ10: =Theory!BA12 -> 0 | BK10: =Theory!BB12 -> 0 | BL10: =Theory!BC12 -> 0 | BM10: =Theory!BD12 -> 0,4 | BN10: =Theory!BE12 -> 0 | BO10: =Theory!BF12 -> 0 | BP10: =Theory!BG12 -> 0 | BR10: =Theory!BH12 -> 0,3 | BS10: =Theory!BI12 -> 0 | BT10: =Theory!BJ12 -> 0 | BU10: =Theory!BK12 -> 0 | BV10: =Theory!BL12 -> 0,3 | BW10: =Theory!BM12 -> 0 | BX10: =Theory!BN12 -> 0 | BY10: =Theory!BO12 -> 0 | CB10: =Theory!BP12 -> 0,3 | CC10: =Theory!BQ12 -> 0 | CD10: =Theory!BR12 -> 0 | CE10: =Theory!BS12 -> 0 | CG10: =Theory!BT12 -> 0,5 | CH10: =Theory!BU12 -> 0 | CI10: =Theory!BV12 -> 0 | CJ10: =Theory!BW12 -> 0 | CL10: =Theory!BX12 -> 0,3 | CM10: =Theory!BY12 -> 0 | CN10: =Theory!BZ12 -> 0 | CO10: =Theory!CA12 -> 0 | CP10: =Theory!CB12 -> 0,3 | CQ10: =Theory!CC12 -> 0 | CR10: =Theory!CD12 -> 0 | CS10: =Theory!CE12 -> 0 | CU10: =Theory!CF12 -> 0,5 | CV10: =Theory!CG12 -> 0 | CW10: =Theory!CH12 -> 0 | CX10: =Theory!CI12 -> 0 | CY10: =Theory!CJ12 -> 0,5 | CZ10: =Theory!CK12 -> 0 | DA10: =Theory!CL12 -> 0 | DB10: =Theory!CM12 -> 0 | DD10: =Theory!CN12 -> 0,5 | DE10: =Theory!CO12 -> 0 | DF10: =Theory!CP12 -> 0 | DG10: =Theory!CQ12 -> 0 | DH10: =Theory!CR12 -> 0,5 | DI10: =Theory!CS12 -> 0 | DJ10: =Theory!CT12 -> 0 | DK10: =Theory!CU12 -> 0 | DY10: 0,1,2,3,4 | EI10: 0,5,6 | EJ10: 0,1,2,3,4,5 | EK10: 0,1,2,3,4 | EM10: ATTND (11/12) | EN10: ATTND (11/24) | EO10: ATTND (34/40) | EP10: ATTND (34/40) | EQ10: ATTND (11/12) | ER10: ATT-THEORY (34/40) | ES10: ATT-LAB (11/12)
D11: =Theory!D16 -> Q1A | E11: =Theory!E16 -> Q1B | F11: =Theory!F16 -> Q1C | G11: =Theory!G16 -> Q1D | I11: =Theory!H16 -> Q2A | J11: =Theory!I16 -> Q2B | K11: =Theory!J16 -> Q2C | L11: =Theory!K16 -> Q2D | N11: =Theory!L16 -> Q3A | O11: =Theory!M16 -> Q3B | P11: =Theory!N16 -> Q3C | Q11: =Theory!O16 -> Q3D | R11: =Theory!P16 -> Q4A | S11: =Theory!Q16 -> Q4B | T11: =Theory!R16 -> Q4C | U11: =Theory!S16 -> Q4D | W11: =Theory!T16 -> Q5A | X11: =Theory!U16 -> Q5B | Y11: =Theory!V16 -> Q5C | Z11: =Theory!W16 -> Q5D | AA11: =Theory!X16 -> Q6A | AB11: =Theory!Y16 -> Q6B | AC11: =Theory!Z16 -> Q6C | AD11: =Theory!AA16 -> Q6D | AF11: =Theory!AB16 -> Q7A | AG11: =Theory!AC16 -> Q7B | AH11: =Theory!AD16 -> Q7C | AI11: =Theory!AE16 -> Q7D | AJ11: =Theory!AF16 -> Q8A | AK11: =Theory!AG16 -> Q8B | AL11: =Theory!AH16 -> Q8C | AM11: =Theory!AI16 -> Q8D | AP11: =Theory!AJ16 -> Q1A | AQ11: =Theory!AK16 -> Q1A | AR11: =Theory!AL16 -> Q1C | AS11: =Theory!AM16 -> Q1D | AU11: =Theory!AN16 -> Q2A | AV11: =Theory!AO16 -> Q2A | AW11: =Theory!AP16 -> Q2C | AX11: =Theory!AQ16 -> Q2D | AZ11: =Theory!AR16 -> Q3A | BA11: =Theory!AS16 -> Q3B | BB11: =Theory!AT16 -> Q3C | BC11: =Theory!AU16 -> Q3D | BD11: =Theory!AV16 -> Q4A | BE11: =Theory!AW16 -> Q4B | BF11: =Theory!AX16 -> Q4C | BG11: =Theory!AY16 -> Q4D | BI11: =Theory!AZ16 -> Q5A | BJ11: =Theory!BA16 -> Q5B | BK11: =Theory!BB16 -> Q5C | BL11: =Theory!BC16 -> Q5D | BM11: =Theory!BD16 -> Q6A | BN11: =Theory!BE16 -> Q6B | BO11: =Theory!BF16 -> Q6C | BP11: =Theory!BG16 -> Q6D | BR11: =Theory!BH16 -> Q7A | BS11: =Theory!BI16 -> Q7B | BT11: =Theory!BJ16 -> Q7C | BU11: =Theory!BK16 -> Q7D | BV11: =Theory!BL16 -> Q8A | BW11: =Theory!BM16 -> Q8B | BX11: =Theory!BN16 -> Q8C | BY11: =Theory!BO16 -> Q8D | CB11: =Theory!BP16 -> Q1A | CC11: =Theory!BQ16 -> Q1B | CD11: =Theory!BR16 -> Q1C | CE11: =Theory!BS16 -> Q1D | CG11: =Theory!BT16 -> Q2A | CH11: =Theory!BU16 -> Q2B | CI11: =Theory!BV16 -> Q2C | CJ11: =Theory!BW16 -> Q2D | CL11: =Theory!BX16 -> Q3A | CM11: =Theory!BY16 -> Q3B | CN11: =Theory!BZ16 -> Q3C | CO11: =Theory!CA16 -> Q3D | CP11: =Theory!CB16 -> Q4A | CQ11: =Theory!CC16 -> Q4B | CR11: =Theory!CD16 -> Q4C | CS11: =Theory!CE16 -> Q4D | CU11: =Theory!CF16 -> Q5A | CV11: =Theory!CG16 -> Q5B | CW11: =Theory!CH16 -> Q5C | CX11: =Theory!CI16 -> Q5D | CY11: =Theory!CJ16 -> Q6A | CZ11: =Theory!CK16 -> Q6B | DA11: =Theory!CL16 -> Q6C | DB11: =Theory!CM16 -> Q6D | DD11: =Theory!CN16 -> Q7A | DE11: =Theory!CO16 -> Q7B | DF11: =Theory!CP16 -> Q7C | DG11: =Theory!CQ16 -> Q7D | DH11: =Theory!CR16 -> Q8A | DI11: =Theory!CS16 -> Q8B | DJ11: =Theory!CT16 -> Q8C | DK11: =Theory!CU16 -> Q8D | DT11: CIA | DU11: AAT | DV11: QUIZ | DW11: AAT+QUIZ | DX11: THEORY CIA (50) | DY11: THEORY CIA (30) | EC11: Lab-CIE (30) | EG11: LAB IA (20) | EH11: LAB | EI11: LAB CIA (20) | EJ11: CIA (50) | EK11: SEE (50) | EM11: CREDIT-1 | EN11: CREDIT-2 | EO11: CREDIT-3 | EP11: CREDIT-4 | EQ11: LAB CREDIT-1 | ER11: CREDIT-4
A12: Sl NO | B12: Name | C12: USN | DT12: TEST (12/30) | DW12: AAT (8/20) | DX12: STAND ALONE THEORY | EC12: LAB-CLASS WORK (12/30) | EG12: LAB-TEST (8/20) | EH12: STAND ALONE LAB | EJ12: IPCC | EK12: SEE | EM12: STAND ALONE THEORY ATTENDANCE | EN12: STAND ALONE THEORY ATTENDANCE | EO12: STAND ALONE THEORY ATTENDANCE | EP12: STAND ALONE THEORY ATTENDANCE | EQ12: STAND ALONE LAB ATTENDANCE | ER12: IPCC THEORY ATTENDANCE | ES12: IPCC LAB ATTENDANCE | ET12: IPCC TOTAL ATTENDANCE
C13: MAX MARKS | D13: =Theory!D14 -> 10 | E13: =Theory!E14 -> 0 | F13: =Theory!F14 -> 0 | G13: =Theory!G14 -> 0 | H13: =SUM(D13:G13) -> 10 | I13: =Theory!H14 -> 10 | J13: =Theory!I14 -> 0 | K13: =Theory!J14 -> 0 | L13: =Theory!K14 -> 0 | M13: =SUM(I13:L13) -> 10 | N13: =Theory!L14 -> 10 | O13: =Theory!M14 -> 0 | P13: =Theory!N14 -> 0 | Q13: =Theory!O14 -> 0 | R13: =Theory!P14 -> 10 | S13: =Theory!Q14 -> 0 | T13: =Theory!R14 -> 0 | U13: =Theory!S14 -> 0 | V13: =MAX(SUM(N13:Q13),SUM(R13:U13)) -> 10 | W13: =Theory!T14 -> 10 | X13: =Theory!U14 -> 0 | Y13: =Theory!V14 -> 0 | Z13: =Theory!W14 -> 0 | AA13: =Theory!X14 -> 10 | AB13: =Theory!Y14 -> 0 | AC13: =Theory!Z14 -> 0 | AD13: =Theory!AA14 -> 0 | AE13: =MAX(SUM(W13:Z13),SUM(AA13:AD13)) -> 10 | AF13: =Theory!AB14 -> 10 | AG13: =Theory!AC14 -> 0 | AH13: =Theory!AD14 -> 0 | AI13: =Theory!AE14 -> 0 | AJ13: =Theory!AF14 -> 10 | AK13: =Theory!AG14 -> 0 | AL13: =Theory!AH14 -> 0 | AM13: =Theory!AI14 -> 0 | AN13: =MAX(SUM(AF13:AI13),SUM(AJ13:AM13)) -> 10 | AO13: =SUM(H13,M13,V13,AE13,AN13) -> 50 | AP13: =Theory!AJ14 -> 10 | AQ13: =Theory!AK14 -> 0 | AR13: =Theory!AL14 -> 0 | AS13: =Theory!AM14 -> 0 | AT13: =SUM(AP13:AS13) -> 10 | AU13: =Theory!AN14 -> 10 | AV13: =Theory!AO14 -> 0 | AW13: =Theory!AP14 -> 0 | AX13: =Theory!AQ14 -> 0 | AY13: =SUM(AU13:AX13) -> 10 | AZ13: =Theory!AR14 -> 10 | BA13: =Theory!AS14 -> 0 | BB13: =Theory!AT14 -> 0 | BC13: =Theory!AU14 -> 0 | BD13: =Theory!AV14 -> 10 | BE13: =Theory!AW14 -> 0 | BF13: =Theory!AX14 -> 0 | BG13: =Theory!AY14 -> 0 | BH13: =MAX(SUM(AZ13:BC13),SUM(BD13:BG13)) -> 10 | BI13: =Theory!AZ14 -> 10 | BJ13: =Theory!BA14 -> 0 | BK13: =Theory!BB14 -> 0 | BL13: =Theory!BC14 -> 0 | BM13: =Theory!BD14 -> 10 | BN13: =Theory!BE14 -> 0 | BO13: =Theory!BF14 -> 0 | BP13: =Theory!BG14 -> 0 | BQ13: =MAX(SUM(BI13:BL13),SUM(BM13:BP13)) -> 10 | BR13: =Theory!BH14 -> 10 | BS13: =Theory!BI14 -> 0 | BT13: =Theory!BJ14 -> 0 | BU13: =Theory!BK14 -> 0 | BV13: =Theory!BL14 -> 10 | BW13: =Theory!BM14 -> 0 | BX13: =Theory!BN14 -> 0 | BY13: =Theory!BO14 -> 0 | BZ13: =MAX(SUM(BR13:BU13),SUM(BV13:BY13)) -> 10 | CA13: =SUM(AT13,AY13,BH13,BQ13,BZ13) -> 50 | CB13: =Theory!BP14 -> 10 | CC13: =Theory!BQ14 -> 0 | CD13: =Theory!BR14 -> 0 | CE13: =Theory!BS14 -> 0 | CF13: =SUM(CB13:CE13) -> 10 | CG13: =Theory!BT14 -> 10 | CH13: =Theory!BU14 -> 0 | CI13: =Theory!BV14 -> 0 | CJ13: =Theory!BW14 -> 0 | CK13: =SUM(CG13:CJ13) -> 10 | CL13: =Theory!BX14 -> 10 | CM13: =Theory!BY14 -> 0 | CN13: =Theory!BZ14 -> 0 | CO13: =Theory!CA14 -> 0 | CP13: =Theory!CB14 -> 10 | CQ13: =Theory!CC14 -> 0 | CR13: =Theory!CD14 -> 0 | CS13: =Theory!CE14 -> 0 | CT13: =MAX(SUM(CL13:CO13),SUM(CP13:CS13)) -> 10 | CU13: =Theory!CF14 -> 10 | CV13: =Theory!CG14 -> 0 | CW13: =Theory!CH14 -> 0 | CX13: =Theory!CI14 -> 0 | CY13: =Theory!CJ14 -> 10 | CZ13: =Theory!CK14 -> 0 | DA13: =Theory!CL14 -> 0 | DB13: =Theory!CM14 -> 0 | DC13: =MAX(SUM(CU13:CX13),SUM(CY13:DB13)) -> 10 | DD13: =Theory!CN14 -> 10 | DE13: =Theory!CO14 -> 0 | DF13: =Theory!CP14 -> 0 | DG13: =Theory!CQ14 -> 0 | DH13: =Theory!CR14 -> 10 | DI13: =Theory!CS14 -> 0 | DJ13: =Theory!CT14 -> 0 | DK13: =Theory!CU14 -> 0 | DL13: =MAX(SUM(DD13:DG13),SUM(DH13:DK13)) -> 10 | DM13: =SUM(CF13,CK13,CT13,DC13,DL13) -> 50 | DN13: =AO13 -> 50 | DO13: =CA13 -> 50 | DP13: =DM13 -> 50 | DQ13: =ROUND(30*DN13/50,0) -> 30 | DR13: =ROUND(30*DO13/50,0) -> 30 | DS13: =ROUND(30*DP13/50,0) -> 30 | DT13: =ROUND(AVERAGE(DQ13:DS13),0) -> 30 | DU13: =Theory!CV14 -> 10 | DV13: =Theory!CW14 -> 10 | DW13: =SUM(DU13:DV13) -> 20 | DX13: =SUM(DT13:DV13) -> 50 | DY13: =ROUND((30*DX13/50),0) -> 30 | DZ13: =Lab!D6 -> 0 | EA13: =Lab!E6 -> 0 | EB13: =Lab!F6 -> 30 | EC13: =SUM(DZ13:EB13) -> 30 | ED13: =Lab!G6 -> 0 | EE13: =Lab!H6 -> 0 | EF13: =Lab!I6 -> 20 | EG13: =SUM(ED13:EF13) -> 20 | EH13: =SUM(EC13,EG13) -> 50 | EI13: =ROUND((20*EH13/50),0) -> 20 | EJ13: =SUM(DY13,EI13) -> 50 | EK13: =Theory!DB14 -> 50 | EM13: 12 | EN13: 24 | EO13: 40 | EP13: 52 | EQ13: 12 | ER13: 40 | ES13: 12 | ET13: =SUM(ER13:ES13) -> 52
A14: 1 | B14: =Theory!C17 -> AAYUSH PANDEY | C14: =Theory!B17 -> 1DS23AI001 | D14: =VLOOKUP(C14,Theory!B17:D86,3,FALSE) -> 7 | E14: =VLOOKUP(C14,Theory!B17:E86,4,FALSE) -> 0 | F14: =VLOOKUP(C14,Theory!B17:F86,5,FALSE) -> 0 | G14: =VLOOKUP(C14,Theory!B17:G86,6,FALSE) -> 0 | H14: =SUM(D14:G14) -> 7 | I14: =VLOOKUP(C14,Theory!B17:H86,7,FALSE) -> 4 | J14: =VLOOKUP(C14,Theory!B17:I86,8,FALSE) -> 0 | K14: =VLOOKUP(C14,Theory!B17:J86,9,FALSE) -> 0 | L14: =VLOOKUP(C14,Theory!B17:K86,10,FALSE) -> 0 | M14: =SUM(I14:L14) -> 4 | N14: =VLOOKUP(C14,Theory!B17:L86,11,FALSE) -> 5 | O14: =VLOOKUP(C14,Theory!B17:M86,12,FALSE) -> 0 | P14: =VLOOKUP(C14,Theory!B17:N86,13,FALSE) -> 0 | Q14: =VLOOKUP(C14,Theory!B17:O86,14,FALSE) -> 0 | R14: =VLOOKUP(C14,Theory!B17:P86,15,FALSE) -> 0 | S14: =VLOOKUP(C14,Theory!B17:Q86,16,FALSE) -> 0 | T14: =VLOOKUP(C14,Theory!B17:R86,17,FALSE) -> 0 | U14: =VLOOKUP(C14,Theory!B17:S86,18,FALSE) -> 0 | V14: =MAX(SUM(N14:Q14),SUM(R14:U14)) -> 5 | W14: =VLOOKUP(C14,Theory!B17:T86,19,FALSE) -> 4 | X14: =VLOOKUP(C14,Theory!B17:U86,20,FALSE) -> 0 | Y14: =VLOOKUP(C14,Theory!B17:V86,21,FALSE) -> 0 | Z14: =VLOOKUP(C14,Theory!B17:W86,22,FALSE) -> 0 | AA14: =VLOOKUP(C14,Theory!B17:X86,23,FALSE) -> 0 | AB14: =VLOOKUP(C14,Theory!B17:Y86,24,FALSE) -> 0 | AC14: =VLOOKUP(C14,Theory!B17:Z86,25,FALSE) -> 0 | AD14: =VLOOKUP(C14,Theory!B17:AA86,26,FALSE) -> 0 | AE14: =MAX(SUM(W14:Z14),SUM(AA14:AD14)) -> 4 | AF14: =VLOOKUP(C14,Theory!B17:AB86,27,FALSE) -> 9 | AG14: =VLOOKUP(C14,Theory!B17:AC86,28,FALSE) -> 0 | AH14: =VLOOKUP(C14,Theory!B17:AD86,29,FALSE) -> 0 | AI14: =VLOOKUP(C14,Theory!B17:AE86,30,FALSE) -> 0 | AJ14: =VLOOKUP(C14,Theory!B17:AF86,31,FALSE) -> 0 | AK14: =VLOOKUP(C14,Theory!B17:AG86,32,FALSE) -> 0 | AL14: =VLOOKUP(C14,Theory!B17:AH86,33,FALSE) -> 0 | AM14: =VLOOKUP(C14,Theory!B17:AI86,34,FALSE) -> 0 | AN14: =MAX(SUM(AF14:AI14),SUM(AJ14:AM14)) -> 9 | AO14: =SUM(H14,M14,V14,AE14,AN14) -> 29 | AP14: =VLOOKUP(C14,Theory!B17:AJ86,35,FALSE) -> 5 | AQ14: =VLOOKUP(C14,Theory!B17:AK86,36,FALSE) -> 0 | AR14: =VLOOKUP(C14,Theory!B17:AL86,37,FALSE) -> 0 | AS14: =VLOOKUP(C14,Theory!B17:AM86,38,FALSE) -> 0 | AT14: =SUM(AP14:AS14) -> 5 | AU14: =VLOOKUP(C14,Theory!B17:AN86,39,FALSE) -> 4 | AV14: =VLOOKUP(C14,Theory!B17:AO86,40,FALSE) -> 0 | AW14: =VLOOKUP(C14,Theory!B17:AP86,41,FALSE) -> 0 | AX14: =VLOOKUP(C14,Theory!B17:AQ86,42,FALSE) -> 0 | AY14: =SUM(AU14:AX14) -> 4 | AZ14: =VLOOKUP(C14,Theory!B17:AR86,43,FALSE) -> 0 | BA14: =VLOOKUP(C14,Theory!B17:AS86,44,FALSE) -> 0 | BB14: =VLOOKUP(C14,Theory!B17:AT86,45,FALSE) -> 0 | BC14: =VLOOKUP(C14,Theory!B17:AU86,46,FALSE) -> 0 | BD14: =VLOOKUP(C14,Theory!B17:AV86,47,FALSE) -> 8 | BE14: =VLOOKUP(C14,Theory!B17:AW86,48,FALSE) -> 0 | BF14: =VLOOKUP(C14,Theory!B17:AX86,49,FALSE) -> 0 | BG14: =VLOOKUP(C14,Theory!B17:AY86,50,FALSE) -> 0 | BH14: =MAX(SUM(AZ14:BC14),SUM(BD14:BG14)) -> 8 | BI14: =VLOOKUP(C14,Theory!B17:AZ86,51,FALSE) -> 0 | BJ14: =VLOOKUP(C14,Theory!B17:BA86,52,FALSE) -> 0 | BK14: =VLOOKUP(C14,Theory!B17:BB86,53,FALSE) -> 0 | BL14: =VLOOKUP(C14,Theory!B17:BC86,54,FALSE) -> 0 | BM14: =VLOOKUP(C14,Theory!B17:BD86,55,FALSE) -> 0 | BN14: =VLOOKUP(C14,Theory!B17:BE86,56,FALSE) -> 0 | BO14: =VLOOKUP(C14,Theory!B17:BF86,57,FALSE) -> 0 | BP14: =VLOOKUP(C14,Theory!B17:BG86,58,FALSE) -> 0 | BQ14: =MAX(SUM(BI14:BL14),SUM(BM14:BP14)) -> 0 | BR14: =VLOOKUP(C14,Theory!B17:BH86,59,FALSE) -> 2 | BS14: =VLOOKUP(C14,Theory!B17:BI86,60,FALSE) -> 0 | BT14: =VLOOKUP(C14,Theory!B17:BJ86,61,FALSE) -> 0 | BU14: =VLOOKUP(C14,Theory!B17:BK86,62,FALSE) -> 0 | BV14: =VLOOKUP(C14,Theory!B17:BL86,63,FALSE) -> 0 | BW14: =VLOOKUP(C14,Theory!B17:BM86,64,FALSE) -> 0 | BX14: =VLOOKUP(C14,Theory!B17:BN86,65,FALSE) -> 0 | BY14: =VLOOKUP(C14,Theory!B17:BO86,66,FALSE) -> 0 | BZ14: =MAX(SUM(BR14:BU14),SUM(BV14:BY14)) -> 2 | CA14: =SUM(AT14,AY14,BH14,BQ14,BZ14) -> 19 | CB14: =VLOOKUP(C14,Theory!B17:BP86,67,FALSE) -> 8 | CC14: =VLOOKUP(C14,Theory!B17:BQ86,68,FALSE) -> 0 | CD14: =VLOOKUP(C14,Theory!B17:BR86,69,FALSE) -> 0 | CE14: =VLOOKUP(C14,Theory!B17:BS86,70,FALSE) -> 0 | CF14: =SUM(CB14:CE14) -> 8 | CG14: =VLOOKUP(C14,Theory!B17:BT86,71,FALSE) -> 8 | CH14: =VLOOKUP(C14,Theory!B17:BU86,72,FALSE) -> 0 | CI14: =VLOOKUP(C14,Theory!B17:BV86,73,FALSE) -> 0 | CJ14: =VLOOKUP(C14,Theory!B17:BW86,74,FALSE) -> 0 | CK14: =SUM(CG14:CJ14) -> 8 | CL14: =VLOOKUP(C14,Theory!B17:BX86,75,FALSE) -> 9 | CM14: =VLOOKUP(C14,Theory!B17:BY86,76,FALSE) -> 0 | CN14: =VLOOKUP(C14,Theory!B17:BZ86,77,FALSE) -> 0 | CO14: =VLOOKUP(C14,Theory!B17:CA86,78,FALSE) -> 0 | CP14: =VLOOKUP(C14,Theory!B17:CB86,79,FALSE) -> 0 | CQ14: =VLOOKUP(C14,Theory!B17:CC86,80,FALSE) -> 0 | CR14: =VLOOKUP(C14,Theory!B17:CD86,81,FALSE) -> 0 | CS14: =VLOOKUP(C14,Theory!B17:CE86,82,FALSE) -> 0 | CT14: =MAX(SUM(CL14:CO14),SUM(CP14:CS14)) -> 9 | CU14: =VLOOKUP(C14,Theory!B17:CF86,83,FALSE) -> 0 | CV14: =VLOOKUP(C14,Theory!B17:CG86,84,FALSE) -> 0 | CW14: =VLOOKUP(C14,Theory!B17:CH86,85,FALSE) -> 0 | CX14: =VLOOKUP(C14,Theory!B17:CI86,86,FALSE) -> 0 | CY14: =VLOOKUP(C14,Theory!B17:CJ86,87,FALSE) -> 9 | CZ14: =VLOOKUP(C14,Theory!B17:CK86,88,FALSE) -> 0 | DA14: =VLOOKUP(C14,Theory!B17:CL86,89,FALSE) -> 0 | DB14: =VLOOKUP(C14,Theory!B17:CM86,90,FALSE) -> 0 | DC14: =MAX(SUM(CU14:CX14),SUM(CY14:DB14)) -> 9 | DD14: =VLOOKUP(C14,Theory!B17:CN86,91,FALSE) -> 0 | DE14: =VLOOKUP(C14,Theory!B17:CO86,92,FALSE) -> 0 | DF14: =VLOOKUP(C14,Theory!B17:CP86,93,FALSE) -> 0 | DG14: =VLOOKUP(C14,Theory!B17:CQ86,94,FALSE) -> 0 | DH14: =VLOOKUP(C14,Theory!B17:CR86,95,FALSE) -> 3 | DI14: =VLOOKUP(C14,Theory!B17:CS86,96,FALSE) -> 0 | DJ14: =VLOOKUP(C14,Theory!B17:CT86,97,FALSE) -> 0 | DK14: =VLOOKUP(C14,Theory!B17:CU86,98,FALSE) -> 0 | DL14: =MAX(SUM(DD14:DG14),SUM(DH14:DK14)) -> 3 | DM14: =SUM(CF14,CK14,CT14,DC14,DL14) -> 37 | DN14: =AO14 -> 29 | DO14: =CA14 -> 19 | DP14: =DM14 -> 37 | DQ14: =ROUND(30*DN14/50,0) -> 17 | DR14: =ROUND(30*DO14/50,0) -> 11 | DS14: =ROUND(30*DP14/50,0) -> 22 | DT14: =ROUND(AVERAGE(DQ14:DS14),0) -> 17 | DU14: =VLOOKUP(C14,Theory!B17:CV86,99,FALSE) -> 7 | DV14: =VLOOKUP(C14,Theory!B17:CW86,100,FALSE) -> 10 | DW14: =SUM(DU14:DV14) -> 17 | DX14: =SUM(DT14:DV14) -> 34 | DY14: =ROUND((30*DX14/50),0) -> 20 | DZ14: =VLOOKUP(C14,Lab!B9:D78,3,FALSE) -> 0 | EA14: =VLOOKUP(C14,Lab!B9:E78,4,FALSE) -> 0 | EB14: =VLOOKUP(C14,Lab!B9:F78,5,FALSE) -> 28 | EC14: =SUM(DZ14:EB14) -> 28 | ED14: =VLOOKUP(C14,Lab!B9:G78,6,FALSE) -> 0 | EE14: =VLOOKUP(C14,Lab!B9:H78,7,FALSE) -> 0 | EF14: 10 | EG14: =SUM(ED14:EF14) -> 10 | EH14: =SUM(EC14,EG14) -> 38 | EI14: =ROUND((20*EH14/50),0) -> 15 | EJ14: =SUM(DY14,EI14) -> 35 | EK14: {=IF(D$8="YES",Lab!K9:K78,Theory!DB17:DB86)} -> 38 | EM14: =VLOOKUP(C14,Theory!B17:DK86,114,FALSE) -> 0 | EN14: =VLOOKUP(C14,Theory!B17:DL86,115,FALSE) -> 0 | EO14: =VLOOKUP(C14,Theory!B17:DM86,116,FALSE) -> 0 | EP14: =VLOOKUP(C14,Theory!B17:DN86,117,FALSE) -> 0 | EQ14: =VLOOKUP(C14,Theory!B17:DO86,118,FALSE) -> 0 | ER14: =VLOOKUP(C14,Theory!B17:DP86,119,FALSE) -> 0 | ES14: =VLOOKUP(C14,Theory!B17:DQ86,120,FALSE) -> 0 | ET14: =SUM(ER14:ES14) -> 0
A15: 2 | B15: =Theory!C18 -> ABHINAND PRAMEESH | C15: =Theory!B18 -> 1DS23AI002 | D15: =VLOOKUP(C15,Theory!B18:D87,3,FALSE) -> 10 | E15: =VLOOKUP(C15,Theory!B18:E87,4,FALSE) -> 0 | F15: =VLOOKUP(C15,Theory!B18:F87,5,FALSE) -> 0 | G15: =VLOOKUP(C15,Theory!B18:G87,6,FALSE) -> 0 | H15: =SUM(D15:G15) -> 10 | I15: =VLOOKUP(C15,Theory!B18:H87,7,FALSE) -> 5 | J15: =VLOOKUP(C15,Theory!B18:I87,8,FALSE) -> 0 | K15: =VLOOKUP(C15,Theory!B18:J87,9,FALSE) -> 0 | L15: =VLOOKUP(C15,Theory!B18:K87,10,FALSE) -> 0 | M15: =SUM(I15:L15) -> 5 | N15: =VLOOKUP(C15,Theory!B18:L87,11,FALSE) -> 8 | O15: =VLOOKUP(C15,Theory!B18:M87,12,FALSE) -> 0 | P15: =VLOOKUP(C15,Theory!B18:N87,13,FALSE) -> 0 | Q15: =VLOOKUP(C15,Theory!B18:O87,14,FALSE) -> 0 | R15: =VLOOKUP(C15,Theory!B18:P87,15,FALSE) -> 0 | S15: =VLOOKUP(C15,Theory!B18:Q87,16,FALSE) -> 0 | T15: =VLOOKUP(C15,Theory!B18:R87,17,FALSE) -> 0 | U15: =VLOOKUP(C15,Theory!B18:S87,18,FALSE) -> 0 | V15: =MAX(SUM(N15:Q15),SUM(R15:U15)) -> 8 | W15: =VLOOKUP(C15,Theory!B18:T87,19,FALSE) -> 0 | X15: =VLOOKUP(C15,Theory!B18:U87,20,FALSE) -> 0 | Y15: =VLOOKUP(C15,Theory!B18:V87,21,FALSE) -> 0 | Z15: =VLOOKUP(C15,Theory!B18:W87,22,FALSE) -> 0 | AA15: =VLOOKUP(C15,Theory!B18:X87,23,FALSE) -> 10 | AB15: =VLOOKUP(C15,Theory!B18:Y87,24,FALSE) -> 0 | AC15: =VLOOKUP(C15,Theory!B18:Z87,25,FALSE) -> 0 | AD15: =VLOOKUP(C15,Theory!B18:AA87,26,FALSE) -> 0 | AE15: =MAX(SUM(W15:Z15),SUM(AA15:AD15)) -> 10 | AF15: =VLOOKUP(C15,Theory!B18:AB87,27,FALSE) -> 0 | AG15: =VLOOKUP(C15,Theory!B18:AC87,28,FALSE) -> 0 | AH15: =VLOOKUP(C15,Theory!B18:AD87,29,FALSE) -> 0 | AI15: =VLOOKUP(C15,Theory!B18:AE87,30,FALSE) -> 0 | AJ15: =VLOOKUP(C15,Theory!B18:AF87,31,FALSE) -> 0 | AK15: =VLOOKUP(C15,Theory!B18:AG87,32,FALSE) -> 0 | AL15: =VLOOKUP(C15,Theory!B18:AH87,33,FALSE) -> 0 | AM15: =VLOOKUP(C15,Theory!B18:AI87,34,FALSE) -> 0 | AN15: =MAX(SUM(AF15:AI15),SUM(AJ15:AM15)) -> 0 | AO15: =SUM(H15,M15,V15,AE15,AN15) -> 33 | AP15: =VLOOKUP(C15,Theory!B18:AJ87,35,FALSE) -> 2 | AQ15: =VLOOKUP(C15,Theory!B18:AK87,36,FALSE) -> 0 | AR15: =VLOOKUP(C15,Theory!B18:AL87,37,FALSE) -> 0 | AS15: =VLOOKUP(C15,Theory!B18:AM87,38,FALSE) -> 0 | AT15: =SUM(AP15:AS15) -> 2 | AU15: =VLOOKUP(C15,Theory!B18:AN87,39,FALSE) -> 6 | AV15: =VLOOKUP(C15,Theory!B18:AO87,40,FALSE) -> 0 | AW15: =VLOOKUP(C15,Theory!B18:AP87,41,FALSE) -> 0 | AX15: =VLOOKUP(C15,Theory!B18:AQ87,42,FALSE) -> 0 | AY15: =SUM(AU15:AX15) -> 6 | AZ15: =VLOOKUP(C15,Theory!B18:AR87,43,FALSE) -> 0 | BA15: =VLOOKUP(C15,Theory!B18:AS87,44,FALSE) -> 0 | BB15: =VLOOKUP(C15,Theory!B18:AT87,45,FALSE) -> 0 | BC15: =VLOOKUP(C15,Theory!B18:AU87,46,FALSE) -> 0 | BD15: =VLOOKUP(C15,Theory!B18:AV87,47,FALSE) -> 8 | BE15: =VLOOKUP(C15,Theory!B18:AW87,48,FALSE) -> 0 | BF15: =VLOOKUP(C15,Theory!B18:AX87,49,FALSE) -> 0 | BG15: =VLOOKUP(C15,Theory!B18:AY87,50,FALSE) -> 0 | BH15: =MAX(SUM(AZ15:BC15),SUM(BD15:BG15)) -> 8 | BI15: =VLOOKUP(C15,Theory!B18:AZ87,51,FALSE) -> 0 | BJ15: =VLOOKUP(C15,Theory!B18:BA87,52,FALSE) -> 0 | BK15: =VLOOKUP(C15,Theory!B18:BB87,53,FALSE) -> 0 | BL15: =VLOOKUP(C15,Theory!B18:BC87,54,FALSE) -> 0 | BM15: =VLOOKUP(C15,Theory!B18:BD87,55,FALSE) -> 2 | BN15: =VLOOKUP(C15,Theory!B18:BE87,56,FALSE) -> 0 | BO15: =VLOOKUP(C15,Theory!B18:BF87,57,FALSE) -> 0 | BP15: =VLOOKUP(C15,Theory!B18:BG87,58,FALSE) -> 0 | BQ15: =MAX(SUM(BI15:BL15),SUM(BM15:BP15)) -> 2 | BR15: =VLOOKUP(C15,Theory!B18:BH87,59,FALSE) -> 0 | BS15: =VLOOKUP(C15,Theory!B18:BI87,60,FALSE) -> 0 | BT15: =VLOOKUP(C15,Theory!B18:BJ87,61,FALSE) -> 0 | BU15: =VLOOKUP(C15,Theory!B18:BK87,62,FALSE) -> 0 | BV15: =VLOOKUP(C15,Theory!B18:BL87,63,FALSE) -> 4 | BW15: =VLOOKUP(C15,Theory!B18:BM87,64,FALSE) -> 0 | BX15: =VLOOKUP(C15,Theory!B18:BN87,65,FALSE) -> 0 | BY15: =VLOOKUP(C15,Theory!B18:BO87,66,FALSE) -> 0 | BZ15: =MAX(SUM(BR15:BU15),SUM(BV15:BY15)) -> 4 | CA15: =SUM(AT15,AY15,BH15,BQ15,BZ15) -> 22 | CB15: =VLOOKUP(C15,Theory!B18:BP87,67,FALSE) -> 9 | CC15: =VLOOKUP(C15,Theory!B18:BQ87,68,FALSE) -> 0 | CD15: =VLOOKUP(C15,Theory!B18:BR87,69,FALSE) -> 0 | CE15: =VLOOKUP(C15,Theory!B18:BS87,70,FALSE) -> 0 | CF15: =SUM(CB15:CE15) -> 9 | CG15: =VLOOKUP(C15,Theory!B18:BT87,71,FALSE) -> 9 | CH15: =VLOOKUP(C15,Theory!B18:BU87,72,FALSE) -> 0 | CI15: =VLOOKUP(C15,Theory!B18:BV87,73,FALSE) -> 0 | CJ15: =VLOOKUP(C15,Theory!B18:BW87,74,FALSE) -> 0 | CK15: =SUM(CG15:CJ15) -> 9 | CL15: =VLOOKUP(C15,Theory!B18:BX87,75,FALSE) -> 10 | CM15: =VLOOKUP(C15,Theory!B18:BY87,76,FALSE) -> 0 | CN15: =VLOOKUP(C15,Theory!B18:BZ87,77,FALSE) -> 0 | CO15: =VLOOKUP(C15,Theory!B18:CA87,78,FALSE) -> 0 | CP15: =VLOOKUP(C15,Theory!B18:CB87,79,FALSE) -> 0 | CQ15: =VLOOKUP(C15,Theory!B18:CC87,80,FALSE) -> 0 | CR15: =VLOOKUP(C15,Theory!B18:CD87,81,FALSE) -> 0 | CS15: =VLOOKUP(C15,Theory!B18:CE87,82,FALSE) -> 0 | CT15: =MAX(SUM(CL15:CO15),SUM(CP15:CS15)) -> 10 | CU15: =VLOOKUP(C15,Theory!B18:CF87,83,FALSE) -> 9 | CV15: =VLOOKUP(C15,Theory!B18:CG87,84,FALSE) -> 0 | CW15: =VLOOKUP(C15,Theory!B18:CH87,85,FALSE) -> 0 | CX15: =VLOOKUP(C15,Theory!B18:CI87,86,FALSE) -> 0 | CY15: =VLOOKUP(C15,Theory!B18:CJ87,87,FALSE) -> 0 | CZ15: =VLOOKUP(C15,Theory!B18:CK87,88,FALSE) -> 0 | DA15: =VLOOKUP(C15,Theory!B18:CL87,89,FALSE) -> 0 | DB15: =VLOOKUP(C15,Theory!B18:CM87,90,FALSE) -> 0 | DC15: =MAX(SUM(CU15:CX15),SUM(CY15:DB15)) -> 9 | DD15: =VLOOKUP(C15,Theory!B18:CN87,91,FALSE) -> 10 | DE15: =VLOOKUP(C15,Theory!B18:CO87,92,FALSE) -> 0 | DF15: =VLOOKUP(C15,Theory!B18:CP87,93,FALSE) -> 0 | DG15: =VLOOKUP(C15,Theory!B18:CQ87,94,FALSE) -> 0 | DH15: =VLOOKUP(C15,Theory!B18:CR87,95,FALSE) -> 0 | DI15: =VLOOKUP(C15,Theory!B18:CS87,96,FALSE) -> 0 | DJ15: =VLOOKUP(C15,Theory!B18:CT87,97,FALSE) -> 0 | DK15: =VLOOKUP(C15,Theory!B18:CU87,98,FALSE) -> 0 | DL15: =MAX(SUM(DD15:DG15),SUM(DH15:DK15)) -> 10 | DM15: =SUM(CF15,CK15,CT15,DC15,DL15) -> 47 | DN15: =AO15 -> 33 | DO15: =CA15 -> 22 | DP15: =DM15 -> 47 | DQ15: =ROUND(30*DN15/50,0) -> 20 | DR15: =ROUND(30*DO15/50,0) -> 13 | DS15: =ROUND(30*DP15/50,0) -> 28 | DT15: =ROUND(AVERAGE(DQ15:DS15),0) -> 20 | DU15: =VLOOKUP(C15,Theory!B18:CV87,99,FALSE) -> 6 | DV15: =VLOOKUP(C15,Theory!B18:CW87,100,FALSE) -> 10 | DW15: =SUM(DU15:DV15) -> 16 | DX15: =SUM(DT15:DV15) -> 36 | DY15: =ROUND((30*DX15/50),0) -> 22 | DZ15: =VLOOKUP(C15,Lab!B10:D79,3,FALSE) -> 0 | EA15: =VLOOKUP(C15,Lab!B10:E79,4,FALSE) -> 0 | EB15: =VLOOKUP(C15,Lab!B10:F79,5,FALSE) -> 30 | EC15: =SUM(DZ15:EB15) -> 30 | ED15: =VLOOKUP(C15,Lab!B10:G79,6,FALSE) -> 0 | EE15: =VLOOKUP(C15,Lab!B10:H79,7,FALSE) -> 0 | EF15: =VLOOKUP(C15,Lab!B10:I79,8,FALSE) -> 20 | EG15: =SUM(ED15:EF15) -> 20 | EH15: =SUM(EC15,EG15) -> 50 | EI15: =ROUND((20*EH15/50),0) -> 20 | EJ15: =SUM(DY15,EI15) -> 42 | EK15: 38.5 | EM15: =VLOOKUP(C15,Theory!B18:DK87,114,FALSE) -> 0 | EN15: =VLOOKUP(C15,Theory!B18:DL87,115,FALSE) -> 0 | EO15: =VLOOKUP(C15,Theory!B18:DM87,116,FALSE) -> 0 | EP15: =VLOOKUP(C15,Theory!B18:DN87,117,FALSE) -> 0 | EQ15: =VLOOKUP(C15,Theory!B18:DO87,118,FALSE) -> 0 | ER15: =VLOOKUP(C15,Theory!B18:DP87,119,FALSE) -> 0 | ES15: =VLOOKUP(C15,Theory!B18:DQ87,120,FALSE) -> 0 | ET15: =SUM(ER15:ES15) -> 0
A16: 3 | B16: =Theory!C19 -> ABHISHEK SINGH | C16: =Theory!B19 -> 1DS23AI003 | D16: =VLOOKUP(C16,Theory!B19:D88,3,FALSE) -> 0 | E16: =VLOOKUP(C16,Theory!B19:E88,4,FALSE) -> 0 | F16: =VLOOKUP(C16,Theory!B19:F88,5,FALSE) -> 0 | G16: =VLOOKUP(C16,Theory!B19:G88,6,FALSE) -> 0 | H16: =SUM(D16:G16) -> 0 | I16: =VLOOKUP(C16,Theory!B19:H88,7,FALSE) -> 5 | J16: =VLOOKUP(C16,Theory!B19:I88,8,FALSE) -> 0 | K16: =VLOOKUP(C16,Theory!B19:J88,9,FALSE) -> 0 | L16: =VLOOKUP(C16,Theory!B19:K88,10,FALSE) -> 0 | M16: =SUM(I16:L16) -> 5 | N16: =VLOOKUP(C16,Theory!B19:L88,11,FALSE) -> 5 | O16: =VLOOKUP(C16,Theory!B19:M88,12,FALSE) -> 0 | P16: =VLOOKUP(C16,Theory!B19:N88,13,FALSE) -> 0 | Q16: =VLOOKUP(C16,Theory!B19:O88,14,FALSE) -> 0 | R16: =VLOOKUP(C16,Theory!B19:P88,15,FALSE) -> 0 | S16: =VLOOKUP(C16,Theory!B19:Q88,16,FALSE) -> 0 | T16: =VLOOKUP(C16,Theory!B19:R88,17,FALSE) -> 0 | U16: =VLOOKUP(C16,Theory!B19:S88,18,FALSE) -> 0 | V16: =MAX(SUM(N16:Q16),SUM(R16:U16)) -> 5 | W16: =VLOOKUP(C16,Theory!B19:T88,19,FALSE) -> 6 | X16: =VLOOKUP(C16,Theory!B19:U88,20,FALSE) -> 0 | Y16: =VLOOKUP(C16,Theory!B19:V88,21,FALSE) -> 0 | Z16: =VLOOKUP(C16,Theory!B19:W88,22,FALSE) -> 0 | AA16: =VLOOKUP(C16,Theory!B19:X88,23,FALSE) -> 0 | AB16: =VLOOKUP(C16,Theory!B19:Y88,24,FALSE) -> 0 | AC16: =VLOOKUP(C16,Theory!B19:Z88,25,FALSE) -> 0 | AD16: =VLOOKUP(C16,Theory!B19:AA88,26,FALSE) -> 0 | AE16: =MAX(SUM(W16:Z16),SUM(AA16:AD16)) -> 6 | AF16: =VLOOKUP(C16,Theory!B19:AB88,27,FALSE) -> 7 | AG16: =VLOOKUP(C16,Theory!B19:AC88,28,FALSE) -> 0 | AH16: =VLOOKUP(C16,Theory!B19:AD88,29,FALSE) -> 0 | AI16: =VLOOKUP(C16,Theory!B19:AE88,30,FALSE) -> 0 | AJ16: =VLOOKUP(C16,Theory!B19:AF88,31,FALSE) -> 0 | AK16: =VLOOKUP(C16,Theory!B19:AG88,32,FALSE) -> 0 | AL16: =VLOOKUP(C16,Theory!B19:AH88,33,FALSE) -> 0 | AM16: =VLOOKUP(C16,Theory!B19:AI88,34,FALSE) -> 0 | AN16: =MAX(SUM(AF16:AI16),SUM(AJ16:AM16)) -> 7 | AO16: =SUM(H16,M16,V16,AE16,AN16) -> 23 | AP16: =VLOOKUP(C16,Theory!B19:AJ88,35,FALSE) -> 8 | AQ16: =VLOOKUP(C16,Theory!B19:AK88,36,FALSE) -> 0 | AR16: =VLOOKUP(C16,Theory!B19:AL88,37,FALSE) -> 0 | AS16: =VLOOKUP(C16,Theory!B19:AM88,38,FALSE) -> 0 | AT16: =SUM(AP16:AS16) -> 8 | AU16: =VLOOKUP(C16,Theory!B19:AN88,39,FALSE) -> 9 | AV16: =VLOOKUP(C16,Theory!B19:AO88,40,FALSE) -> 0 | AW16: =VLOOKUP(C16,Theory!B19:AP88,41,FALSE) -> 0 | AX16: =VLOOKUP(C16,Theory!B19:AQ88,42,FALSE) -> 0 | AY16: =SUM(AU16:AX16) -> 9 | AZ16: =VLOOKUP(C16,Theory!B19:AR88,43,FALSE) -> 0 | BA16: =VLOOKUP(C16,Theory!B19:AS88,44,FALSE) -> 0 | BB16: =VLOOKUP(C16,Theory!B19:AT88,45,FALSE) -> 0 | BC16: =VLOOKUP(C16,Theory!B19:AU88,46,FALSE) -> 0 | BD16: =VLOOKUP(C16,Theory!B19:AV88,47,FALSE) -> 9 | BE16: =VLOOKUP(C16,Theory!B19:AW88,48,FALSE) -> 0 | BF16: =VLOOKUP(C16,Theory!B19:AX88,49,FALSE) -> 0 | BG16: =VLOOKUP(C16,Theory!B19:AY88,50,FALSE) -> 0 | BH16: =MAX(SUM(AZ16:BC16),SUM(BD16:BG16)) -> 9 | BI16: =VLOOKUP(C16,Theory!B19:AZ88,51,FALSE) -> 10 | BJ16: =VLOOKUP(C16,Theory!B19:BA88,52,FALSE) -> 0 | BK16: =VLOOKUP(C16,Theory!B19:BB88,53,FALSE) -> 0 | BL16: =VLOOKUP(C16,Theory!B19:BC88,54,FALSE) -> 0 | BM16: =VLOOKUP(C16,Theory!B19:BD88,55,FALSE) -> 0 | BN16: =VLOOKUP(C16,Theory!B19:BE88,56,FALSE) -> 0 | BO16: =VLOOKUP(C16,Theory!B19:BF88,57,FALSE) -> 0 | BP16: =VLOOKUP(C16,Theory!B19:BG88,58,FALSE) -> 0 | BQ16: =MAX(SUM(BI16:BL16),SUM(BM16:BP16)) -> 10 | BR16: =VLOOKUP(C16,Theory!B19:BH88,59,FALSE) -> 0 | BS16: =VLOOKUP(C16,Theory!B19:BI88,60,FALSE) -> 0 | BT16: =VLOOKUP(C16,Theory!B19:BJ88,61,FALSE) -> 0 | BU16: =VLOOKUP(C16,Theory!B19:BK88,62,FALSE) -> 0 | BV16: =VLOOKUP(C16,Theory!B19:BL88,63,FALSE) -> 0 | BW16: =VLOOKUP(C16,Theory!B19:BM88,64,FALSE) -> 0 | BX16: =VLOOKUP(C16,Theory!B19:BN88,65,FALSE) -> 0 | BY16: =VLOOKUP(C16,Theory!B19:BO88,66,FALSE) -> 0 | BZ16: =MAX(SUM(BR16:BU16),SUM(BV16:BY16)) -> 0 | CA16: =SUM(AT16,AY16,BH16,BQ16,BZ16) -> 36 | CB16: =VLOOKUP(C16,Theory!B19:BP88,67,FALSE) -> 8 | CC16: =VLOOKUP(C16,Theory!B19:BQ88,68,FALSE) -> 0 | CD16: =VLOOKUP(C16,Theory!B19:BR88,69,FALSE) -> 0 | CE16: =VLOOKUP(C16,Theory!B19:BS88,70,FALSE) -> 0 | CF16: =SUM(CB16:CE16) -> 8 | CG16: =VLOOKUP(C16,Theory!B19:BT88,71,FALSE) -> 4 | CH16: =VLOOKUP(C16,Theory!B19:BU88,72,FALSE) -> 0 | CI16: =VLOOKUP(C16,Theory!B19:BV88,73,FALSE) -> 0 | CJ16: =VLOOKUP(C16,Theory!B19:BW88,74,FALSE) -> 0 | CK16: =SUM(CG16:CJ16) -> 4 | CL16: =VLOOKUP(C16,Theory!B19:BX88,75,FALSE) -> 0 | CM16: =VLOOKUP(C16,Theory!B19:BY88,76,FALSE) -> 0 | CN16: =VLOOKUP(C16,Theory!B19:BZ88,77,FALSE) -> 0 | CO16: =VLOOKUP(C16,Theory!B19:CA88,78,FALSE) -> 0 | CP16: =VLOOKUP(C16,Theory!B19:CB88,79,FALSE) -> 8 | CQ16: =VLOOKUP(C16,Theory!B19:CC88,80,FALSE) -> 0 | CR16: =VLOOKUP(C16,Theory!B19:CD88,81,FALSE) -> 0 | CS16: =VLOOKUP(C16,Theory!B19:CE88,82,FALSE) -> 0 | CT16: =MAX(SUM(CL16:CO16),SUM(CP16:CS16)) -> 8 | CU16: =VLOOKUP(C16,Theory!B19:CF88,83,FALSE) -> 0 | CV16: =VLOOKUP(C16,Theory!B19:CG88,84,FALSE) -> 0 | CW16: =VLOOKUP(C16,Theory!B19:CH88,85,FALSE) -> 0 | CX16: =VLOOKUP(C16,Theory!B19:CI88,86,FALSE) -> 0 | CY16: =VLOOKUP(C16,Theory!B19:CJ88,87,FALSE) -> 0 | CZ16: =VLOOKUP(C16,Theory!B19:CK88,88,FALSE) -> 0 | DA16: =VLOOKUP(C16,Theory!B19:CL88,89,FALSE) -> 0 | DB16: =VLOOKUP(C16,Theory!B19:CM88,90,FALSE) -> 0 | DC16: =MAX(SUM(CU16:CX16),SUM(CY16:DB16)) -> 0 | DD16: =VLOOKUP(C16,Theory!B19:CN88,91,FALSE) -> 5 | DE16: =VLOOKUP(C16,Theory!B19:CO88,92,FALSE) -> 0 | DF16: =VLOOKUP(C16,Theory!B19:CP88,93,FALSE) -> 0 | DG16: =VLOOKUP(C16,Theory!B19:CQ88,94,FALSE) -> 0 | DH16: =VLOOKUP(C16,Theory!B19:CR88,95,FALSE) -> 0 | DI16: =VLOOKUP(C16,Theory!B19:CS88,96,FALSE) -> 0 | DJ16: =VLOOKUP(C16,Theory!B19:CT88,97,FALSE) -> 0 | DK16: =VLOOKUP(C16,Theory!B19:CU88,98,FALSE) -> 0 | DL16: =MAX(SUM(DD16:DG16),SUM(DH16:DK16)) -> 5 | DM16: =SUM(CF16,CK16,CT16,DC16,DL16) -> 25 | DN16: =AO16 -> 23 | DO16: =CA16 -> 36 | DP16: =DM16 -> 25 | DQ16: =ROUND(30*DN16/50,0) -> 14 | DR16: =ROUND(30*DO16/50,0) -> 22 | DS16: =ROUND(30*DP16/50,0) -> 15 | DT16: =ROUND(AVERAGE(DQ16:DS16),0) -> 17 | DU16: =VLOOKUP(C16,Theory!B19:CV88,99,FALSE) -> 6 | DV16: =VLOOKUP(C16,Theory!B19:CW88,100,FALSE) -> 10 | DW16: =SUM(DU16:DV16) -> 16 | DX16: =SUM(DT16:DV16) -> 33 | DY16: =ROUND((30*DX16/50),0) -> 20 | DZ16: =VLOOKUP(C16,Lab!B11:D80,3,FALSE) -> 0 | EA16: =VLOOKUP(C16,Lab!B11:E80,4,FALSE) -> 0 | EB16: =VLOOKUP(C16,Lab!B11:F80,5,FALSE) -> 25 | EC16: =SUM(DZ16:EB16) -> 25 | ED16: =VLOOKUP(C16,Lab!B11:G80,6,FALSE) -> 0 | EE16: =VLOOKUP(C16,Lab!B11:H80,7,FALSE) -> 0 | EF16: 10 | EG16: =SUM(ED16:EF16) -> 10 | EH16: =SUM(EC16,EG16) -> 35 | EI16: =ROUND((20*EH16/50),0) -> 14 | EJ16: =SUM(DY16,EI16) -> 34 | EK16: 30 | EM16: =VLOOKUP(C16,Theory!B19:DK88,114,FALSE) -> 0 | EN16: =VLOOKUP(C16,Theory!B19:DL88,115,FALSE) -> 0 | EO16: =VLOOKUP(C16,Theory!B19:DM88,116,FALSE) -> 0 | EP16: =VLOOKUP(C16,Theory!B19:DN88,117,FALSE) -> 0 | EQ16: =VLOOKUP(C16,Theory!B19:DO88,118,FALSE) -> 0 | ER16: =VLOOKUP(C16,Theory!B19:DP88,119,FALSE) -> 0 | ES16: =VLOOKUP(C16,Theory!B19:DQ88,120,FALSE) -> 0 | ET16: =SUM(ER16:ES16) -> 0
A17: 4 | B17: =Theory!C20 -> ABHISHEK V | C17: =Theory!B20 -> 1DS23AI004 | D17: =VLOOKUP(C17,Theory!B20:D89,3,FALSE) -> 7 | E17: =VLOOKUP(C17,Theory!B20:E89,4,FALSE) -> 0 | F17: =VLOOKUP(C17,Theory!B20:F89,5,FALSE) -> 0 | G17: =VLOOKUP(C17,Theory!B20:G89,6,FALSE) -> 0 | H17: =SUM(D17:G17) -> 7 | I17: =VLOOKUP(C17,Theory!B20:H89,7,FALSE) -> 8 | J17: =VLOOKUP(C17,Theory!B20:I89,8,FALSE) -> 0 | K17: =VLOOKUP(C17,Theory!B20:J89,9,FALSE) -> 0 | L17: =VLOOKUP(C17,Theory!B20:K89,10,FALSE) -> 0 | M17: =SUM(I17:L17) -> 8 | N17: =VLOOKUP(C17,Theory!B20:L89,11,FALSE) -> 6 | O17: =VLOOKUP(C17,Theory!B20:M89,12,FALSE) -> 0 | P17: =VLOOKUP(C17,Theory!B20:N89,13,FALSE) -> 0 | Q17: =VLOOKUP(C17,Theory!B20:O89,14,FALSE) -> 0 | R17: =VLOOKUP(C17,Theory!B20:P89,15,FALSE) -> 0 | S17: =VLOOKUP(C17,Theory!B20:Q89,16,FALSE) -> 0 | T17: =VLOOKUP(C17,Theory!B20:R89,17,FALSE) -> 0 | U17: =VLOOKUP(C17,Theory!B20:S89,18,FALSE) -> 0 | V17: =MAX(SUM(N17:Q17),SUM(R17:U17)) -> 6 | W17: =VLOOKUP(C17,Theory!B20:T89,19,FALSE) -> 7 | X17: =VLOOKUP(C17,Theory!B20:U89,20,FALSE) -> 0 | Y17: =VLOOKUP(C17,Theory!B20:V89,21,FALSE) -> 0 | Z17: =VLOOKUP(C17,Theory!B20:W89,22,FALSE) -> 0 | AA17: =VLOOKUP(C17,Theory!B20:X89,23,FALSE) -> 0 | AB17: =VLOOKUP(C17,Theory!B20:Y89,24,FALSE) -> 0 | AC17: =VLOOKUP(C17,Theory!B20:Z89,25,FALSE) -> 0 | AD17: =VLOOKUP(C17,Theory!B20:AA89,26,FALSE) -> 0 | AE17: =MAX(SUM(W17:Z17),SUM(AA17:AD17)) -> 7 | AF17: =VLOOKUP(C17,Theory!B20:AB89,27,FALSE) -> 0 | AG17: =VLOOKUP(C17,Theory!B20:AC89,28,FALSE) -> 0 | AH17: =VLOOKUP(C17,Theory!B20:AD89,29,FALSE) -> 0 | AI17: =VLOOKUP(C17,Theory!B20:AE89,30,FALSE) -> 0 | AJ17: =VLOOKUP(C17,Theory!B20:AF89,31,FALSE) -> 10 | AK17: =VLOOKUP(C17,Theory!B20:AG89,32,FALSE) -> 0 | AL17: =VLOOKUP(C17,Theory!B20:AH89,33,FALSE) -> 0 | AM17: =VLOOKUP(C17,Theory!B20:AI89,34,FALSE) -> 0 | AN17: =MAX(SUM(AF17:AI17),SUM(AJ17:AM17)) -> 10 | AO17: =SUM(H17,M17,V17,AE17,AN17) -> 38 | AP17: =VLOOKUP(C17,Theory!B20:AJ89,35,FALSE) -> 4 | AQ17: =VLOOKUP(C17,Theory!B20:AK89,36,FALSE) -> 0 | AR17: =VLOOKUP(C17,Theory!B20:AL89,37,FALSE) -> 0 | AS17: =VLOOKUP(C17,Theory!B20:AM89,38,FALSE) -> 0 | AT17: =SUM(AP17:AS17) -> 4 | AU17: =VLOOKUP(C17,Theory!B20:AN89,39,FALSE) -> 7 | AV17: =VLOOKUP(C17,Theory!B20:AO89,40,FALSE) -> 0 | AW17: =VLOOKUP(C17,Theory!B20:AP89,41,FALSE) -> 0 | AX17: =VLOOKUP(C17,Theory!B20:AQ89,42,FALSE) -> 0 | AY17: =SUM(AU17:AX17) -> 7 | AZ17: =VLOOKUP(C17,Theory!B20:AR89,43,FALSE) -> 0 | BA17: =VLOOKUP(C17,Theory!B20:AS89,44,FALSE) -> 0 | BB17: =VLOOKUP(C17,Theory!B20:AT89,45,FALSE) -> 0 | BC17: =VLOOKUP(C17,Theory!B20:AU89,46,FALSE) -> 0 | BD17: =VLOOKUP(C17,Theory!B20:AV89,47,FALSE) -> 8 | BE17: =VLOOKUP(C17,Theory!B20:AW89,48,FALSE) -> 0 | BF17: =VLOOKUP(C17,Theory!B20:AX89,49,FALSE) -> 0 | BG17: =VLOOKUP(C17,Theory!B20:AY89,50,FALSE) -> 0 | BH17: =MAX(SUM(AZ17:BC17),SUM(BD17:BG17)) -> 8 | BI17: =VLOOKUP(C17,Theory!B20:AZ89,51,FALSE) -> 4 | BJ17: =VLOOKUP(C17,Theory!B20:BA89,52,FALSE) -> 0 | BK17: =VLOOKUP(C17,Theory!B20:BB89,53,FALSE) -> 0 | BL17: =VLOOKUP(C17,Theory!B20:BC89,54,FALSE) -> 0 | BM17: =VLOOKUP(C17,Theory!B20:BD89,55,FALSE) -> 0 | BN17: =VLOOKUP(C17,Theory!B20:BE89,56,FALSE) -> 0 | BO17: =VLOOKUP(C17,Theory!B20:BF89,57,FALSE) -> 0 | BP17: =VLOOKUP(C17,Theory!B20:BG89,58,FALSE) -> 0 | BQ17: =MAX(SUM(BI17:BL17),SUM(BM17:BP17)) -> 4 | BR17: =VLOOKUP(C17,Theory!B20:BH89,59,FALSE) -> 5 | BS17: =VLOOKUP(C17,Theory!B20:BI89,60,FALSE) -> 0 | BT17: =VLOOKUP(C17,Theory!B20:BJ89,61,FALSE) -> 0 | BU17: =VLOOKUP(C17,Theory!B20:BK89,62,FALSE) -> 0 | BV17: =VLOOKUP(C17,Theory!B20:BL89,63,FALSE) -> 0 | BW17: =VLOOKUP(C17,Theory!B20:BM89,64,FALSE) -> 0 | BX17: =VLOOKUP(C17,Theory!B20:BN89,65,FALSE) -> 0 | BY17: =VLOOKUP(C17,Theory!B20:BO89,66,FALSE) -> 0 | BZ17: =MAX(SUM(BR17:BU17),SUM(BV17:BY17)) -> 5 | CA17: =SUM(AT17,AY17,BH17,BQ17,BZ17) -> 28 | CB17: =VLOOKUP(C17,Theory!B20:BP89,67,FALSE) -> 5 | CC17: =VLOOKUP(C17,Theory!B20:BQ89,68,FALSE) -> 0 | CD17: =VLOOKUP(C17,Theory!B20:BR89,69,FALSE) -> 0 | CE17: =VLOOKUP(C17,Theory!B20:BS89,70,FALSE) -> 0 | CF17: =SUM(CB17:CE17) -> 5 | CG17: =VLOOKUP(C17,Theory!B20:BT89,71,FALSE) -> 8 | CH17: =VLOOKUP(C17,Theory!B20:BU89,72,FALSE) -> 0 | CI17: =VLOOKUP(C17,Theory!B20:BV89,73,FALSE) -> 0 | CJ17: =VLOOKUP(C17,Theory!B20:BW89,74,FALSE) -> 0 | CK17: =SUM(CG17:CJ17) -> 8 | CL17: =VLOOKUP(C17,Theory!B20:BX89,75,FALSE) -> 0 | CM17: =VLOOKUP(C17,Theory!B20:BY89,76,FALSE) -> 0 | CN17: =VLOOKUP(C17,Theory!B20:BZ89,77,FALSE) -> 0 | CO17: =VLOOKUP(C17,Theory!B20:CA89,78,FALSE) -> 0 | CP17: =VLOOKUP(C17,Theory!B20:CB89,79,FALSE) -> 1 | CQ17: =VLOOKUP(C17,Theory!B20:CC89,80,FALSE) -> 0 | CR17: =VLOOKUP(C17,Theory!B20:CD89,81,FALSE) -> 0 | CS17: =VLOOKUP(C17,Theory!B20:CE89,82,FALSE) -> 0 | CT17: =MAX(SUM(CL17:CO17),SUM(CP17:CS17)) -> 1 | CU17: =VLOOKUP(C17,Theory!B20:CF89,83,FALSE) -> 5 | CV17: =VLOOKUP(C17,Theory!B20:CG89,84,FALSE) -> 0 | CW17: =VLOOKUP(C17,Theory!B20:CH89,85,FALSE) -> 0 | CX17: =VLOOKUP(C17,Theory!B20:CI89,86,FALSE) -> 0 | CY17: =VLOOKUP(C17,Theory!B20:CJ89,87,FALSE) -> 0 | CZ17: =VLOOKUP(C17,Theory!B20:CK89,88,FALSE) -> 0 | DA17: =VLOOKUP(C17,Theory!B20:CL89,89,FALSE) -> 0 | DB17: =VLOOKUP(C17,Theory!B20:CM89,90,FALSE) -> 0 | DC17: =MAX(SUM(CU17:CX17),SUM(CY17:DB17)) -> 5 | DD17: =VLOOKUP(C17,Theory!B20:CN89,91,FALSE) -> 0 | DE17: =VLOOKUP(C17,Theory!B20:CO89,92,FALSE) -> 0 | DF17: =VLOOKUP(C17,Theory!B20:CP89,93,FALSE) -> 0 | DG17: =VLOOKUP(C17,Theory!B20:CQ89,94,FALSE) -> 0 | DH17: =VLOOKUP(C17,Theory!B20:CR89,95,FALSE) -> 0 | DI17: =VLOOKUP(C17,Theory!B20:CS89,96,FALSE) -> 0 | DJ17: =VLOOKUP(C17,Theory!B20:CT89,97,FALSE) -> 0 | DK17: =VLOOKUP(C17,Theory!B20:CU89,98,FALSE) -> 0 | DL17: =MAX(SUM(DD17:DG17),SUM(DH17:DK17)) -> 0 | DM17: =SUM(CF17,CK17,CT17,DC17,DL17) -> 19 | DN17: =AO17 -> 38 | DO17: =CA17 -> 28 | DP17: =DM17 -> 19 | DQ17: =ROUND(30*DN17/50,0) -> 23 | DR17: =ROUND(30*DO17/50,0) -> 17 | DS17: =ROUND(30*DP17/50,0) -> 11 | DT17: =ROUND(AVERAGE(DQ17:DS17),0) -> 17 | DU17: =VLOOKUP(C17,Theory!B20:CV89,99,FALSE) -> 8 | DV17: =VLOOKUP(C17,Theory!B20:CW89,100,FALSE) -> 10 | DW17: =SUM(DU17:DV17) -> 18 | DX17: =SUM(DT17:DV17) -> 35 | DY17: =ROUND((30*DX17/50),0) -> 21 | DZ17: =VLOOKUP(C17,Lab!B12:D81,3,FALSE) -> 0 | EA17: =VLOOKUP(C17,Lab!B12:E81,4,FALSE) -> 0 | EB17: =VLOOKUP(C17,Lab!B12:F81,5,FALSE) -> 28 | EC17: =SUM(DZ17:EB17) -> 28 | ED17: =VLOOKUP(C17,Lab!B12:G81,6,FALSE) -> 0 | EE17: =VLOOKUP(C17,Lab!B12:H81,7,FALSE) -> 0 | EF17: 15 | EG17: =SUM(ED17:EF17) -> 15 | EH17: =SUM(EC17,EG17) -> 43 | EI17: =ROUND((20*EH17/50),0) -> 17 | EJ17: =SUM(DY17,EI17) -> 38 | EK17: 32.5 | EM17: =VLOOKUP(C17,Theory!B20:DK89,114,FALSE) -> 0 | EN17: =VLOOKUP(C17,Theory!B20:DL89,115,FALSE) -> 0 | EO17: =VLOOKUP(C17,Theory!B20:DM89,116,FALSE) -> 0 | EP17: =VLOOKUP(C17,Theory!B20:DN89,117,FALSE) -> 0 | EQ17: =VLOOKUP(C17,Theory!B20:DO89,118,FALSE) -> 0 | ER17: =VLOOKUP(C17,Theory!B20:DP89,119,FALSE) -> 0 | ES17: =VLOOKUP(C17,Theory!B20:DQ89,120,FALSE) -> 0 | ET17: =SUM(ER17:ES17) -> 0
A18: 5 | B18: =Theory!C21 -> ADITYA B RAWANAWAR | C18: =Theory!B21 -> 1DS23AI005 | D18: =VLOOKUP(C18,Theory!B21:D92,3,FALSE) -> 7 | E18: =VLOOKUP(C18,Theory!B21:E92,4,FALSE) -> 0 | F18: =VLOOKUP(C18,Theory!B21:F92,5,FALSE) -> 0 | G18: =VLOOKUP(C18,Theory!B21:G92,6,FALSE) -> 0 | H18: =SUM(D18:G18) -> 7 | I18: =VLOOKUP(C18,Theory!B21:H92,7,FALSE) -> 6 | J18: =VLOOKUP(C18,Theory!B21:I92,8,FALSE) -> 0 | K18: =VLOOKUP(C18,Theory!B21:J92,9,FALSE) -> 0 | L18: =VLOOKUP(C18,Theory!B21:K92,10,FALSE) -> 0 | M18: =SUM(I18:L18) -> 6 | N18: =VLOOKUP(C18,Theory!B21:L92,11,FALSE) -> 5 | O18: =VLOOKUP(C18,Theory!B21:M92,12,FALSE) -> 0 | P18: =VLOOKUP(C18,Theory!B21:N92,13,FALSE) -> 0 | Q18: =VLOOKUP(C18,Theory!B21:O92,14,FALSE) -> 0 | R18: =VLOOKUP(C18,Theory!B21:P92,15,FALSE) -> 0 | S18: =VLOOKUP(C18,Theory!B21:Q92,16,FALSE) -> 0 | T18: =VLOOKUP(C18,Theory!B21:R92,17,FALSE) -> 0 | U18: =VLOOKUP(C18,Theory!B21:S92,18,FALSE) -> 0 | V18: =MAX(SUM(N18:Q18),SUM(R18:U18)) -> 5 | W18: =VLOOKUP(C18,Theory!B21:T92,19,FALSE) -> 0 | X18: =VLOOKUP(C18,Theory!B21:U92,20,FALSE) -> 0 | Y18: =VLOOKUP(C18,Theory!B21:V92,21,FALSE) -> 0 | Z18: =VLOOKUP(C18,Theory!B21:W92,22,FALSE) -> 0 | AA18: =VLOOKUP(C18,Theory!B21:X92,23,FALSE) -> 10 | AB18: =VLOOKUP(C18,Theory!B21:Y92,24,FALSE) -> 0 | AC18: =VLOOKUP(C18,Theory!B21:Z92,25,FALSE) -> 0 | AD18: =VLOOKUP(C18,Theory!B21:AA92,26,FALSE) -> 0 | AE18: =MAX(SUM(W18:Z18),SUM(AA18:AD18)) -> 10 | AF18: =VLOOKUP(C18,Theory!B21:AB92,27,FALSE) -> 0 | AG18: =VLOOKUP(C18,Theory!B21:AC92,28,FALSE) -> 0 | AH18: =VLOOKUP(C18,Theory!B21:AD92,29,FALSE) -> 0 | AI18: =VLOOKUP(C18,Theory!B21:AE92,30,FALSE) -> 0 | AJ18: =VLOOKUP(C18,Theory!B21:AF92,31,FALSE) -> 8 | AK18: =VLOOKUP(C18,Theory!B21:AG92,32,FALSE) -> 0 | AL18: =VLOOKUP(C18,Theory!B21:AH92,33,FALSE) -> 0 | AM18: =VLOOKUP(C18,Theory!B21:AI92,34,FALSE) -> 0 | AN18: =MAX(SUM(AF18:AI18),SUM(AJ18:AM18)) -> 8 | AO18: =SUM(H18,M18,V18,AE18,AN18) -> 36 | AP18: =VLOOKUP(C18,Theory!B21:AJ92,35,FALSE) -> 8 | AQ18: =VLOOKUP(C18,Theory!B21:AK92,36,FALSE) -> 0 | AR18: =VLOOKUP(C18,Theory!B21:AL92,37,FALSE) -> 0 | AS18: =VLOOKUP(C18,Theory!B21:AM92,38,FALSE) -> 0 | AT18: =SUM(AP18:AS18) -> 8 | AU18: =VLOOKUP(C18,Theory!B21:AN92,39,FALSE) -> 6 | AV18: =VLOOKUP(C18,Theory!B21:AO92,40,FALSE) -> 0 | AW18: =VLOOKUP(C18,Theory!B21:AP92,41,FALSE) -> 0 | AX18: =VLOOKUP(C18,Theory!B21:AQ92,42,FALSE) -> 0 | AY18: =SUM(AU18:AX18) -> 6 | AZ18: =VLOOKUP(C18,Theory!B21:AR92,43,FALSE) -> 6 | BA18: =VLOOKUP(C18,Theory!B21:AS92,44,FALSE) -> 0 | BB18: =VLOOKUP(C18,Theory!B21:AT92,45,FALSE) -> 0 | BC18: =VLOOKUP(C18,Theory!B21:AU92,46,FALSE) -> 0 | BD18: =VLOOKUP(C18,Theory!B21:AV92,47,FALSE) -> 0 | BE18: =VLOOKUP(C18,Theory!B21:AW92,48,FALSE) -> 0 | BF18: =VLOOKUP(C18,Theory!B21:AX92,49,FALSE) -> 0 | BG18: =VLOOKUP(C18,Theory!B21:AY92,50,FALSE) -> 0 | BH18: =MAX(SUM(AZ18:BC18),SUM(BD18:BG18)) -> 6 | BI18: =VLOOKUP(C18,Theory!B21:AZ92,51,FALSE) -> 6 | BJ18: =VLOOKUP(C18,Theory!B21:BA92,52,FALSE) -> 0 | BK18: =VLOOKUP(C18,Theory!B21:BB92,53,FALSE) -> 0 | BL18: =VLOOKUP(C18,Theory!B21:BC92,54,FALSE) -> 0 | BM18: =VLOOKUP(C18,Theory!B21:BD92,55,FALSE) -> 0 | BN18: =VLOOKUP(C18,Theory!B21:BE92,56,FALSE) -> 0 | BO18: =VLOOKUP(C18,Theory!B21:BF92,57,FALSE) -> 0 | BP18: =VLOOKUP(C18,Theory!B21:BG92,58,FALSE) -> 0 | BQ18: =MAX(SUM(BI18:BL18),SUM(BM18:BP18)) -> 6 | BR18: =VLOOKUP(C18,Theory!B21:BH92,59,FALSE) -> 8 | BS18: =VLOOKUP(C18,Theory!B21:BI92,60,FALSE) -> 0 | BT18: =VLOOKUP(C18,Theory!B21:BJ92,61,FALSE) -> 0 | BU18: =VLOOKUP(C18,Theory!B21:BK92,62,FALSE) -> 0 | BV18: =VLOOKUP(C18,Theory!B21:BL92,63,FALSE) -> 0 | BW18: =VLOOKUP(C18,Theory!B21:BM92,64,FALSE) -> 0 | BX18: =VLOOKUP(C18,Theory!B21:BN92,65,FALSE) -> 0 | BY18: =VLOOKUP(C18,Theory!B21:BO92,66,FALSE) -> 0 | BZ18: =MAX(SUM(BR18:BU18),SUM(BV18:BY18)) -> 8 | CA18: =SUM(AT18,AY18,BH18,BQ18,BZ18) -> 34 | CB18: =VLOOKUP(C18,Theory!B21:BP92,67,FALSE) -> 8 | CC18: =VLOOKUP(C18,Theory!B21:BQ92,68,FALSE) -> 0 | CD18: =VLOOKUP(C18,Theory!B21:BR92,69,FALSE) -> 0 | CE18: =VLOOKUP(C18,Theory!B21:BS92,70,FALSE) -> 0 | CF18: =SUM(CB18:CE18) -> 8 | CG18: =VLOOKUP(C18,Theory!B21:BT92,71,FALSE) -> 8 | CH18: =VLOOKUP(C18,Theory!B21:BU92,72,FALSE) -> 0 | CI18: =VLOOKUP(C18,Theory!B21:BV92,73,FALSE) -> 0 | CJ18: =VLOOKUP(C18,Theory!B21:BW92,74,FALSE) -> 0 | CK18: =SUM(CG18:CJ18) -> 8 | CL18: =VLOOKUP(C18,Theory!B21:BX92,75,FALSE) -> 0 | CM18: =VLOOKUP(C18,Theory!B21:BY92,76,FALSE) -> 0 | CN18: =VLOOKUP(C18,Theory!B21:BZ92,77,FALSE) -> 0 | CO18: =VLOOKUP(C18,Theory!B21:CA92,78,FALSE) -> 0 | CP18: =VLOOKUP(C18,Theory!B21:CB92,79,FALSE) -> 8 | CQ18: =VLOOKUP(C18,Theory!B21:CC92,80,FALSE) -> 0 | CR18: =VLOOKUP(C18,Theory!B21:CD92,81,FALSE) -> 0 | CS18: =VLOOKUP(C18,Theory!B21:CE92,82,FALSE) -> 0 | CT18: =MAX(SUM(CL18:CO18),SUM(CP18:CS18)) -> 8 | CU18: =VLOOKUP(C18,Theory!B21:CF92,83,FALSE) -> 7 | CV18: =VLOOKUP(C18,Theory!B21:CG92,84,FALSE) -> 0 | CW18: =VLOOKUP(C18,Theory!B21:CH92,85,FALSE) -> 0 | CX18: =VLOOKUP(C18,Theory!B21:CI92,86,FALSE) -> 0 | CY18: =VLOOKUP(C18,Theory!B21:CJ92,87,FALSE) -> 0 | CZ18: =VLOOKUP(C18,Theory!B21:CK92,88,FALSE) -> 0 | DA18: =VLOOKUP(C18,Theory!B21:CL92,89,FALSE) -> 0 | DB18: =VLOOKUP(C18,Theory!B21:CM92,90,FALSE) -> 0 | DC18: =MAX(SUM(CU18:CX18),SUM(CY18:DB18)) -> 7 | DD18: =VLOOKUP(C18,Theory!B21:CN92,91,FALSE) -> 8 | DE18: =VLOOKUP(C18,Theory!B21:CO92,92,FALSE) -> 0 | DF18: =VLOOKUP(C18,Theory!B21:CP92,93,FALSE) -> 0 | DG18: =VLOOKUP(C18,Theory!B21:CQ92,94,FALSE) -> 0 | DH18: =VLOOKUP(C18,Theory!B21:CR92,95,FALSE) -> 0 | DI18: =VLOOKUP(C18,Theory!B21:CS92,96,FALSE) -> 0 | DJ18: =VLOOKUP(C18,Theory!B21:CT92,97,FALSE) -> 0 | DK18: =VLOOKUP(C18,Theory!B21:CU92,98,FALSE) -> 0 | DL18: =MAX(SUM(DD18:DG18),SUM(DH18:DK18)) -> 8 | DM18: =SUM(CF18,CK18,CT18,DC18,DL18) -> 39 | DN18: =AO18 -> 36 | DO18: =CA18 -> 34 | DP18: =DM18 -> 39 | DQ18: =ROUND(30*DN18/50,0) -> 22 | DR18: =ROUND(30*DO18/50,0) -> 20 | DS18: =ROUND(30*DP18/50,0) -> 23 | DT18: =ROUND(AVERAGE(DQ18:DS18),0) -> 22 | DU18: =VLOOKUP(C18,Theory!B21:CV92,99,FALSE) -> 7 | DV18: =VLOOKUP(C18,Theory!B21:CW92,100,FALSE) -> 10 | DW18: =SUM(DU18:DV18) -> 17 | DX18: =SUM(DT18:DV18) -> 39 | DY18: =ROUND((30*DX18/50),0) -> 23 | DZ18: =VLOOKUP(C18,Lab!B13:D82,3,FALSE) -> 0 | EA18: =VLOOKUP(C18,Lab!B13:E82,4,FALSE) -> 0 | EB18: 27 | EC18: =SUM(DZ18:EB18) -> 27 | ED18: =VLOOKUP(C18,Lab!B13:G82,6,FALSE) -> 0 | EE18: =VLOOKUP(C18,Lab!B13:H82,7,FALSE) -> 0 | EF18: 19 | EG18: =SUM(ED18:EF18) -> 19 | EH18: =SUM(EC18,EG18) -> 46 | EI18: =ROUND((20*EH18/50),0) -> 18 | EJ18: =SUM(DY18,EI18) -> 41 | EK18: 45.5 | EM18: =VLOOKUP(C18,Theory!B21:DK92,114,FALSE) -> 0 | EN18: =VLOOKUP(C18,Theory!B21:DL92,115,FALSE) -> 0 | EO18: =VLOOKUP(C18,Theory!B21:DM92,116,FALSE) -> 0 | EP18: =VLOOKUP(C18,Theory!B21:DN90,117,FALSE) -> 0 | EQ18: =VLOOKUP(C18,Theory!B21:DO90,118,FALSE) -> 0 | ER18: =VLOOKUP(C18,Theory!B21:DP90,119,FALSE) -> 0 | ES18: =VLOOKUP(C18,Theory!B21:DQ90,120,FALSE) -> 0 | ET18: =SUM(ER18:ES18) -> 0
A19: 6 | B19: =Theory!C22 -> ADITYA MUTHUSAMY A | C19: =Theory!B22 -> 1DS23AI006 | D19: =VLOOKUP(C19,Theory!B22:D93,3,FALSE) -> 1 | E19: =VLOOKUP(C19,Theory!B22:E93,4,FALSE) -> 0 | F19: =VLOOKUP(C19,Theory!B22:F93,5,FALSE) -> 0 | G19: =VLOOKUP(C19,Theory!B22:G93,6,FALSE) -> 0 | H19: =SUM(D19:G19) -> 1 | I19: =VLOOKUP(C19,Theory!B22:H93,7,FALSE) -> 4 | J19: =VLOOKUP(C19,Theory!B22:I93,8,FALSE) -> 0 | K19: =VLOOKUP(C19,Theory!B22:J93,9,FALSE) -> 0 | L19: =VLOOKUP(C19,Theory!B22:K93,10,FALSE) -> 0 | M19: =SUM(I19:L19) -> 4 | N19: =VLOOKUP(C19,Theory!B22:L93,11,FALSE) -> 8 | O19: =VLOOKUP(C19,Theory!B22:M93,12,FALSE) -> 0 | P19: =VLOOKUP(C19,Theory!B22:N93,13,FALSE) -> 0 | Q19: =VLOOKUP(C19,Theory!B22:O93,14,FALSE) -> 0 | R19: =VLOOKUP(C19,Theory!B22:P93,15,FALSE) -> 0 | S19: =VLOOKUP(C19,Theory!B22:Q93,16,FALSE) -> 0 | T19: =VLOOKUP(C19,Theory!B22:R93,17,FALSE) -> 0 | U19: =VLOOKUP(C19,Theory!B22:S93,18,FALSE) -> 0 | V19: =MAX(SUM(N19:Q19),SUM(R19:U19)) -> 8 | W19: =VLOOKUP(C19,Theory!B22:T93,19,FALSE) -> 0 | X19: =VLOOKUP(C19,Theory!B22:U93,20,FALSE) -> 0 | Y19: =VLOOKUP(C19,Theory!B22:V93,21,FALSE) -> 0 | Z19: =VLOOKUP(C19,Theory!B22:W93,22,FALSE) -> 0 | AA19: =VLOOKUP(C19,Theory!B22:X93,23,FALSE) -> 0 | AB19: =VLOOKUP(C19,Theory!B22:Y93,24,FALSE) -> 0 | AC19: =VLOOKUP(C19,Theory!B22:Z93,25,FALSE) -> 0 | AD19: =VLOOKUP(C19,Theory!B22:AA93,26,FALSE) -> 0 | AE19: =MAX(SUM(W19:Z19),SUM(AA19:AD19)) -> 0 | AF19: =VLOOKUP(C19,Theory!B22:AB93,27,FALSE) -> 0 | AG19: =VLOOKUP(C19,Theory!B22:AC93,28,FALSE) -> 0 | AH19: =VLOOKUP(C19,Theory!B22:AD93,29,FALSE) -> 0 | AI19: =VLOOKUP(C19,Theory!B22:AE93,30,FALSE) -> 0 | AJ19: =VLOOKUP(C19,Theory!B22:AF93,31,FALSE) -> 4 | AK19: =VLOOKUP(C19,Theory!B22:AG93,32,FALSE) -> 0 | AL19: =VLOOKUP(C19,Theory!B22:AH93,33,FALSE) -> 0 | AM19: =VLOOKUP(C19,Theory!B22:AI93,34,FALSE) -> 0 | AN19: =MAX(SUM(AF19:AI19),SUM(AJ19:AM19)) -> 4 | AO19: =SUM(H19,M19,V19,AE19,AN19) -> 17 | AP19: =VLOOKUP(C19,Theory!B22:AJ93,35,FALSE) -> 2 | AQ19: =VLOOKUP(C19,Theory!B22:AK93,36,FALSE) -> 0 | AR19: =VLOOKUP(C19,Theory!B22:AL93,37,FALSE) -> 0 | AS19: =VLOOKUP(C19,Theory!B22:AM93,38,FALSE) -> 0 | AT19: =SUM(AP19:AS19) -> 2 | AU19: =VLOOKUP(C19,Theory!B22:AN93,39,FALSE) -> 0 | AV19: =VLOOKUP(C19,Theory!B22:AO93,40,FALSE) -> 0 | AW19: =VLOOKUP(C19,Theory!B22:AP93,41,FALSE) -> 0 | AX19: =VLOOKUP(C19,Theory!B22:AQ93,42,FALSE) -> 0 | AY19: =SUM(AU19:AX19) -> 0 | AZ19: =VLOOKUP(C19,Theory!B22:AR93,43,FALSE) -> 0 | BA19: =VLOOKUP(C19,Theory!B22:AS93,44,FALSE) -> 0 | BB19: =VLOOKUP(C19,Theory!B22:AT93,45,FALSE) -> 0 | BC19: =VLOOKUP(C19,Theory!B22:AU93,46,FALSE) -> 0 | BD19: =VLOOKUP(C19,Theory!B22:AV93,47,FALSE) -> 5 | BE19: =VLOOKUP(C19,Theory!B22:AW93,48,FALSE) -> 0 | BF19: =VLOOKUP(C19,Theory!B22:AX93,49,FALSE) -> 0 | BG19: =VLOOKUP(C19,Theory!B22:AY93,50,FALSE) -> 0 | BH19: =MAX(SUM(AZ19:BC19),SUM(BD19:BG19)) -> 5 | BI19: =VLOOKUP(C19,Theory!B22:AZ93,51,FALSE) -> 0 | BJ19: =VLOOKUP(C19,Theory!B22:BA93,52,FALSE) -> 0 | BK19: =VLOOKUP(C19,Theory!B22:BB93,53,FALSE) -> 0 | BL19: =VLOOKUP(C19,Theory!B22:BC93,54,FALSE) -> 0 | BM19: =VLOOKUP(C19,Theory!B22:BD93,55,FALSE) -> 3 | BN19: =VLOOKUP(C19,Theory!B22:BE93,56,FALSE) -> 0 | BO19: =VLOOKUP(C19,Theory!B22:BF93,57,FALSE) -> 0 | BP19: =VLOOKUP(C19,Theory!B22:BG93,58,FALSE) -> 0 | BQ19: =MAX(SUM(BI19:BL19),SUM(BM19:BP19)) -> 3 | BR19: =VLOOKUP(C19,Theory!B22:BH93,59,FALSE) -> 0 | BS19: =VLOOKUP(C19,Theory!B22:BI93,60,FALSE) -> 0 | BT19: =VLOOKUP(C19,Theory!B22:BJ93,61,FALSE) -> 0 | BU19: =VLOOKUP(C19,Theory!B22:BK93,62,FALSE) -> 0 | BV19: =VLOOKUP(C19,Theory!B22:BL93,63,FALSE) -> 3 | BW19: =VLOOKUP(C19,Theory!B22:BM93,64,FALSE) -> 0 | BX19: =VLOOKUP(C19,Theory!B22:BN93,65,FALSE) -> 0 | BY19: =VLOOKUP(C19,Theory!B22:BO93,66,FALSE) -> 0 | BZ19: =MAX(SUM(BR19:BU19),SUM(BV19:BY19)) -> 3 | CA19: =SUM(AT19,AY19,BH19,BQ19,BZ19) -> 13 | CB19: =VLOOKUP(C19,Theory!B22:BP93,67,FALSE) -> 2 | CC19: =VLOOKUP(C19,Theory!B22:BQ93,68,FALSE) -> 0 | CD19: =VLOOKUP(C19,Theory!B22:BR93,69,FALSE) -> 0 | CE19: =VLOOKUP(C19,Theory!B22:BS93,70,FALSE) -> 0 | CF19: =SUM(CB19:CE19) -> 2 | CG19: =VLOOKUP(C19,Theory!B22:BT93,71,FALSE) -> 2 | CH19: =VLOOKUP(C19,Theory!B22:BU93,72,FALSE) -> 0 | CI19: =VLOOKUP(C19,Theory!B22:BV93,73,FALSE) -> 0 | CJ19: =VLOOKUP(C19,Theory!B22:BW93,74,FALSE) -> 0 | CK19: =SUM(CG19:CJ19) -> 2 | CL19: =VLOOKUP(C19,Theory!B22:BX93,75,FALSE) -> 0 | CM19: =VLOOKUP(C19,Theory!B22:BY93,76,FALSE) -> 0 | CN19: =VLOOKUP(C19,Theory!B22:BZ93,77,FALSE) -> 0 | CO19: =VLOOKUP(C19,Theory!B22:CA93,78,FALSE) -> 0 | CP19: =VLOOKUP(C19,Theory!B22:CB93,79,FALSE) -> 7 | CQ19: =VLOOKUP(C19,Theory!B22:CC93,80,FALSE) -> 0 | CR19: =VLOOKUP(C19,Theory!B22:CD93,81,FALSE) -> 0 | CS19: =VLOOKUP(C19,Theory!B22:CE93,82,FALSE) -> 0 | CT19: =MAX(SUM(CL19:CO19),SUM(CP19:CS19)) -> 7 | CU19: =VLOOKUP(C19,Theory!B22:CF93,83,FALSE) -> 6 | CV19: =VLOOKUP(C19,Theory!B22:CG93,84,FALSE) -> 0 | CW19: =VLOOKUP(C19,Theory!B22:CH93,85,FALSE) -> 0 | CX19: =VLOOKUP(C19,Theory!B22:CI93,86,FALSE) -> 0 | CY19: =VLOOKUP(C19,Theory!B22:CJ93,87,FALSE) -> 0 | CZ19: =VLOOKUP(C19,Theory!B22:CK93,88,FALSE) -> 0 | DA19: =VLOOKUP(C19,Theory!B22:CL93,89,FALSE) -> 0 | DB19: =VLOOKUP(C19,Theory!B22:CM93,90,FALSE) -> 0 | DC19: =MAX(SUM(CU19:CX19),SUM(CY19:DB19)) -> 6 | DD19: =VLOOKUP(C19,Theory!B22:CN93,91,FALSE) -> 5 | DE19: =VLOOKUP(C19,Theory!B22:CO93,92,FALSE) -> 0 | DF19: =VLOOKUP(C19,Theory!B22:CP93,93,FALSE) -> 0 | DG19: =VLOOKUP(C19,Theory!B22:CQ93,94,FALSE) -> 0 | DH19: =VLOOKUP(C19,Theory!B22:CR93,95,FALSE) -> 0 | DI19: =VLOOKUP(C19,Theory!B22:CS93,96,FALSE) -> 0 | DJ19: =VLOOKUP(C19,Theory!B22:CT93,97,FALSE) -> 0 | DK19: =VLOOKUP(C19,Theory!B22:CU93,98,FALSE) -> 0 | DL19: =MAX(SUM(DD19:DG19),SUM(DH19:DK19)) -> 5 | DM19: =SUM(CF19,CK19,CT19,DC19,DL19) -> 22 | DN19: =AO19 -> 17 | DO19: =CA19 -> 13 | DP19: =DM19 -> 22 | DQ19: =ROUND(30*DN19/50,0) -> 10 | DR19: =ROUND(30*DO19/50,0) -> 8 | DS19: =ROUND(30*DP19/50,0) -> 13 | DT19: =ROUND(AVERAGE(DQ19:DS19),0) -> 10 | DU19: =VLOOKUP(C19,Theory!B22:CV93,99,FALSE) -> 5 | DV19: =VLOOKUP(C19,Theory!B22:CW93,100,FALSE) -> 10 | DW19: =SUM(DU19:DV19) -> 15 | DX19: =SUM(DT19:DV19) -> 25 | DY19: =ROUND((30*DX19/50),0) -> 15 | DZ19: =VLOOKUP(C19,Lab!B14:D83,3,FALSE) -> 0 | EA19: =VLOOKUP(C19,Lab!B14:E83,4,FALSE) -> 0 | EB19: =VLOOKUP(C19,Lab!B14:F83,5,FALSE) -> 25 | EC19: =SUM(DZ19:EB19) -> 25 | ED19: =VLOOKUP(C19,Lab!B14:G83,6,FALSE) -> 0 | EE19: =VLOOKUP(C19,Lab!B14:H83,7,FALSE) -> 0 | EF19: 8 | EG19: =SUM(ED19:EF19) -> 8 | EH19: =SUM(EC19,EG19) -> 33 | EI19: =ROUND((20*EH19/50),0) -> 13 | EJ19: =SUM(DY19,EI19) -> 28 | EK19: 26.5 | EM19: =VLOOKUP(C19,Theory!B22:DK93,114,FALSE) -> 0 | EN19: =VLOOKUP(C19,Theory!B22:DL93,115,FALSE) -> 0 | EO19: =VLOOKUP(C19,Theory!B22:DM93,116,FALSE) -> 0 | EP19: =VLOOKUP(C19,Theory!B22:DN91,117,FALSE) -> 0 | EQ19: =VLOOKUP(C19,Theory!B22:DO91,118,FALSE) -> 0 | ER19: =VLOOKUP(C19,Theory!B22:DP91,119,FALSE) -> 0 | ES19: =VLOOKUP(C19,Theory!B22:DQ91,120,FALSE) -> 0 | ET19: =SUM(ER19:ES19) -> 0
A20: 7 | B20: =Theory!C23 -> ADNAN SAMEER ANEKATTI | C20: =Theory!B23 -> 1DS23AI007 | D20: =VLOOKUP(C20,Theory!B23:D94,3,FALSE) -> 0 | E20: =VLOOKUP(C20,Theory!B23:E94,4,FALSE) -> 0 | F20: =VLOOKUP(C20,Theory!B23:F94,5,FALSE) -> 0 | G20: =VLOOKUP(C20,Theory!B23:G94,6,FALSE) -> 0 | H20: =SUM(D20:G20) -> 0 | I20: =VLOOKUP(C20,Theory!B23:H94,7,FALSE) -> 3 | J20: =VLOOKUP(C20,Theory!B23:I94,8,FALSE) -> 0 | K20: =VLOOKUP(C20,Theory!B23:J94,9,FALSE) -> 0 | L20: =VLOOKUP(C20,Theory!B23:K94,10,FALSE) -> 0 | M20: =SUM(I20:L20) -> 3 | N20: =VLOOKUP(C20,Theory!B23:L94,11,FALSE) -> 3 | O20: =VLOOKUP(C20,Theory!B23:M94,12,FALSE) -> 0 | P20: =VLOOKUP(C20,Theory!B23:N94,13,FALSE) -> 0 | Q20: =VLOOKUP(C20,Theory!B23:O94,14,FALSE) -> 0 | R20: =VLOOKUP(C20,Theory!B23:P94,15,FALSE) -> 0 | S20: =VLOOKUP(C20,Theory!B23:Q94,16,FALSE) -> 0 | T20: =VLOOKUP(C20,Theory!B23:R94,17,FALSE) -> 0 | U20: =VLOOKUP(C20,Theory!B23:S94,18,FALSE) -> 0 | V20: =MAX(SUM(N20:Q20),SUM(R20:U20)) -> 3 | W20: =VLOOKUP(C20,Theory!B23:T94,19,FALSE) -> 0 | X20: =VLOOKUP(C20,Theory!B23:U94,20,FALSE) -> 0 | Y20: =VLOOKUP(C20,Theory!B23:V94,21,FALSE) -> 0 | Z20: =VLOOKUP(C20,Theory!B23:W94,22,FALSE) -> 0 | AA20: =VLOOKUP(C20,Theory!B23:X94,23,FALSE) -> 0 | AB20: =VLOOKUP(C20,Theory!B23:Y94,24,FALSE) -> 0 | AC20: =VLOOKUP(C20,Theory!B23:Z94,25,FALSE) -> 0 | AD20: =VLOOKUP(C20,Theory!B23:AA94,26,FALSE) -> 0 | AE20: =MAX(SUM(W20:Z20),SUM(AA20:AD20)) -> 0 | AF20: =VLOOKUP(C20,Theory!B23:AB94,27,FALSE) -> 0 | AG20: =VLOOKUP(C20,Theory!B23:AC94,28,FALSE) -> 0 | AH20: =VLOOKUP(C20,Theory!B23:AD94,29,FALSE) -> 0 | AI20: =VLOOKUP(C20,Theory!B23:AE94,30,FALSE) -> 0 | AJ20: =VLOOKUP(C20,Theory!B23:AF94,31,FALSE) -> 3 | AK20: =VLOOKUP(C20,Theory!B23:AG94,32,FALSE) -> 0 | AL20: =VLOOKUP(C20,Theory!B23:AH94,33,FALSE) -> 0 | AM20: =VLOOKUP(C20,Theory!B23:AI94,34,FALSE) -> 0 | AN20: =MAX(SUM(AF20:AI20),SUM(AJ20:AM20)) -> 3 | AO20: =SUM(H20,M20,V20,AE20,AN20) -> 9 | AP20: =VLOOKUP(C20,Theory!B23:AJ94,35,FALSE) -> 0 | AQ20: =VLOOKUP(C20,Theory!B23:AK94,36,FALSE) -> 0 | AR20: =VLOOKUP(C20,Theory!B23:AL94,37,FALSE) -> 0 | AS20: =VLOOKUP(C20,Theory!B23:AM94,38,FALSE) -> 0 | AT20: =SUM(AP20:AS20) -> 0 | AU20: =VLOOKUP(C20,Theory!B23:AN94,39,FALSE) -> 4 | AV20: =VLOOKUP(C20,Theory!B23:AO94,40,FALSE) -> 0 | AW20: =VLOOKUP(C20,Theory!B23:AP94,41,FALSE) -> 0 | AX20: =VLOOKUP(C20,Theory!B23:AQ94,42,FALSE) -> 0 | AY20: =SUM(AU20:AX20) -> 4 | AZ20: =VLOOKUP(C20,Theory!B23:AR94,43,FALSE) -> 0 | BA20: =VLOOKUP(C20,Theory!B23:AS94,44,FALSE) -> 0 | BB20: =VLOOKUP(C20,Theory!B23:AT94,45,FALSE) -> 0 | BC20: =VLOOKUP(C20,Theory!B23:AU94,46,FALSE) -> 0 | BD20: =VLOOKUP(C20,Theory!B23:AV94,47,FALSE) -> 6 | BE20: =VLOOKUP(C20,Theory!B23:AW94,48,FALSE) -> 0 | BF20: =VLOOKUP(C20,Theory!B23:AX94,49,FALSE) -> 0 | BG20: =VLOOKUP(C20,Theory!B23:AY94,50,FALSE) -> 0 | BH20: =MAX(SUM(AZ20:BC20),SUM(BD20:BG20)) -> 6 | BI20: =VLOOKUP(C20,Theory!B23:AZ94,51,FALSE) -> 0 | BJ20: =VLOOKUP(C20,Theory!B23:BA94,52,FALSE) -> 0 | BK20: =VLOOKUP(C20,Theory!B23:BB94,53,FALSE) -> 0 | BL20: =VLOOKUP(C20,Theory!B23:BC94,54,FALSE) -> 0 | BM20: =VLOOKUP(C20,Theory!B23:BD94,55,FALSE) -> 0 | BN20: =VLOOKUP(C20,Theory!B23:BE94,56,FALSE) -> 0 | BO20: =VLOOKUP(C20,Theory!B23:BF94,57,FALSE) -> 0 | BP20: =VLOOKUP(C20,Theory!B23:BG94,58,FALSE) -> 0 | BQ20: =MAX(SUM(BI20:BL20),SUM(BM20:BP20)) -> 0 | BR20: =VLOOKUP(C20,Theory!B23:BH94,59,FALSE) -> 0 | BS20: =VLOOKUP(C20,Theory!B23:BI94,60,FALSE) -> 0 | BT20: =VLOOKUP(C20,Theory!B23:BJ94,61,FALSE) -> 0 | BU20: =VLOOKUP(C20,Theory!B23:BK94,62,FALSE) -> 0 | BV20: =VLOOKUP(C20,Theory!B23:BL94,63,FALSE) -> 0 | BW20: =VLOOKUP(C20,Theory!B23:BM94,64,FALSE) -> 0 | BX20: =VLOOKUP(C20,Theory!B23:BN94,65,FALSE) -> 0 | BY20: =VLOOKUP(C20,Theory!B23:BO94,66,FALSE) -> 0 | BZ20: =MAX(SUM(BR20:BU20),SUM(BV20:BY20)) -> 0 | CA20: =SUM(AT20,AY20,BH20,BQ20,BZ20) -> 10 | CB20: =VLOOKUP(C20,Theory!B23:BP94,67,FALSE) -> 6 | CC20: =VLOOKUP(C20,Theory!B23:BQ94,68,FALSE) -> 0 | CD20: =VLOOKUP(C20,Theory!B23:BR94,69,FALSE) -> 0 | CE20: =VLOOKUP(C20,Theory!B23:BS94,70,FALSE) -> 0 | CF20: =SUM(CB20:CE20) -> 6 | CG20: =VLOOKUP(C20,Theory!B23:BT94,71,FALSE) -> 8 | CH20: =VLOOKUP(C20,Theory!B23:BU94,72,FALSE) -> 0 | CI20: =VLOOKUP(C20,Theory!B23:BV94,73,FALSE) -> 0 | CJ20: =VLOOKUP(C20,Theory!B23:BW94,74,FALSE) -> 0 | CK20: =SUM(CG20:CJ20) -> 8 | CL20: =VLOOKUP(C20,Theory!B23:BX94,75,FALSE) -> 9 | CM20: =VLOOKUP(C20,Theory!B23:BY94,76,FALSE) -> 0 | CN20: =VLOOKUP(C20,Theory!B23:BZ94,77,FALSE) -> 0 | CO20: =VLOOKUP(C20,Theory!B23:CA94,78,FALSE) -> 0 | CP20: =VLOOKUP(C20,Theory!B23:CB94,79,FALSE) -> 0 | CQ20: =VLOOKUP(C20,Theory!B23:CC94,80,FALSE) -> 0 | CR20: =VLOOKUP(C20,Theory!B23:CD94,81,FALSE) -> 0 | CS20: =VLOOKUP(C20,Theory!B23:CE94,82,FALSE) -> 0 | CT20: =MAX(SUM(CL20:CO20),SUM(CP20:CS20)) -> 9 | CU20: =VLOOKUP(C20,Theory!B23:CF94,83,FALSE) -> 10 | CV20: =VLOOKUP(C20,Theory!B23:CG94,84,FALSE) -> 0 | CW20: =VLOOKUP(C20,Theory!B23:CH94,85,FALSE) -> 0 | CX20: =VLOOKUP(C20,Theory!B23:CI94,86,FALSE) -> 0 | CY20: =VLOOKUP(C20,Theory!B23:CJ94,87,FALSE) -> 0 | CZ20: =VLOOKUP(C20,Theory!B23:CK94,88,FALSE) -> 0 | DA20: =VLOOKUP(C20,Theory!B23:CL94,89,FALSE) -> 0 | DB20: =VLOOKUP(C20,Theory!B23:CM94,90,FALSE) -> 0 | DC20: =MAX(SUM(CU20:CX20),SUM(CY20:DB20)) -> 10 | DD20: =VLOOKUP(C20,Theory!B23:CN94,91,FALSE) -> 6 | DE20: =VLOOKUP(C20,Theory!B23:CO94,92,FALSE) -> 0 | DF20: =VLOOKUP(C20,Theory!B23:CP94,93,FALSE) -> 0 | DG20: =VLOOKUP(C20,Theory!B23:CQ94,94,FALSE) -> 0 | DH20: =VLOOKUP(C20,Theory!B23:CR94,95,FALSE) -> 0 | DI20: =VLOOKUP(C20,Theory!B23:CS94,96,FALSE) -> 0 | DJ20: =VLOOKUP(C20,Theory!B23:CT94,97,FALSE) -> 0 | DK20: =VLOOKUP(C20,Theory!B23:CU94,98,FALSE) -> 0 | DL20: =MAX(SUM(DD20:DG20),SUM(DH20:DK20)) -> 6 | DM20: =SUM(CF20,CK20,CT20,DC20,DL20) -> 39 | DN20: =AO20 -> 9 | DO20: =CA20 -> 10 | DP20: =DM20 -> 39 | DQ20: =ROUND(30*DN20/50,0) -> 5 | DR20: =ROUND(30*DO20/50,0) -> 6 | DS20: =ROUND(30*DP20/50,0) -> 23 | DT20: =ROUND(AVERAGE(DQ20:DS20),0) -> 11 | DU20: =VLOOKUP(C20,Theory!B23:CV94,99,FALSE) -> 8 | DV20: =VLOOKUP(C20,Theory!B23:CW94,100,FALSE) -> 10 | DW20: =SUM(DU20:DV20) -> 18 | DX20: =SUM(DT20:DV20) -> 29 | DY20: =ROUND((30*DX20/50),0) -> 17 | DZ20: =VLOOKUP(C20,Lab!B15:D84,3,FALSE) -> 0 | EA20: =VLOOKUP(C20,Lab!B15:E84,4,FALSE) -> 0 | EB20: =VLOOKUP(C20,Lab!B15:F84,5,FALSE) -> 25 | EC20: =SUM(DZ20:EB20) -> 25 | ED20: =VLOOKUP(C20,Lab!B15:G84,6,FALSE) -> 0 | EE20: =VLOOKUP(C20,Lab!B15:H84,7,FALSE) -> 0 | EF20: 8 | EG20: =SUM(ED20:EF20) -> 8 | EH20: =SUM(EC20,EG20) -> 33 | EI20: =ROUND((20*EH20/50),0) -> 13 | EJ20: =SUM(DY20,EI20) -> 30 | EK20: 28.5 | EM20: =VLOOKUP(C20,Theory!B23:DK94,114,FALSE) -> 0 | EN20: =VLOOKUP(C20,Theory!B23:DL94,115,FALSE) -> 0 | EO20: =VLOOKUP(C20,Theory!B23:DM94,116,FALSE) -> 0 | EP20: =VLOOKUP(C20,Theory!B23:DN92,117,FALSE) -> 0 | EQ20: =VLOOKUP(C20,Theory!B23:DO92,118,FALSE) -> 0 | ER20: =VLOOKUP(C20,Theory!B23:DP92,119,FALSE) -> 0 | ES20: =VLOOKUP(C20,Theory!B23:DQ92,120,FALSE) -> 0 | ET20: =SUM(ER20:ES20) -> 0
A21: 8 | B21: =Theory!C24 -> AKSHADHA SINGH | C21: =Theory!B24 -> 1DS23AI008 | D21: =VLOOKUP(C21,Theory!B24:D95,3,FALSE) -> 6 | E21: =VLOOKUP(C21,Theory!B24:E95,4,FALSE) -> 0 | F21: =VLOOKUP(C21,Theory!B24:F95,5,FALSE) -> 0 | G21: =VLOOKUP(C21,Theory!B24:G95,6,FALSE) -> 0 | H21: =SUM(D21:G21) -> 6 | I21: =VLOOKUP(C21,Theory!B24:H95,7,FALSE) -> 3 | J21: =VLOOKUP(C21,Theory!B24:I95,8,FALSE) -> 0 | K21: =VLOOKUP(C21,Theory!B24:J95,9,FALSE) -> 0 | L21: =VLOOKUP(C21,Theory!B24:K95,10,FALSE) -> 0 | M21: =SUM(I21:L21) -> 3 | N21: =VLOOKUP(C21,Theory!B24:L95,11,FALSE) -> 4 | O21: =VLOOKUP(C21,Theory!B24:M95,12,FALSE) -> 0 | P21: =VLOOKUP(C21,Theory!B24:N95,13,FALSE) -> 0 | Q21: =VLOOKUP(C21,Theory!B24:O95,14,FALSE) -> 0 | R21: =VLOOKUP(C21,Theory!B24:P95,15,FALSE) -> 0 | S21: =VLOOKUP(C21,Theory!B24:Q95,16,FALSE) -> 0 | T21: =VLOOKUP(C21,Theory!B24:R95,17,FALSE) -> 0 | U21: =VLOOKUP(C21,Theory!B24:S95,18,FALSE) -> 0 | V21: =MAX(SUM(N21:Q21),SUM(R21:U21)) -> 4 | W21: =VLOOKUP(C21,Theory!B24:T95,19,FALSE) -> 8 | X21: =VLOOKUP(C21,Theory!B24:U95,20,FALSE) -> 0 | Y21: =VLOOKUP(C21,Theory!B24:V95,21,FALSE) -> 0 | Z21: =VLOOKUP(C21,Theory!B24:W95,22,FALSE) -> 0 | AA21: =VLOOKUP(C21,Theory!B24:X95,23,FALSE) -> 0 | AB21: =VLOOKUP(C21,Theory!B24:Y95,24,FALSE) -> 0 | AC21: =VLOOKUP(C21,Theory!B24:Z95,25,FALSE) -> 0 | AD21: =VLOOKUP(C21,Theory!B24:AA95,26,FALSE) -> 0 | AE21: =MAX(SUM(W21:Z21),SUM(AA21:AD21)) -> 8 | AF21: =VLOOKUP(C21,Theory!B24:AB95,27,FALSE) -> 0 | AG21: =VLOOKUP(C21,Theory!B24:AC95,28,FALSE) -> 0 | AH21: =VLOOKUP(C21,Theory!B24:AD95,29,FALSE) -> 0 | AI21: =VLOOKUP(C21,Theory!B24:AE95,30,FALSE) -> 0 | AJ21: =VLOOKUP(C21,Theory!B24:AF95,31,FALSE) -> 0 | AK21: =VLOOKUP(C21,Theory!B24:AG95,32,FALSE) -> 0 | AL21: =VLOOKUP(C21,Theory!B24:AH95,33,FALSE) -> 0 | AM21: =VLOOKUP(C21,Theory!B24:AI95,34,FALSE) -> 0 | AN21: =MAX(SUM(AF21:AI21),SUM(AJ21:AM21)) -> 0 | AO21: =SUM(H21,M21,V21,AE21,AN21) -> 21 | AP21: =VLOOKUP(C21,Theory!B24:AJ95,35,FALSE) -> 0 | AQ21: =VLOOKUP(C21,Theory!B24:AK95,36,FALSE) -> 0 | AR21: =VLOOKUP(C21,Theory!B24:AL95,37,FALSE) -> 0 | AS21: =VLOOKUP(C21,Theory!B24:AM95,38,FALSE) -> 0 | AT21: =SUM(AP21:AS21) -> 0 | AU21: =VLOOKUP(C21,Theory!B24:AN95,39,FALSE) -> 4 | AV21: =VLOOKUP(C21,Theory!B24:AO95,40,FALSE) -> 0 | AW21: =VLOOKUP(C21,Theory!B24:AP95,41,FALSE) -> 0 | AX21: =VLOOKUP(C21,Theory!B24:AQ95,42,FALSE) -> 0 | AY21: =SUM(AU21:AX21) -> 4 | AZ21: =VLOOKUP(C21,Theory!B24:AR95,43,FALSE) -> 4 | BA21: =VLOOKUP(C21,Theory!B24:AS95,44,FALSE) -> 0 | BB21: =VLOOKUP(C21,Theory!B24:AT95,45,FALSE) -> 0 | BC21: =VLOOKUP(C21,Theory!B24:AU95,46,FALSE) -> 0 | BD21: =VLOOKUP(C21,Theory!B24:AV95,47,FALSE) -> 0 | BE21: =VLOOKUP(C21,Theory!B24:AW95,48,FALSE) -> 0 | BF21: =VLOOKUP(C21,Theory!B24:AX95,49,FALSE) -> 0 | BG21: =VLOOKUP(C21,Theory!B24:AY95,50,FALSE) -> 0 | BH21: =MAX(SUM(AZ21:BC21),SUM(BD21:BG21)) -> 4 | BI21: =VLOOKUP(C21,Theory!B24:AZ95,51,FALSE) -> 0 | BJ21: =VLOOKUP(C21,Theory!B24:BA95,52,FALSE) -> 0 | BK21: =VLOOKUP(C21,Theory!B24:BB95,53,FALSE) -> 0 | BL21: =VLOOKUP(C21,Theory!B24:BC95,54,FALSE) -> 0 | BM21: =VLOOKUP(C21,Theory!B24:BD95,55,FALSE) -> 0 | BN21: =VLOOKUP(C21,Theory!B24:BE95,56,FALSE) -> 0 | BO21: =VLOOKUP(C21,Theory!B24:BF95,57,FALSE) -> 0 | BP21: =VLOOKUP(C21,Theory!B24:BG95,58,FALSE) -> 0 | BQ21: =MAX(SUM(BI21:BL21),SUM(BM21:BP21)) -> 0 | BR21: =VLOOKUP(C21,Theory!B24:BH95,59,FALSE) -> 0 | BS21: =VLOOKUP(C21,Theory!B24:BI95,60,FALSE) -> 0 | BT21: =VLOOKUP(C21,Theory!B24:BJ95,61,FALSE) -> 0 | BU21: =VLOOKUP(C21,Theory!B24:BK95,62,FALSE) -> 0 | BV21: =VLOOKUP(C21,Theory!B24:BL95,63,FALSE) -> 0 | BW21: =VLOOKUP(C21,Theory!B24:BM95,64,FALSE) -> 0 | BX21: =VLOOKUP(C21,Theory!B24:BN95,65,FALSE) -> 0 | BY21: =VLOOKUP(C21,Theory!B24:BO95,66,FALSE) -> 0 | BZ21: =MAX(SUM(BR21:BU21),SUM(BV21:BY21)) -> 0 | CA21: =SUM(AT21,AY21,BH21,BQ21,BZ21) -> 8 | CB21: =VLOOKUP(C21,Theory!B24:BP95,67,FALSE) -> 2 | CC21: =VLOOKUP(C21,Theory!B24:BQ95,68,FALSE) -> 0 | CD21: =VLOOKUP(C21,Theory!B24:BR95,69,FALSE) -> 0 | CE21: =VLOOKUP(C21,Theory!B24:BS95,70,FALSE) -> 0 | CF21: =SUM(CB21:CE21) -> 2 | CG21: =VLOOKUP(C21,Theory!B24:BT95,71,FALSE) -> 3 | CH21: =VLOOKUP(C21,Theory!B24:BU95,72,FALSE) -> 0 | CI21: =VLOOKUP(C21,Theory!B24:BV95,73,FALSE) -> 0 | CJ21: =VLOOKUP(C21,Theory!B24:BW95,74,FALSE) -> 0 | CK21: =SUM(CG21:CJ21) -> 3 | CL21: =VLOOKUP(C21,Theory!B24:BX95,75,FALSE) -> 4 | CM21: =VLOOKUP(C21,Theory!B24:BY95,76,FALSE) -> 0 | CN21: =VLOOKUP(C21,Theory!B24:BZ95,77,FALSE) -> 0 | CO21: =VLOOKUP(C21,Theory!B24:CA95,78,FALSE) -> 0 | CP21: =VLOOKUP(C21,Theory!B24:CB95,79,FALSE) -> 0 | CQ21: =VLOOKUP(C21,Theory!B24:CC95,80,FALSE) -> 0 | CR21: =VLOOKUP(C21,Theory!B24:CD95,81,FALSE) -> 0 | CS21: =VLOOKUP(C21,Theory!B24:CE95,82,FALSE) -> 0 | CT21: =MAX(SUM(CL21:CO21),SUM(CP21:CS21)) -> 4 | CU21: =VLOOKUP(C21,Theory!B24:CF95,83,FALSE) -> 7 | CV21: =VLOOKUP(C21,Theory!B24:CG95,84,FALSE) -> 0 | CW21: =VLOOKUP(C21,Theory!B24:CH95,85,FALSE) -> 0 | CX21: =VLOOKUP(C21,Theory!B24:CI95,86,FALSE) -> 0 | CY21: =VLOOKUP(C21,Theory!B24:CJ95,87,FALSE) -> 0 | CZ21: =VLOOKUP(C21,Theory!B24:CK95,88,FALSE) -> 0 | DA21: =VLOOKUP(C21,Theory!B24:CL95,89,FALSE) -> 0 | DB21: =VLOOKUP(C21,Theory!B24:CM95,90,FALSE) -> 0 | DC21: =MAX(SUM(CU21:CX21),SUM(CY21:DB21)) -> 7 | DD21: =VLOOKUP(C21,Theory!B24:CN95,91,FALSE) -> 0 | DE21: =VLOOKUP(C21,Theory!B24:CO95,92,FALSE) -> 0 | DF21: =VLOOKUP(C21,Theory!B24:CP95,93,FALSE) -> 0 | DG21: =VLOOKUP(C21,Theory!B24:CQ95,94,FALSE) -> 0 | DH21: =VLOOKUP(C21,Theory!B24:CR95,95,FALSE) -> 4 | DI21: =VLOOKUP(C21,Theory!B24:CS95,96,FALSE) -> 0 | DJ21: =VLOOKUP(C21,Theory!B24:CT95,97,FALSE) -> 0 | DK21: =VLOOKUP(C21,Theory!B24:CU95,98,FALSE) -> 0 | DL21: =MAX(SUM(DD21:DG21),SUM(DH21:DK21)) -> 4 | DM21: =SUM(CF21,CK21,CT21,DC21,DL21) -> 20 | DN21: =AO21 -> 21 | DO21: =CA21 -> 8 | DP21: =DM21 -> 20 | DQ21: =ROUND(30*DN21/50,0) -> 13 | DR21: =ROUND(30*DO21/50,0) -> 5 | DS21: =ROUND(30*DP21/50,0) -> 12 | DT21: =ROUND(AVERAGE(DQ21:DS21),0) -> 10 | DU21: =VLOOKUP(C21,Theory!B24:CV95,99,FALSE) -> 7 | DV21: =VLOOKUP(C21,Theory!B24:CW95,100,FALSE) -> 10 | DW21: =SUM(DU21:DV21) -> 17 | DX21: =SUM(DT21:DV21) -> 27 | DY21: =ROUND((30*DX21/50),0) -> 16 | DZ21: =VLOOKUP(C21,Lab!B16:D85,3,FALSE) -> 0 | EA21: =VLOOKUP(C21,Lab!B16:E85,4,FALSE) -> 0 | EB21: =VLOOKUP(C21,Lab!B16:F85,5,FALSE) -> 25 | EC21: =SUM(DZ21:EB21) -> 25 | ED21: =VLOOKUP(C21,Lab!B16:G85,6,FALSE) -> 0 | EE21: =VLOOKUP(C21,Lab!B16:H85,7,FALSE) -> 0 | EF21: 8 | EG21: =SUM(ED21:EF21) -> 8 | EH21: =SUM(EC21,EG21) -> 33 | EI21: =ROUND((20*EH21/50),0) -> 13 | EJ21: =SUM(DY21,EI21) -> 29 | EK21: 30.5 | EM21: =VLOOKUP(C21,Theory!B24:DK95,114,FALSE) -> 0 | EN21: =VLOOKUP(C21,Theory!B24:DL95,115,FALSE) -> 0 | EO21: =VLOOKUP(C21,Theory!B24:DM95,116,FALSE) -> 0 | EP21: =VLOOKUP(C21,Theory!B24:DN93,117,FALSE) -> 0 | EQ21: =VLOOKUP(C21,Theory!B24:DO93,118,FALSE) -> 0 | ER21: =VLOOKUP(C21,Theory!B24:DP93,119,FALSE) -> 0 | ES21: =VLOOKUP(C21,Theory!B24:DQ93,120,FALSE) -> 0 | ET21: =SUM(ER21:ES21) -> 0
A22: 9 | B22: =Theory!C25 -> ANIMESH UPADHYAY | C22: =Theory!B25 -> 1DS23AI010 | D22: =VLOOKUP(C22,Theory!B25:D96,3,FALSE) -> 0 | E22: =VLOOKUP(C22,Theory!B25:E96,4,FALSE) -> 0 | F22: =VLOOKUP(C22,Theory!B25:F96,5,FALSE) -> 0 | G22: =VLOOKUP(C22,Theory!B25:G96,6,FALSE) -> 0 | H22: =SUM(D22:G22) -> 0 | I22: =VLOOKUP(C22,Theory!B25:H96,7,FALSE) -> 0 | J22: =VLOOKUP(C22,Theory!B25:I96,8,FALSE) -> 0 | K22: =VLOOKUP(C22,Theory!B25:J96,9,FALSE) -> 0 | L22: =VLOOKUP(C22,Theory!B25:K96,10,FALSE) -> 0 | M22: =SUM(I22:L22) -> 0 | N22: =VLOOKUP(C22,Theory!B25:L96,11,FALSE) -> 4 | O22: =VLOOKUP(C22,Theory!B25:M96,12,FALSE) -> 0 | P22: =VLOOKUP(C22,Theory!B25:N96,13,FALSE) -> 0 | Q22: =VLOOKUP(C22,Theory!B25:O96,14,FALSE) -> 0 | R22: =VLOOKUP(C22,Theory!B25:P96,15,FALSE) -> 0 | S22: =VLOOKUP(C22,Theory!B25:Q96,16,FALSE) -> 0 | T22: =VLOOKUP(C22,Theory!B25:R96,17,FALSE) -> 0 | U22: =VLOOKUP(C22,Theory!B25:S96,18,FALSE) -> 0 | V22: =MAX(SUM(N22:Q22),SUM(R22:U22)) -> 4 | W22: =VLOOKUP(C22,Theory!B25:T96,19,FALSE) -> 0 | X22: =VLOOKUP(C22,Theory!B25:U96,20,FALSE) -> 0 | Y22: =VLOOKUP(C22,Theory!B25:V96,21,FALSE) -> 0 | Z22: =VLOOKUP(C22,Theory!B25:W96,22,FALSE) -> 0 | AA22: =VLOOKUP(C22,Theory!B25:X96,23,FALSE) -> 0 | AB22: =VLOOKUP(C22,Theory!B25:Y96,24,FALSE) -> 0 | AC22: =VLOOKUP(C22,Theory!B25:Z96,25,FALSE) -> 0 | AD22: =VLOOKUP(C22,Theory!B25:AA96,26,FALSE) -> 0 | AE22: =MAX(SUM(W22:Z22),SUM(AA22:AD22)) -> 0 | AF22: =VLOOKUP(C22,Theory!B25:AB96,27,FALSE) -> 0 | AG22: =VLOOKUP(C22,Theory!B25:AC96,28,FALSE) -> 0 | AH22: =VLOOKUP(C22,Theory!B25:AD96,29,FALSE) -> 0 | AI22: =VLOOKUP(C22,Theory!B25:AE96,30,FALSE) -> 0 | AJ22: =VLOOKUP(C22,Theory!B25:AF96,31,FALSE) -> 3 | AK22: =VLOOKUP(C22,Theory!B25:AG96,32,FALSE) -> 0 | AL22: =VLOOKUP(C22,Theory!B25:AH96,33,FALSE) -> 0 | AM22: =VLOOKUP(C22,Theory!B25:AI96,34,FALSE) -> 0 | AN22: =MAX(SUM(AF22:AI22),SUM(AJ22:AM22)) -> 3 | AO22: =SUM(H22,M22,V22,AE22,AN22) -> 7 | AP22: =VLOOKUP(C22,Theory!B25:AJ96,35,FALSE) -> 4 | AQ22: =VLOOKUP(C22,Theory!B25:AK96,36,FALSE) -> 0 | AR22: =VLOOKUP(C22,Theory!B25:AL96,37,FALSE) -> 0 | AS22: =VLOOKUP(C22,Theory!B25:AM96,38,FALSE) -> 0 | AT22: =SUM(AP22:AS22) -> 4 | AU22: =VLOOKUP(C22,Theory!B25:AN96,39,FALSE) -> 0 | AV22: =VLOOKUP(C22,Theory!B25:AO96,40,FALSE) -> 0 | AW22: =VLOOKUP(C22,Theory!B25:AP96,41,FALSE) -> 0 | AX22: =VLOOKUP(C22,Theory!B25:AQ96,42,FALSE) -> 0 | AY22: =SUM(AU22:AX22) -> 0 | AZ22: =VLOOKUP(C22,Theory!B25:AR96,43,FALSE) -> 0 | BA22: =VLOOKUP(C22,Theory!B25:AS96,44,FALSE) -> 0 | BB22: =VLOOKUP(C22,Theory!B25:AT96,45,FALSE) -> 0 | BC22: =VLOOKUP(C22,Theory!B25:AU96,46,FALSE) -> 0 | BD22: =VLOOKUP(C22,Theory!B25:AV96,47,FALSE) -> 2 | BE22: =VLOOKUP(C22,Theory!B25:AW96,48,FALSE) -> 0 | BF22: =VLOOKUP(C22,Theory!B25:AX96,49,FALSE) -> 0 | BG22: =VLOOKUP(C22,Theory!B25:AY96,50,FALSE) -> 0 | BH22: =MAX(SUM(AZ22:BC22),SUM(BD22:BG22)) -> 2 | BI22: =VLOOKUP(C22,Theory!B25:AZ96,51,FALSE) -> 0 | BJ22: =VLOOKUP(C22,Theory!B25:BA96,52,FALSE) -> 0 | BK22: =VLOOKUP(C22,Theory!B25:BB96,53,FALSE) -> 0 | BL22: =VLOOKUP(C22,Theory!B25:BC96,54,FALSE) -> 0 | BM22: =VLOOKUP(C22,Theory!B25:BD96,55,FALSE) -> 0 | BN22: =VLOOKUP(C22,Theory!B25:BE96,56,FALSE) -> 0 | BO22: =VLOOKUP(C22,Theory!B25:BF96,57,FALSE) -> 0 | BP22: =VLOOKUP(C22,Theory!B25:BG96,58,FALSE) -> 0 | BQ22: =MAX(SUM(BI22:BL22),SUM(BM22:BP22)) -> 0 | BR22: =VLOOKUP(C22,Theory!B25:BH96,59,FALSE) -> 0 | BS22: =VLOOKUP(C22,Theory!B25:BI96,60,FALSE) -> 0 | BT22: =VLOOKUP(C22,Theory!B25:BJ96,61,FALSE) -> 0 | BU22: =VLOOKUP(C22,Theory!B25:BK96,62,FALSE) -> 0 | BV22: =VLOOKUP(C22,Theory!B25:BL96,63,FALSE) -> 0 | BW22: =VLOOKUP(C22,Theory!B25:BM96,64,FALSE) -> 0 | BX22: =VLOOKUP(C22,Theory!B25:BN96,65,FALSE) -> 0 | BY22: =VLOOKUP(C22,Theory!B25:BO96,66,FALSE) -> 0 | BZ22: =MAX(SUM(BR22:BU22),SUM(BV22:BY22)) -> 0 | CA22: =SUM(AT22,AY22,BH22,BQ22,BZ22) -> 6 | CB22: =VLOOKUP(C22,Theory!B25:BP96,67,FALSE) -> 0 | CC22: =VLOOKUP(C22,Theory!B25:BQ96,68,FALSE) -> 0 | CD22: =VLOOKUP(C22,Theory!B25:BR96,69,FALSE) -> 0 | CE22: =VLOOKUP(C22,Theory!B25:BS96,70,FALSE) -> 0 | CF22: =SUM(CB22:CE22) -> 0 | CG22: =VLOOKUP(C22,Theory!B25:BT96,71,FALSE) -> 8 | CH22: =VLOOKUP(C22,Theory!B25:BU96,72,FALSE) -> 0 | CI22: =VLOOKUP(C22,Theory!B25:BV96,73,FALSE) -> 0 | CJ22: =VLOOKUP(C22,Theory!B25:BW96,74,FALSE) -> 0 | CK22: =SUM(CG22:CJ22) -> 8 | CL22: =VLOOKUP(C22,Theory!B25:BX96,75,FALSE) -> 0 | CM22: =VLOOKUP(C22,Theory!B25:BY96,76,FALSE) -> 0 | CN22: =VLOOKUP(C22,Theory!B25:BZ96,77,FALSE) -> 0 | CO22: =VLOOKUP(C22,Theory!B25:CA96,78,FALSE) -> 0 | CP22: =VLOOKUP(C22,Theory!B25:CB96,79,FALSE) -> 8 | CQ22: =VLOOKUP(C22,Theory!B25:CC96,80,FALSE) -> 0 | CR22: =VLOOKUP(C22,Theory!B25:CD96,81,FALSE) -> 0 | CS22: =VLOOKUP(C22,Theory!B25:CE96,82,FALSE) -> 0 | CT22: =MAX(SUM(CL22:CO22),SUM(CP22:CS22)) -> 8 | CU22: =VLOOKUP(C22,Theory!B25:CF96,83,FALSE) -> 6 | CV22: =VLOOKUP(C22,Theory!B25:CG96,84,FALSE) -> 0 | CW22: =VLOOKUP(C22,Theory!B25:CH96,85,FALSE) -> 0 | CX22: =VLOOKUP(C22,Theory!B25:CI96,86,FALSE) -> 0 | CY22: =VLOOKUP(C22,Theory!B25:CJ96,87,FALSE) -> 0 | CZ22: =VLOOKUP(C22,Theory!B25:CK96,88,FALSE) -> 0 | DA22: =VLOOKUP(C22,Theory!B25:CL96,89,FALSE) -> 0 | DB22: =VLOOKUP(C22,Theory!B25:CM96,90,FALSE) -> 0 | DC22: =MAX(SUM(CU22:CX22),SUM(CY22:DB22)) -> 6 | DD22: =VLOOKUP(C22,Theory!B25:CN96,91,FALSE) -> 0 | DE22: =VLOOKUP(C22,Theory!B25:CO96,92,FALSE) -> 0 | DF22: =VLOOKUP(C22,Theory!B25:CP96,93,FALSE) -> 0 | DG22: =VLOOKUP(C22,Theory!B25:CQ96,94,FALSE) -> 0 | DH22: =VLOOKUP(C22,Theory!B25:CR96,95,FALSE) -> 0 | DI22: =VLOOKUP(C22,Theory!B25:CS96,96,FALSE) -> 0 | DJ22: =VLOOKUP(C22,Theory!B25:CT96,97,FALSE) -> 0 | DK22: =VLOOKUP(C22,Theory!B25:CU96,98,FALSE) -> 0 | DL22: =MAX(SUM(DD22:DG22),SUM(DH22:DK22)) -> 0 | DM22: =SUM(CF22,CK22,CT22,DC22,DL22) -> 22 | DN22: =AO22 -> 7 | DO22: =CA22 -> 6 | DP22: =DM22 -> 22 | DQ22: =ROUND(30*DN22/50,0) -> 4 | DR22: =ROUND(30*DO22/50,0) -> 4 | DS22: =ROUND(30*DP22/50,0) -> 13 | DT22: =ROUND(AVERAGE(DQ22:DS22),0) -> 7 | DU22: =VLOOKUP(C22,Theory!B25:CV96,99,FALSE) -> 5 | DV22: =VLOOKUP(C22,Theory!B25:CW96,100,FALSE) -> 5 | DW22: =SUM(DU22:DV22) -> 10 | DX22: =SUM(DT22:DV22) -> 17 | DY22: =ROUND((30*DX22/50),0) -> 10 | DZ22: =VLOOKUP(C22,Lab!B17:D86,3,FALSE) -> 0 | EA22: =VLOOKUP(C22,Lab!B17:E86,4,FALSE) -> 0 | EB22: =VLOOKUP(C22,Lab!B17:F86,5,FALSE) -> 25 | EC22: =SUM(DZ22:EB22) -> 25 | ED22: =VLOOKUP(C22,Lab!B17:G86,6,FALSE) -> 0 | EE22: =VLOOKUP(C22,Lab!B17:H86,7,FALSE) -> 0 | EF22: 8 | EG22: =SUM(ED22:EF22) -> 8 | EH22: =SUM(EC22,EG22) -> 33 | EI22: =ROUND((20*EH22/50),0) -> 13 | EJ22: =SUM(DY22,EI22) -> 23 | EK22: 20.5 | EM22: =VLOOKUP(C22,Theory!B25:DK96,114,FALSE) -> 0 | EN22: =VLOOKUP(C22,Theory!B25:DL96,115,FALSE) -> 0 | EO22: =VLOOKUP(C22,Theory!B25:DM96,116,FALSE) -> 0 | EP22: =VLOOKUP(C22,Theory!B25:DN94,117,FALSE) -> 0 | EQ22: =VLOOKUP(C22,Theory!B25:DO94,118,FALSE) -> 0 | ER22: =VLOOKUP(C22,Theory!B25:DP94,119,FALSE) -> 0 | ES22: =VLOOKUP(C22,Theory!B25:DQ94,120,FALSE) -> 0 | ET22: =SUM(ER22:ES22) -> 0
A23: 10 | B23: =Theory!C26 -> ASHWINI GANESH RATOD | C23: =Theory!B26 -> 1DS23AI011 | D23: =VLOOKUP(C23,Theory!B26:D97,3,FALSE) -> 9 | E23: =VLOOKUP(C23,Theory!B26:E97,4,FALSE) -> 0 | F23: =VLOOKUP(C23,Theory!B26:F97,5,FALSE) -> 0 | G23: =VLOOKUP(C23,Theory!B26:G97,6,FALSE) -> 0 | H23: =SUM(D23:G23) -> 9 | I23: =VLOOKUP(C23,Theory!B26:H97,7,FALSE) -> 4 | J23: =VLOOKUP(C23,Theory!B26:I97,8,FALSE) -> 0 | K23: =VLOOKUP(C23,Theory!B26:J97,9,FALSE) -> 0 | L23: =VLOOKUP(C23,Theory!B26:K97,10,FALSE) -> 0 | M23: =SUM(I23:L23) -> 4 | N23: =VLOOKUP(C23,Theory!B26:L97,11,FALSE) -> 6 | O23: =VLOOKUP(C23,Theory!B26:M97,12,FALSE) -> 0 | P23: =VLOOKUP(C23,Theory!B26:N97,13,FALSE) -> 0 | Q23: =VLOOKUP(C23,Theory!B26:O97,14,FALSE) -> 0 | R23: =VLOOKUP(C23,Theory!B26:P97,15,FALSE) -> 0 | S23: =VLOOKUP(C23,Theory!B26:Q97,16,FALSE) -> 0 | T23: =VLOOKUP(C23,Theory!B26:R97,17,FALSE) -> 0 | U23: =VLOOKUP(C23,Theory!B26:S97,18,FALSE) -> 0 | V23: =MAX(SUM(N23:Q23),SUM(R23:U23)) -> 6 | W23: =VLOOKUP(C23,Theory!B26:T97,19,FALSE) -> 0 | X23: =VLOOKUP(C23,Theory!B26:U97,20,FALSE) -> 0 | Y23: =VLOOKUP(C23,Theory!B26:V97,21,FALSE) -> 0 | Z23: =VLOOKUP(C23,Theory!B26:W97,22,FALSE) -> 0 | AA23: =VLOOKUP(C23,Theory!B26:X97,23,FALSE) -> 3 | AB23: =VLOOKUP(C23,Theory!B26:Y97,24,FALSE) -> 0 | AC23: =VLOOKUP(C23,Theory!B26:Z97,25,FALSE) -> 0 | AD23: =VLOOKUP(C23,Theory!B26:AA97,26,FALSE) -> 0 | AE23: =MAX(SUM(W23:Z23),SUM(AA23:AD23)) -> 3 | AF23: =VLOOKUP(C23,Theory!B26:AB97,27,FALSE) -> 0 | AG23: =VLOOKUP(C23,Theory!B26:AC97,28,FALSE) -> 0 | AH23: =VLOOKUP(C23,Theory!B26:AD97,29,FALSE) -> 0 | AI23: =VLOOKUP(C23,Theory!B26:AE97,30,FALSE) -> 0 | AJ23: =VLOOKUP(C23,Theory!B26:AF97,31,FALSE) -> 4 | AK23: =VLOOKUP(C23,Theory!B26:AG97,32,FALSE) -> 0 | AL23: =VLOOKUP(C23,Theory!B26:AH97,33,FALSE) -> 0 | AM23: =VLOOKUP(C23,Theory!B26:AI97,34,FALSE) -> 0 | AN23: =MAX(SUM(AF23:AI23),SUM(AJ23:AM23)) -> 4 | AO23: =SUM(H23,M23,V23,AE23,AN23) -> 26 | AP23: =VLOOKUP(C23,Theory!B26:AJ97,35,FALSE) -> 2 | AQ23: =VLOOKUP(C23,Theory!B26:AK97,36,FALSE) -> 0 | AR23: =VLOOKUP(C23,Theory!B26:AL97,37,FALSE) -> 0 | AS23: =VLOOKUP(C23,Theory!B26:AM97,38,FALSE) -> 0 | AT23: =SUM(AP23:AS23) -> 2 | AU23: =VLOOKUP(C23,Theory!B26:AN97,39,FALSE) -> 6 | AV23: =VLOOKUP(C23,Theory!B26:AO97,40,FALSE) -> 0 | AW23: =VLOOKUP(C23,Theory!B26:AP97,41,FALSE) -> 0 | AX23: =VLOOKUP(C23,Theory!B26:AQ97,42,FALSE) -> 0 | AY23: =SUM(AU23:AX23) -> 6 | AZ23: =VLOOKUP(C23,Theory!B26:AR97,43,FALSE) -> 0 | BA23: =VLOOKUP(C23,Theory!B26:AS97,44,FALSE) -> 0 | BB23: =VLOOKUP(C23,Theory!B26:AT97,45,FALSE) -> 0 | BC23: =VLOOKUP(C23,Theory!B26:AU97,46,FALSE) -> 0 | BD23: =VLOOKUP(C23,Theory!B26:AV97,47,FALSE) -> 8 | BE23: =VLOOKUP(C23,Theory!B26:AW97,48,FALSE) -> 0 | BF23: =VLOOKUP(C23,Theory!B26:AX97,49,FALSE) -> 0 | BG23: =VLOOKUP(C23,Theory!B26:AY97,50,FALSE) -> 0 | BH23: =MAX(SUM(AZ23:BC23),SUM(BD23:BG23)) -> 8 | BI23: =VLOOKUP(C23,Theory!B26:AZ97,51,FALSE) -> 3 | BJ23: =VLOOKUP(C23,Theory!B26:BA97,52,FALSE) -> 0 | BK23: =VLOOKUP(C23,Theory!B26:BB97,53,FALSE) -> 0 | BL23: =VLOOKUP(C23,Theory!B26:BC97,54,FALSE) -> 0 | BM23: =VLOOKUP(C23,Theory!B26:BD97,55,FALSE) -> 0 | BN23: =VLOOKUP(C23,Theory!B26:BE97,56,FALSE) -> 0 | BO23: =VLOOKUP(C23,Theory!B26:BF97,57,FALSE) -> 0 | BP23: =VLOOKUP(C23,Theory!B26:BG97,58,FALSE) -> 0 | BQ23: =MAX(SUM(BI23:BL23),SUM(BM23:BP23)) -> 3 | BR23: =VLOOKUP(C23,Theory!B26:BH97,59,FALSE) -> 7 | BS23: =VLOOKUP(C23,Theory!B26:BI97,60,FALSE) -> 0 | BT23: =VLOOKUP(C23,Theory!B26:BJ97,61,FALSE) -> 0 | BU23: =VLOOKUP(C23,Theory!B26:BK97,62,FALSE) -> 0 | BV23: =VLOOKUP(C23,Theory!B26:BL97,63,FALSE) -> 0 | BW23: =VLOOKUP(C23,Theory!B26:BM97,64,FALSE) -> 0 | BX23: =VLOOKUP(C23,Theory!B26:BN97,65,FALSE) -> 0 | BY23: =VLOOKUP(C23,Theory!B26:BO97,66,FALSE) -> 0 | BZ23: =MAX(SUM(BR23:BU23),SUM(BV23:BY23)) -> 7 | CA23: =SUM(AT23,AY23,BH23,BQ23,BZ23) -> 26 | CB23: =VLOOKUP(C23,Theory!B26:BP97,67,FALSE) -> 9 | CC23: =VLOOKUP(C23,Theory!B26:BQ97,68,FALSE) -> 0 | CD23: =VLOOKUP(C23,Theory!B26:BR97,69,FALSE) -> 0 | CE23: =VLOOKUP(C23,Theory!B26:BS97,70,FALSE) -> 0 | CF23: =SUM(CB23:CE23) -> 9 | CG23: =VLOOKUP(C23,Theory!B26:BT97,71,FALSE) -> 9 | CH23: =VLOOKUP(C23,Theory!B26:BU97,72,FALSE) -> 0 | CI23: =VLOOKUP(C23,Theory!B26:BV97,73,FALSE) -> 0 | CJ23: =VLOOKUP(C23,Theory!B26:BW97,74,FALSE) -> 0 | CK23: =SUM(CG23:CJ23) -> 9 | CL23: =VLOOKUP(C23,Theory!B26:BX97,75,FALSE) -> 9 | CM23: =VLOOKUP(C23,Theory!B26:BY97,76,FALSE) -> 0 | CN23: =VLOOKUP(C23,Theory!B26:BZ97,77,FALSE) -> 0 | CO23: =VLOOKUP(C23,Theory!B26:CA97,78,FALSE) -> 0 | CP23: =VLOOKUP(C23,Theory!B26:CB97,79,FALSE) -> 0 | CQ23: =VLOOKUP(C23,Theory!B26:CC97,80,FALSE) -> 0 | CR23: =VLOOKUP(C23,Theory!B26:CD97,81,FALSE) -> 0 | CS23: =VLOOKUP(C23,Theory!B26:CE97,82,FALSE) -> 0 | CT23: =MAX(SUM(CL23:CO23),SUM(CP23:CS23)) -> 9 | CU23: =VLOOKUP(C23,Theory!B26:CF97,83,FALSE) -> 8 | CV23: =VLOOKUP(C23,Theory!B26:CG97,84,FALSE) -> 0 | CW23: =VLOOKUP(C23,Theory!B26:CH97,85,FALSE) -> 0 | CX23: =VLOOKUP(C23,Theory!B26:CI97,86,FALSE) -> 0 | CY23: =VLOOKUP(C23,Theory!B26:CJ97,87,FALSE) -> 0 | CZ23: =VLOOKUP(C23,Theory!B26:CK97,88,FALSE) -> 0 | DA23: =VLOOKUP(C23,Theory!B26:CL97,89,FALSE) -> 0 | DB23: =VLOOKUP(C23,Theory!B26:CM97,90,FALSE) -> 0 | DC23: =MAX(SUM(CU23:CX23),SUM(CY23:DB23)) -> 8 | DD23: =VLOOKUP(C23,Theory!B26:CN97,91,FALSE) -> 9 | DE23: =VLOOKUP(C23,Theory!B26:CO97,92,FALSE) -> 0 | DF23: =VLOOKUP(C23,Theory!B26:CP97,93,FALSE) -> 0 | DG23: =VLOOKUP(C23,Theory!B26:CQ97,94,FALSE) -> 0 | DH23: =VLOOKUP(C23,Theory!B26:CR97,95,FALSE) -> 0 | DI23: =VLOOKUP(C23,Theory!B26:CS97,96,FALSE) -> 0 | DJ23: =VLOOKUP(C23,Theory!B26:CT97,97,FALSE) -> 0 | DK23: =VLOOKUP(C23,Theory!B26:CU97,98,FALSE) -> 0 | DL23: =MAX(SUM(DD23:DG23),SUM(DH23:DK23)) -> 9 | DM23: =SUM(CF23,CK23,CT23,DC23,DL23) -> 44 | DN23: =AO23 -> 26 | DO23: =CA23 -> 26 | DP23: =DM23 -> 44 | DQ23: =ROUND(30*DN23/50,0) -> 16 | DR23: =ROUND(30*DO23/50,0) -> 16 | DS23: =ROUND(30*DP23/50,0) -> 26 | DT23: =ROUND(AVERAGE(DQ23:DS23),0) -> 19 | DU23: =VLOOKUP(C23,Theory!B26:CV97,99,FALSE) -> 7 | DV23: =VLOOKUP(C23,Theory!B26:CW97,100,FALSE) -> 10 | DW23: =SUM(DU23:DV23) -> 17 | DX23: =SUM(DT23:DV23) -> 36 | DY23: =ROUND((30*DX23/50),0) -> 22 | DZ23: =VLOOKUP(C23,Lab!B18:D87,3,FALSE) -> 0 | EA23: =VLOOKUP(C23,Lab!B18:E87,4,FALSE) -> 0 | EB23: =VLOOKUP(C23,Lab!B18:F87,5,FALSE) -> 26 | EC23: =SUM(DZ23:EB23) -> 26 | ED23: =VLOOKUP(C23,Lab!B18:G87,6,FALSE) -> 0 | EE23: =VLOOKUP(C23,Lab!B18:H87,7,FALSE) -> 0 | EF23: 16 | EG23: =SUM(ED23:EF23) -> 16 | EH23: =SUM(EC23,EG23) -> 42 | EI23: =ROUND((20*EH23/50),0) -> 17 | EJ23: =SUM(DY23,EI23) -> 39 | EK23: 41 | EM23: =VLOOKUP(C23,Theory!B26:DK97,114,FALSE) -> 0 | EN23: =VLOOKUP(C23,Theory!B26:DL97,115,FALSE) -> 0 | EO23: =VLOOKUP(C23,Theory!B26:DM97,116,FALSE) -> 0 | EP23: =VLOOKUP(C23,Theory!B26:DN95,117,FALSE) -> 0 | EQ23: =VLOOKUP(C23,Theory!B26:DO95,118,FALSE) -> 0 | ER23: =VLOOKUP(C23,Theory!B26:DP95,119,FALSE) -> 0 | ES23: =VLOOKUP(C23,Theory!B26:DQ95,120,FALSE) -> 0 | ET23: =SUM(ER23:ES23) -> 0
A24: 11 | B24: =Theory!C27 -> AVIDUTT PUROHIT | C24: =Theory!B27 -> 1DS23AI012 | D24: =VLOOKUP(C24,Theory!B27:D98,3,FALSE) -> 9 | E24: =VLOOKUP(C24,Theory!B27:E98,4,FALSE) -> 0 | F24: =VLOOKUP(C24,Theory!B27:F98,5,FALSE) -> 0 | G24: =VLOOKUP(C24,Theory!B27:G98,6,FALSE) -> 0 | H24: =SUM(D24:G24) -> 9 | I24: =VLOOKUP(C24,Theory!B27:H98,7,FALSE) -> 8 | J24: =VLOOKUP(C24,Theory!B27:I98,8,FALSE) -> 0 | K24: =VLOOKUP(C24,Theory!B27:J98,9,FALSE) -> 0 | L24: =VLOOKUP(C24,Theory!B27:K98,10,FALSE) -> 0 | M24: =SUM(I24:L24) -> 8 | N24: =VLOOKUP(C24,Theory!B27:L98,11,FALSE) -> 6 | O24: =VLOOKUP(C24,Theory!B27:M98,12,FALSE) -> 0 | P24: =VLOOKUP(C24,Theory!B27:N98,13,FALSE) -> 0 | Q24: =VLOOKUP(C24,Theory!B27:O98,14,FALSE) -> 0 | R24: =VLOOKUP(C24,Theory!B27:P98,15,FALSE) -> 0 | S24: =VLOOKUP(C24,Theory!B27:Q98,16,FALSE) -> 0 | T24: =VLOOKUP(C24,Theory!B27:R98,17,FALSE) -> 0 | U24: =VLOOKUP(C24,Theory!B27:S98,18,FALSE) -> 0 | V24: =MAX(SUM(N24:Q24),SUM(R24:U24)) -> 6 | W24: =VLOOKUP(C24,Theory!B27:T98,19,FALSE) -> 0 | X24: =VLOOKUP(C24,Theory!B27:U98,20,FALSE) -> 0 | Y24: =VLOOKUP(C24,Theory!B27:V98,21,FALSE) -> 0 | Z24: =VLOOKUP(C24,Theory!B27:W98,22,FALSE) -> 0 | AA24: =VLOOKUP(C24,Theory!B27:X98,23,FALSE) -> 8 | AB24: =VLOOKUP(C24,Theory!B27:Y98,24,FALSE) -> 0 | AC24: =VLOOKUP(C24,Theory!B27:Z98,25,FALSE) -> 0 | AD24: =VLOOKUP(C24,Theory!B27:AA98,26,FALSE) -> 0 | AE24: =MAX(SUM(W24:Z24),SUM(AA24:AD24)) -> 8 | AF24: =VLOOKUP(C24,Theory!B27:AB98,27,FALSE) -> 9 | AG24: =VLOOKUP(C24,Theory!B27:AC98,28,FALSE) -> 0 | AH24: =VLOOKUP(C24,Theory!B27:AD98,29,FALSE) -> 0 | AI24: =VLOOKUP(C24,Theory!B27:AE98,30,FALSE) -> 0 | AJ24: =VLOOKUP(C24,Theory!B27:AF98,31,FALSE) -> 0 | AK24: =VLOOKUP(C24,Theory!B27:AG98,32,FALSE) -> 0 | AL24: =VLOOKUP(C24,Theory!B27:AH98,33,FALSE) -> 0 | AM24: =VLOOKUP(C24,Theory!B27:AI98,34,FALSE) -> 0 | AN24: =MAX(SUM(AF24:AI24),SUM(AJ24:AM24)) -> 9 | AO24: =SUM(H24,M24,V24,AE24,AN24) -> 40 | AP24: =VLOOKUP(C24,Theory!B27:AJ98,35,FALSE) -> 8 | AQ24: =VLOOKUP(C24,Theory!B27:AK98,36,FALSE) -> 0 | AR24: =VLOOKUP(C24,Theory!B27:AL98,37,FALSE) -> 0 | AS24: =VLOOKUP(C24,Theory!B27:AM98,38,FALSE) -> 0 | AT24: =SUM(AP24:AS24) -> 8 | AU24: =VLOOKUP(C24,Theory!B27:AN98,39,FALSE) -> 6 | AV24: =VLOOKUP(C24,Theory!B27:AO98,40,FALSE) -> 0 | AW24: =VLOOKUP(C24,Theory!B27:AP98,41,FALSE) -> 0 | AX24: =VLOOKUP(C24,Theory!B27:AQ98,42,FALSE) -> 0 | AY24: =SUM(AU24:AX24) -> 6 | AZ24: =VLOOKUP(C24,Theory!B27:AR98,43,FALSE) -> 0 | BA24: =VLOOKUP(C24,Theory!B27:AS98,44,FALSE) -> 0 | BB24: =VLOOKUP(C24,Theory!B27:AT98,45,FALSE) -> 0 | BC24: =VLOOKUP(C24,Theory!B27:AU98,46,FALSE) -> 0 | BD24: =VLOOKUP(C24,Theory!B27:AV98,47,FALSE) -> 9 | BE24: =VLOOKUP(C24,Theory!B27:AW98,48,FALSE) -> 0 | BF24: =VLOOKUP(C24,Theory!B27:AX98,49,FALSE) -> 0 | BG24: =VLOOKUP(C24,Theory!B27:AY98,50,FALSE) -> 0 | BH24: =MAX(SUM(AZ24:BC24),SUM(BD24:BG24)) -> 9 | BI24: =VLOOKUP(C24,Theory!B27:AZ98,51,FALSE) -> 0 | BJ24: =VLOOKUP(C24,Theory!B27:BA98,52,FALSE) -> 0 | BK24: =VLOOKUP(C24,Theory!B27:BB98,53,FALSE) -> 0 | BL24: =VLOOKUP(C24,Theory!B27:BC98,54,FALSE) -> 0 | BM24: =VLOOKUP(C24,Theory!B27:BD98,55,FALSE) -> 2 | BN24: =VLOOKUP(C24,Theory!B27:BE98,56,FALSE) -> 0 | BO24: =VLOOKUP(C24,Theory!B27:BF98,57,FALSE) -> 0 | BP24: =VLOOKUP(C24,Theory!B27:BG98,58,FALSE) -> 0 | BQ24: =MAX(SUM(BI24:BL24),SUM(BM24:BP24)) -> 2 | BR24: =VLOOKUP(C24,Theory!B27:BH98,59,FALSE) -> 0 | BS24: =VLOOKUP(C24,Theory!B27:BI98,60,FALSE) -> 0 | BT24: =VLOOKUP(C24,Theory!B27:BJ98,61,FALSE) -> 0 | BU24: =VLOOKUP(C24,Theory!B27:BK98,62,FALSE) -> 0 | BV24: =VLOOKUP(C24,Theory!B27:BL98,63,FALSE) -> 6 | BW24: =VLOOKUP(C24,Theory!B27:BM98,64,FALSE) -> 0 | BX24: =VLOOKUP(C24,Theory!B27:BN98,65,FALSE) -> 0 | BY24: =VLOOKUP(C24,Theory!B27:BO98,66,FALSE) -> 0 | BZ24: =MAX(SUM(BR24:BU24),SUM(BV24:BY24)) -> 6 | CA24: =SUM(AT24,AY24,BH24,BQ24,BZ24) -> 31 | CB24: =VLOOKUP(C24,Theory!B27:BP98,67,FALSE) -> 8 | CC24: =VLOOKUP(C24,Theory!B27:BQ98,68,FALSE) -> 0 | CD24: =VLOOKUP(C24,Theory!B27:BR98,69,FALSE) -> 0 | CE24: =VLOOKUP(C24,Theory!B27:BS98,70,FALSE) -> 0 | CF24: =SUM(CB24:CE24) -> 8 | CG24: =VLOOKUP(C24,Theory!B27:BT98,71,FALSE) -> 7 | CH24: =VLOOKUP(C24,Theory!B27:BU98,72,FALSE) -> 0 | CI24: =VLOOKUP(C24,Theory!B27:BV98,73,FALSE) -> 0 | CJ24: =VLOOKUP(C24,Theory!B27:BW98,74,FALSE) -> 0 | CK24: =SUM(CG24:CJ24) -> 7 | CL24: =VLOOKUP(C24,Theory!B27:BX98,75,FALSE) -> 7 | CM24: =VLOOKUP(C24,Theory!B27:BY98,76,FALSE) -> 0 | CN24: =VLOOKUP(C24,Theory!B27:BZ98,77,FALSE) -> 0 | CO24: =VLOOKUP(C24,Theory!B27:CA98,78,FALSE) -> 0 | CP24: =VLOOKUP(C24,Theory!B27:CB98,79,FALSE) -> 0 | CQ24: =VLOOKUP(C24,Theory!B27:CC98,80,FALSE) -> 0 | CR24: =VLOOKUP(C24,Theory!B27:CD98,81,FALSE) -> 0 | CS24: =VLOOKUP(C24,Theory!B27:CE98,82,FALSE) -> 0 | CT24: =MAX(SUM(CL24:CO24),SUM(CP24:CS24)) -> 7 | CU24: =VLOOKUP(C24,Theory!B27:CF98,83,FALSE) -> 8 | CV24: =VLOOKUP(C24,Theory!B27:CG98,84,FALSE) -> 0 | CW24: =VLOOKUP(C24,Theory!B27:CH98,85,FALSE) -> 0 | CX24: =VLOOKUP(C24,Theory!B27:CI98,86,FALSE) -> 0 | CY24: =VLOOKUP(C24,Theory!B27:CJ98,87,FALSE) -> 0 | CZ24: =VLOOKUP(C24,Theory!B27:CK98,88,FALSE) -> 0 | DA24: =VLOOKUP(C24,Theory!B27:CL98,89,FALSE) -> 0 | DB24: =VLOOKUP(C24,Theory!B27:CM98,90,FALSE) -> 0 | DC24: =MAX(SUM(CU24:CX24),SUM(CY24:DB24)) -> 8 | DD24: =VLOOKUP(C24,Theory!B27:CN98,91,FALSE) -> 3 | DE24: =VLOOKUP(C24,Theory!B27:CO98,92,FALSE) -> 0 | DF24: =VLOOKUP(C24,Theory!B27:CP98,93,FALSE) -> 0 | DG24: =VLOOKUP(C24,Theory!B27:CQ98,94,FALSE) -> 0 | DH24: =VLOOKUP(C24,Theory!B27:CR98,95,FALSE) -> 0 | DI24: =VLOOKUP(C24,Theory!B27:CS98,96,FALSE) -> 0 | DJ24: =VLOOKUP(C24,Theory!B27:CT98,97,FALSE) -> 0 | DK24: =VLOOKUP(C24,Theory!B27:CU98,98,FALSE) -> 0 | DL24: =MAX(SUM(DD24:DG24),SUM(DH24:DK24)) -> 3 | DM24: =SUM(CF24,CK24,CT24,DC24,DL24) -> 33 | DN24: =AO24 -> 40 | DO24: =CA24 -> 31 | DP24: =DM24 -> 33 | DQ24: =ROUND(30*DN24/50,0) -> 24 | DR24: =ROUND(30*DO24/50,0) -> 19 | DS24: =ROUND(30*DP24/50,0) -> 20 | DT24: =ROUND(AVERAGE(DQ24:DS24),0) -> 21 | DU24: =VLOOKUP(C24,Theory!B27:CV98,99,FALSE) -> 8 | DV24: =VLOOKUP(C24,Theory!B27:CW98,100,FALSE) -> 10 | DW24: =SUM(DU24:DV24) -> 18 | DX24: =SUM(DT24:DV24) -> 39 | DY24: =ROUND((30*DX24/50),0) -> 23 | DZ24: =VLOOKUP(C24,Lab!B19:D88,3,FALSE) -> 0 | EA24: =VLOOKUP(C24,Lab!B19:E88,4,FALSE) -> 0 | EB24: =VLOOKUP(C24,Lab!B19:F88,5,FALSE) -> 25 | EC24: =SUM(DZ24:EB24) -> 25 | ED24: =VLOOKUP(C24,Lab!B19:G88,6,FALSE) -> 0 | EE24: =VLOOKUP(C24,Lab!B19:H88,7,FALSE) -> 0 | EF24: 10 | EG24: =SUM(ED24:EF24) -> 10 | EH24: =SUM(EC24,EG24) -> 35 | EI24: =ROUND((20*EH24/50),0) -> 14 | EJ24: =SUM(DY24,EI24) -> 37 | EK24: 32.5 | EM24: =VLOOKUP(C24,Theory!B27:DK98,114,FALSE) -> 0 | EN24: =VLOOKUP(C24,Theory!B27:DL98,115,FALSE) -> 0 | EO24: =VLOOKUP(C24,Theory!B27:DM98,116,FALSE) -> 0 | EP24: =VLOOKUP(C24,Theory!B27:DN96,117,FALSE) -> 0 | EQ24: =VLOOKUP(C24,Theory!B27:DO96,118,FALSE) -> 0 | ER24: =VLOOKUP(C24,Theory!B27:DP96,119,FALSE) -> 0 | ES24: =VLOOKUP(C24,Theory!B27:DQ96,120,FALSE) -> 0 | ET24: =SUM(ER24:ES24) -> 0
A25: 12 | B25: =Theory!C28 -> B N SHARATH | C25: =Theory!B28 -> 1DS23AI013 | D25: =VLOOKUP(C25,Theory!B28:D99,3,FALSE) -> 8 | E25: =VLOOKUP(C25,Theory!B28:E99,4,FALSE) -> 0 | F25: =VLOOKUP(C25,Theory!B28:F99,5,FALSE) -> 0 | G25: =VLOOKUP(C25,Theory!B28:G99,6,FALSE) -> 0 | H25: =SUM(D25:G25) -> 8 | I25: =VLOOKUP(C25,Theory!B28:H99,7,FALSE) -> 4 | J25: =VLOOKUP(C25,Theory!B28:I99,8,FALSE) -> 0 | K25: =VLOOKUP(C25,Theory!B28:J99,9,FALSE) -> 0 | L25: =VLOOKUP(C25,Theory!B28:K99,10,FALSE) -> 0 | M25: =SUM(I25:L25) -> 4 | N25: =VLOOKUP(C25,Theory!B28:L99,11,FALSE) -> 4 | O25: =VLOOKUP(C25,Theory!B28:M99,12,FALSE) -> 0 | P25: =VLOOKUP(C25,Theory!B28:N99,13,FALSE) -> 0 | Q25: =VLOOKUP(C25,Theory!B28:O99,14,FALSE) -> 0 | R25: =VLOOKUP(C25,Theory!B28:P99,15,FALSE) -> 0 | S25: =VLOOKUP(C25,Theory!B28:Q99,16,FALSE) -> 0 | T25: =VLOOKUP(C25,Theory!B28:R99,17,FALSE) -> 0 | U25: =VLOOKUP(C25,Theory!B28:S99,18,FALSE) -> 0 | V25: =MAX(SUM(N25:Q25),SUM(R25:U25)) -> 4 | W25: =VLOOKUP(C25,Theory!B28:T99,19,FALSE) -> 0 | X25: =VLOOKUP(C25,Theory!B28:U99,20,FALSE) -> 0 | Y25: =VLOOKUP(C25,Theory!B28:V99,21,FALSE) -> 0 | Z25: =VLOOKUP(C25,Theory!B28:W99,22,FALSE) -> 0 | AA25: =VLOOKUP(C25,Theory!B28:X99,23,FALSE) -> 10 | AB25: =VLOOKUP(C25,Theory!B28:Y99,24,FALSE) -> 0 | AC25: =VLOOKUP(C25,Theory!B28:Z99,25,FALSE) -> 0 | AD25: =VLOOKUP(C25,Theory!B28:AA99,26,FALSE) -> 0 | AE25: =MAX(SUM(W25:Z25),SUM(AA25:AD25)) -> 10 | AF25: =VLOOKUP(C25,Theory!B28:AB99,27,FALSE) -> 0 | AG25: =VLOOKUP(C25,Theory!B28:AC99,28,FALSE) -> 0 | AH25: =VLOOKUP(C25,Theory!B28:AD99,29,FALSE) -> 0 | AI25: =VLOOKUP(C25,Theory!B28:AE99,30,FALSE) -> 0 | AJ25: =VLOOKUP(C25,Theory!B28:AF99,31,FALSE) -> 4 | AK25: =VLOOKUP(C25,Theory!B28:AG99,32,FALSE) -> 0 | AL25: =VLOOKUP(C25,Theory!B28:AH99,33,FALSE) -> 0 | AM25: =VLOOKUP(C25,Theory!B28:AI99,34,FALSE) -> 0 | AN25: =MAX(SUM(AF25:AI25),SUM(AJ25:AM25)) -> 4 | AO25: =SUM(H25,M25,V25,AE25,AN25) -> 30 | AP25: =VLOOKUP(C25,Theory!B28:AJ99,35,FALSE) -> 4 | AQ25: =VLOOKUP(C25,Theory!B28:AK99,36,FALSE) -> 0 | AR25: =VLOOKUP(C25,Theory!B28:AL99,37,FALSE) -> 0 | AS25: =VLOOKUP(C25,Theory!B28:AM99,38,FALSE) -> 0 | AT25: =SUM(AP25:AS25) -> 4 | AU25: =VLOOKUP(C25,Theory!B28:AN99,39,FALSE) -> 8 | AV25: =VLOOKUP(C25,Theory!B28:AO99,40,FALSE) -> 0 | AW25: =VLOOKUP(C25,Theory!B28:AP99,41,FALSE) -> 0 | AX25: =VLOOKUP(C25,Theory!B28:AQ99,42,FALSE) -> 0 | AY25: =SUM(AU25:AX25) -> 8 | AZ25: =VLOOKUP(C25,Theory!B28:AR99,43,FALSE) -> 0 | BA25: =VLOOKUP(C25,Theory!B28:AS99,44,FALSE) -> 0 | BB25: =VLOOKUP(C25,Theory!B28:AT99,45,FALSE) -> 0 | BC25: =VLOOKUP(C25,Theory!B28:AU99,46,FALSE) -> 0 | BD25: =VLOOKUP(C25,Theory!B28:AV99,47,FALSE) -> 8 | BE25: =VLOOKUP(C25,Theory!B28:AW99,48,FALSE) -> 0 | BF25: =VLOOKUP(C25,Theory!B28:AX99,49,FALSE) -> 0 | BG25: =VLOOKUP(C25,Theory!B28:AY99,50,FALSE) -> 0 | BH25: =MAX(SUM(AZ25:BC25),SUM(BD25:BG25)) -> 8 | BI25: =VLOOKUP(C25,Theory!B28:AZ99,51,FALSE) -> 9 | BJ25: =VLOOKUP(C25,Theory!B28:BA99,52,FALSE) -> 0 | BK25: =VLOOKUP(C25,Theory!B28:BB99,53,FALSE) -> 0 | BL25: =VLOOKUP(C25,Theory!B28:BC99,54,FALSE) -> 0 | BM25: =VLOOKUP(C25,Theory!B28:BD99,55,FALSE) -> 0 | BN25: =VLOOKUP(C25,Theory!B28:BE99,56,FALSE) -> 0 | BO25: =VLOOKUP(C25,Theory!B28:BF99,57,FALSE) -> 0 | BP25: =VLOOKUP(C25,Theory!B28:BG99,58,FALSE) -> 0 | BQ25: =MAX(SUM(BI25:BL25),SUM(BM25:BP25)) -> 9 | BR25: =VLOOKUP(C25,Theory!B28:BH99,59,FALSE) -> 8 | BS25: =VLOOKUP(C25,Theory!B28:BI99,60,FALSE) -> 0 | BT25: =VLOOKUP(C25,Theory!B28:BJ99,61,FALSE) -> 0 | BU25: =VLOOKUP(C25,Theory!B28:BK99,62,FALSE) -> 0 | BV25: =VLOOKUP(C25,Theory!B28:BL99,63,FALSE) -> 0 | BW25: =VLOOKUP(C25,Theory!B28:BM99,64,FALSE) -> 0 | BX25: =VLOOKUP(C25,Theory!B28:BN99,65,FALSE) -> 0 | BY25: =VLOOKUP(C25,Theory!B28:BO99,66,FALSE) -> 0 | BZ25: =MAX(SUM(BR25:BU25),SUM(BV25:BY25)) -> 8 | CA25: =SUM(AT25,AY25,BH25,BQ25,BZ25) -> 37 | CB25: =VLOOKUP(C25,Theory!B28:BP99,67,FALSE) -> 7 | CC25: =VLOOKUP(C25,Theory!B28:BQ99,68,FALSE) -> 0 | CD25: =VLOOKUP(C25,Theory!B28:BR99,69,FALSE) -> 0 | CE25: =VLOOKUP(C25,Theory!B28:BS99,70,FALSE) -> 0 | CF25: =SUM(CB25:CE25) -> 7 | CG25: =VLOOKUP(C25,Theory!B28:BT99,71,FALSE) -> 8 | CH25: =VLOOKUP(C25,Theory!B28:BU99,72,FALSE) -> 0 | CI25: =VLOOKUP(C25,Theory!B28:BV99,73,FALSE) -> 0 | CJ25: =VLOOKUP(C25,Theory!B28:BW99,74,FALSE) -> 0 | CK25: =SUM(CG25:CJ25) -> 8 | CL25: =VLOOKUP(C25,Theory!B28:BX99,75,FALSE) -> 7 | CM25: =VLOOKUP(C25,Theory!B28:BY99,76,FALSE) -> 0 | CN25: =VLOOKUP(C25,Theory!B28:BZ99,77,FALSE) -> 0 | CO25: =VLOOKUP(C25,Theory!B28:CA99,78,FALSE) -> 0 | CP25: =VLOOKUP(C25,Theory!B28:CB99,79,FALSE) -> 0 | CQ25: =VLOOKUP(C25,Theory!B28:CC99,80,FALSE) -> 0 | CR25: =VLOOKUP(C25,Theory!B28:CD99,81,FALSE) -> 0 | CS25: =VLOOKUP(C25,Theory!B28:CE99,82,FALSE) -> 0 | CT25: =MAX(SUM(CL25:CO25),SUM(CP25:CS25)) -> 7 | CU25: =VLOOKUP(C25,Theory!B28:CF99,83,FALSE) -> 8 | CV25: =VLOOKUP(C25,Theory!B28:CG99,84,FALSE) -> 0 | CW25: =VLOOKUP(C25,Theory!B28:CH99,85,FALSE) -> 0 | CX25: =VLOOKUP(C25,Theory!B28:CI99,86,FALSE) -> 0 | CY25: =VLOOKUP(C25,Theory!B28:CJ99,87,FALSE) -> 0 | CZ25: =VLOOKUP(C25,Theory!B28:CK99,88,FALSE) -> 0 | DA25: =VLOOKUP(C25,Theory!B28:CL99,89,FALSE) -> 0 | DB25: =VLOOKUP(C25,Theory!B28:CM99,90,FALSE) -> 0 | DC25: =MAX(SUM(CU25:CX25),SUM(CY25:DB25)) -> 8 | DD25: =VLOOKUP(C25,Theory!B28:CN99,91,FALSE) -> 9 | DE25: =VLOOKUP(C25,Theory!B28:CO99,92,FALSE) -> 0 | DF25: =VLOOKUP(C25,Theory!B28:CP99,93,FALSE) -> 0 | DG25: =VLOOKUP(C25,Theory!B28:CQ99,94,FALSE) -> 0 | DH25: =VLOOKUP(C25,Theory!B28:CR99,95,FALSE) -> 0 | DI25: =VLOOKUP(C25,Theory!B28:CS99,96,FALSE) -> 0 | DJ25: =VLOOKUP(C25,Theory!B28:CT99,97,FALSE) -> 0 | DK25: =VLOOKUP(C25,Theory!B28:CU99,98,FALSE) -> 0 | DL25: =MAX(SUM(DD25:DG25),SUM(DH25:DK25)) -> 9 | DM25: =SUM(CF25,CK25,CT25,DC25,DL25) -> 39 | DN25: =AO25 -> 30 | DO25: =CA25 -> 37 | DP25: =DM25 -> 39 | DQ25: =ROUND(30*DN25/50,0) -> 18 | DR25: =ROUND(30*DO25/50,0) -> 22 | DS25: =ROUND(30*DP25/50,0) -> 23 | DT25: =ROUND(AVERAGE(DQ25:DS25),0) -> 21 | DU25: =VLOOKUP(C25,Theory!B28:CV99,99,FALSE) -> 9 | DV25: =VLOOKUP(C25,Theory!B28:CW99,100,FALSE) -> 10 | DW25: =SUM(DU25:DV25) -> 19 | DX25: =SUM(DT25:DV25) -> 40 | DY25: =ROUND((30*DX25/50),0) -> 24 | DZ25: =VLOOKUP(C25,Lab!B20:D89,3,FALSE) -> 0 | EA25: =VLOOKUP(C25,Lab!B20:E89,4,FALSE) -> 0 | EB25: =VLOOKUP(C25,Lab!B20:F89,5,FALSE) -> 28 | EC25: =SUM(DZ25:EB25) -> 28 | ED25: =VLOOKUP(C25,Lab!B20:G89,6,FALSE) -> 0 | EE25: =VLOOKUP(C25,Lab!B20:H89,7,FALSE) -> 0 | EF25: 18 | EG25: =SUM(ED25:EF25) -> 18 | EH25: =SUM(EC25,EG25) -> 46 | EI25: =ROUND((20*EH25/50),0) -> 18 | EJ25: =SUM(DY25,EI25) -> 42 | EK25: 43 | EM25: =VLOOKUP(C25,Theory!B28:DK99,114,FALSE) -> 0 | EN25: =VLOOKUP(C25,Theory!B28:DL99,115,FALSE) -> 0 | EO25: =VLOOKUP(C25,Theory!B28:DM99,116,FALSE) -> 0 | EP25: =VLOOKUP(C25,Theory!B28:DN97,117,FALSE) -> 0 | EQ25: =VLOOKUP(C25,Theory!B28:DO97,118,FALSE) -> 0 | ER25: =VLOOKUP(C25,Theory!B28:DP97,119,FALSE) -> 0 | ES25: =VLOOKUP(C25,Theory!B28:DQ97,120,FALSE) -> 0 | ET25: =SUM(ER25:ES25) -> 0
A26: 13 | B26: =Theory!C29 -> BANNURU NIKHIL TEJ | C26: =Theory!B29 -> 1DS23AI014 | D26: =VLOOKUP(C26,Theory!B29:D100,3,FALSE) -> 9 | E26: =VLOOKUP(C26,Theory!B29:E100,4,FALSE) -> 0 | F26: =VLOOKUP(C26,Theory!B29:F100,5,FALSE) -> 0 | G26: =VLOOKUP(C26,Theory!B29:G100,6,FALSE) -> 0 | H26: =SUM(D26:G26) -> 9 | I26: =VLOOKUP(C26,Theory!B29:H100,7,FALSE) -> 8 | J26: =VLOOKUP(C26,Theory!B29:I100,8,FALSE) -> 0 | K26: =VLOOKUP(C26,Theory!B29:J100,9,FALSE) -> 0 | L26: =VLOOKUP(C26,Theory!B29:K100,10,FALSE) -> 0 | M26: =SUM(I26:L26) -> 8 | N26: =VLOOKUP(C26,Theory!B29:L100,11,FALSE) -> 6 | O26: =VLOOKUP(C26,Theory!B29:M100,12,FALSE) -> 0 | P26: =VLOOKUP(C26,Theory!B29:N100,13,FALSE) -> 0 | Q26: =VLOOKUP(C26,Theory!B29:O100,14,FALSE) -> 0 | R26: =VLOOKUP(C26,Theory!B29:P100,15,FALSE) -> 0 | S26: =VLOOKUP(C26,Theory!B29:Q100,16,FALSE) -> 0 | T26: =VLOOKUP(C26,Theory!B29:R100,17,FALSE) -> 0 | U26: =VLOOKUP(C26,Theory!B29:S100,18,FALSE) -> 0 | V26: =MAX(SUM(N26:Q26),SUM(R26:U26)) -> 6 | W26: =VLOOKUP(C26,Theory!B29:T100,19,FALSE) -> 8 | X26: =VLOOKUP(C26,Theory!B29:U100,20,FALSE) -> 0 | Y26: =VLOOKUP(C26,Theory!B29:V100,21,FALSE) -> 0 | Z26: =VLOOKUP(C26,Theory!B29:W100,22,FALSE) -> 0 | AA26: =VLOOKUP(C26,Theory!B29:X100,23,FALSE) -> 0 | AB26: =VLOOKUP(C26,Theory!B29:Y100,24,FALSE) -> 0 | AC26: =VLOOKUP(C26,Theory!B29:Z100,25,FALSE) -> 0 | AD26: =VLOOKUP(C26,Theory!B29:AA100,26,FALSE) -> 0 | AE26: =MAX(SUM(W26:Z26),SUM(AA26:AD26)) -> 8 | AF26: =VLOOKUP(C26,Theory!B29:AB100,27,FALSE) -> 0 | AG26: =VLOOKUP(C26,Theory!B29:AC100,28,FALSE) -> 0 | AH26: =VLOOKUP(C26,Theory!B29:AD100,29,FALSE) -> 0 | AI26: =VLOOKUP(C26,Theory!B29:AE100,30,FALSE) -> 0 | AJ26: =VLOOKUP(C26,Theory!B29:AF100,31,FALSE) -> 9 | AK26: =VLOOKUP(C26,Theory!B29:AG100,32,FALSE) -> 0 | AL26: =VLOOKUP(C26,Theory!B29:AH100,33,FALSE) -> 0 | AM26: =VLOOKUP(C26,Theory!B29:AI100,34,FALSE) -> 0 | AN26: =MAX(SUM(AF26:AI26),SUM(AJ26:AM26)) -> 9 | AO26: =SUM(H26,M26,V26,AE26,AN26) -> 40 | AP26: =VLOOKUP(C26,Theory!B29:AJ100,35,FALSE) -> 9 | AQ26: =VLOOKUP(C26,Theory!B29:AK100,36,FALSE) -> 0 | AR26: =VLOOKUP(C26,Theory!B29:AL100,37,FALSE) -> 0 | AS26: =VLOOKUP(C26,Theory!B29:AM100,38,FALSE) -> 0 | AT26: =SUM(AP26:AS26) -> 9 | AU26: =VLOOKUP(C26,Theory!B29:AN100,39,FALSE) -> 8 | AV26: =VLOOKUP(C26,Theory!B29:AO100,40,FALSE) -> 0 | AW26: =VLOOKUP(C26,Theory!B29:AP100,41,FALSE) -> 0 | AX26: =VLOOKUP(C26,Theory!B29:AQ100,42,FALSE) -> 0 | AY26: =SUM(AU26:AX26) -> 8 | AZ26: =VLOOKUP(C26,Theory!B29:AR100,43,FALSE) -> 0 | BA26: =VLOOKUP(C26,Theory!B29:AS100,44,FALSE) -> 0 | BB26: =VLOOKUP(C26,Theory!B29:AT100,45,FALSE) -> 0 | BC26: =VLOOKUP(C26,Theory!B29:AU100,46,FALSE) -> 0 | BD26: =VLOOKUP(C26,Theory!B29:AV100,47,FALSE) -> 10 | BE26: =VLOOKUP(C26,Theory!B29:AW100,48,FALSE) -> 0 | BF26: =VLOOKUP(C26,Theory!B29:AX100,49,FALSE) -> 0 | BG26: =VLOOKUP(C26,Theory!B29:AY100,50,FALSE) -> 0 | BH26: =MAX(SUM(AZ26:BC26),SUM(BD26:BG26)) -> 10 | BI26: =VLOOKUP(C26,Theory!B29:AZ100,51,FALSE) -> 0 | BJ26: =VLOOKUP(C26,Theory!B29:BA100,52,FALSE) -> 0 | BK26: =VLOOKUP(C26,Theory!B29:BB100,53,FALSE) -> 0 | BL26: =VLOOKUP(C26,Theory!B29:BC100,54,FALSE) -> 0 | BM26: =VLOOKUP(C26,Theory!B29:BD100,55,FALSE) -> 0 | BN26: =VLOOKUP(C26,Theory!B29:BE100,56,FALSE) -> 0 | BO26: =VLOOKUP(C26,Theory!B29:BF100,57,FALSE) -> 0 | BP26: =VLOOKUP(C26,Theory!B29:BG100,58,FALSE) -> 0 | BQ26: =MAX(SUM(BI26:BL26),SUM(BM26:BP26)) -> 0 | BR26: =VLOOKUP(C26,Theory!B29:BH100,59,FALSE) -> 0 | BS26: =VLOOKUP(C26,Theory!B29:BI100,60,FALSE) -> 0 | BT26: =VLOOKUP(C26,Theory!B29:BJ100,61,FALSE) -> 0 | BU26: =VLOOKUP(C26,Theory!B29:BK100,62,FALSE) -> 0 | BV26: =VLOOKUP(C26,Theory!B29:BL100,63,FALSE) -> 8 | BW26: =VLOOKUP(C26,Theory!B29:BM100,64,FALSE) -> 0 | BX26: =VLOOKUP(C26,Theory!B29:BN100,65,FALSE) -> 0 | BY26: =VLOOKUP(C26,Theory!B29:BO100,66,FALSE) -> 0 | BZ26: =MAX(SUM(BR26:BU26),SUM(BV26:BY26)) -> 8 | CA26: =SUM(AT26,AY26,BH26,BQ26,BZ26) -> 35 | CB26: =VLOOKUP(C26,Theory!B29:BP100,67,FALSE) -> 9 | CC26: =VLOOKUP(C26,Theory!B29:BQ100,68,FALSE) -> 0 | CD26: =VLOOKUP(C26,Theory!B29:BR100,69,FALSE) -> 0 | CE26: =VLOOKUP(C26,Theory!B29:BS100,70,FALSE) -> 0 | CF26: =SUM(CB26:CE26) -> 9 | CG26: =VLOOKUP(C26,Theory!B29:BT100,71,FALSE) -> 10 | CH26: =VLOOKUP(C26,Theory!B29:BU100,72,FALSE) -> 0 | CI26: =VLOOKUP(C26,Theory!B29:BV100,73,FALSE) -> 0 | CJ26: =VLOOKUP(C26,Theory!B29:BW100,74,FALSE) -> 0 | CK26: =SUM(CG26:CJ26) -> 10 | CL26: =VLOOKUP(C26,Theory!B29:BX100,75,FALSE) -> 0 | CM26: =VLOOKUP(C26,Theory!B29:BY100,76,FALSE) -> 0 | CN26: =VLOOKUP(C26,Theory!B29:BZ100,77,FALSE) -> 0 | CO26: =VLOOKUP(C26,Theory!B29:CA100,78,FALSE) -> 0 | CP26: =VLOOKUP(C26,Theory!B29:CB100,79,FALSE) -> 10 | CQ26: =VLOOKUP(C26,Theory!B29:CC100,80,FALSE) -> 0 | CR26: =VLOOKUP(C26,Theory!B29:CD100,81,FALSE) -> 0 | CS26: =VLOOKUP(C26,Theory!B29:CE100,82,FALSE) -> 0 | CT26: =MAX(SUM(CL26:CO26),SUM(CP26:CS26)) -> 10 | CU26: =VLOOKUP(C26,Theory!B29:CF100,83,FALSE) -> 10 | CV26: =VLOOKUP(C26,Theory!B29:CG100,84,FALSE) -> 0 | CW26: =VLOOKUP(C26,Theory!B29:CH100,85,FALSE) -> 0 | CX26: =VLOOKUP(C26,Theory!B29:CI100,86,FALSE) -> 0 | CY26: =VLOOKUP(C26,Theory!B29:CJ100,87,FALSE) -> 0 | CZ26: =VLOOKUP(C26,Theory!B29:CK100,88,FALSE) -> 0 | DA26: =VLOOKUP(C26,Theory!B29:CL100,89,FALSE) -> 0 | DB26: =VLOOKUP(C26,Theory!B29:CM100,90,FALSE) -> 0 | DC26: =MAX(SUM(CU26:CX26),SUM(CY26:DB26)) -> 10 | DD26: =VLOOKUP(C26,Theory!B29:CN100,91,FALSE) -> 0 | DE26: =VLOOKUP(C26,Theory!B29:CO100,92,FALSE) -> 0 | DF26: =VLOOKUP(C26,Theory!B29:CP100,93,FALSE) -> 0 | DG26: =VLOOKUP(C26,Theory!B29:CQ100,94,FALSE) -> 0 | DH26: =VLOOKUP(C26,Theory!B29:CR100,95,FALSE) -> 9 | DI26: =VLOOKUP(C26,Theory!B29:CS100,96,FALSE) -> 0 | DJ26: =VLOOKUP(C26,Theory!B29:CT100,97,FALSE) -> 0 | DK26: =VLOOKUP(C26,Theory!B29:CU100,98,FALSE) -> 0 | DL26: =MAX(SUM(DD26:DG26),SUM(DH26:DK26)) -> 9 | DM26: =SUM(CF26,CK26,CT26,DC26,DL26) -> 48 | DN26: =AO26 -> 40 | DO26: =CA26 -> 35 | DP26: =DM26 -> 48 | DQ26: =ROUND(30*DN26/50,0) -> 24 | DR26: =ROUND(30*DO26/50,0) -> 21 | DS26: =ROUND(30*DP26/50,0) -> 29 | DT26: =ROUND(AVERAGE(DQ26:DS26),0) -> 25 | DU26: =VLOOKUP(C26,Theory!B29:CV100,99,FALSE) -> 7 | DV26: =VLOOKUP(C26,Theory!B29:CW100,100,FALSE) -> 10 | DW26: =SUM(DU26:DV26) -> 17 | DX26: =SUM(DT26:DV26) -> 42 | DY26: =ROUND((30*DX26/50),0) -> 25 | DZ26: =VLOOKUP(C26,Lab!B21:D90,3,FALSE) -> 0 | EA26: =VLOOKUP(C26,Lab!B21:E90,4,FALSE) -> 0 | EB26: =VLOOKUP(C26,Lab!B21:F90,5,FALSE) -> 27 | EC26: =SUM(DZ26:EB26) -> 27 | ED26: =VLOOKUP(C26,Lab!B21:G90,6,FALSE) -> 0 | EE26: =VLOOKUP(C26,Lab!B21:H90,7,FALSE) -> 0 | EF26: 19 | EG26: =SUM(ED26:EF26) -> 19 | EH26: =SUM(EC26,EG26) -> 46 | EI26: =ROUND((20*EH26/50),0) -> 18 | EJ26: =SUM(DY26,EI26) -> 43 | EK26: 46 | EM26: =VLOOKUP(C26,Theory!B29:DK100,114,FALSE) -> 0 | EN26: =VLOOKUP(C26,Theory!B29:DL100,115,FALSE) -> 0 | EO26: =VLOOKUP(C26,Theory!B29:DM100,116,FALSE) -> 0 | EP26: =VLOOKUP(C26,Theory!B29:DN98,117,FALSE) -> 0 | EQ26: =VLOOKUP(C26,Theory!B29:DO98,118,FALSE) -> 0 | ER26: =VLOOKUP(C26,Theory!B29:DP98,119,FALSE) -> 0 | ES26: =VLOOKUP(C26,Theory!B29:DQ98,120,FALSE) -> 0 | ET26: =SUM(ER26:ES26) -> 0
A27: 14 | B27: =Theory!C30 -> BHOOMIKA RAJESH HEGDE | C27: =Theory!B30 -> 1DS23AI015 | D27: =VLOOKUP(C27,Theory!B30:D101,3,FALSE) -> 8 | E27: =VLOOKUP(C27,Theory!B30:E101,4,FALSE) -> 0 | F27: =VLOOKUP(C27,Theory!B30:F101,5,FALSE) -> 0 | G27: =VLOOKUP(C27,Theory!B30:G101,6,FALSE) -> 0 | H27: =SUM(D27:G27) -> 8 | I27: =VLOOKUP(C27,Theory!B30:H101,7,FALSE) -> 9 | J27: =VLOOKUP(C27,Theory!B30:I101,8,FALSE) -> 0 | K27: =VLOOKUP(C27,Theory!B30:J101,9,FALSE) -> 0 | L27: =VLOOKUP(C27,Theory!B30:K101,10,FALSE) -> 0 | M27: =SUM(I27:L27) -> 9 | N27: =VLOOKUP(C27,Theory!B30:L101,11,FALSE) -> 0 | O27: =VLOOKUP(C27,Theory!B30:M101,12,FALSE) -> 0 | P27: =VLOOKUP(C27,Theory!B30:N101,13,FALSE) -> 0 | Q27: =VLOOKUP(C27,Theory!B30:O101,14,FALSE) -> 0 | R27: =VLOOKUP(C27,Theory!B30:P101,15,FALSE) -> 9 | S27: =VLOOKUP(C27,Theory!B30:Q101,16,FALSE) -> 0 | T27: =VLOOKUP(C27,Theory!B30:R101,17,FALSE) -> 0 | U27: =VLOOKUP(C27,Theory!B30:S101,18,FALSE) -> 0 | V27: =MAX(SUM(N27:Q27),SUM(R27:U27)) -> 9 | W27: =VLOOKUP(C27,Theory!B30:T101,19,FALSE) -> 0 | X27: =VLOOKUP(C27,Theory!B30:U101,20,FALSE) -> 0 | Y27: =VLOOKUP(C27,Theory!B30:V101,21,FALSE) -> 0 | Z27: =VLOOKUP(C27,Theory!B30:W101,22,FALSE) -> 0 | AA27: =VLOOKUP(C27,Theory!B30:X101,23,FALSE) -> 10 | AB27: =VLOOKUP(C27,Theory!B30:Y101,24,FALSE) -> 0 | AC27: =VLOOKUP(C27,Theory!B30:Z101,25,FALSE) -> 0 | AD27: =VLOOKUP(C27,Theory!B30:AA101,26,FALSE) -> 0 | AE27: =MAX(SUM(W27:Z27),SUM(AA27:AD27)) -> 10 | AF27: =VLOOKUP(C27,Theory!B30:AB101,27,FALSE) -> 0 | AG27: =VLOOKUP(C27,Theory!B30:AC101,28,FALSE) -> 0 | AH27: =VLOOKUP(C27,Theory!B30:AD101,29,FALSE) -> 0 | AI27: =VLOOKUP(C27,Theory!B30:AE101,30,FALSE) -> 0 | AJ27: =VLOOKUP(C27,Theory!B30:AF101,31,FALSE) -> 8 | AK27: =VLOOKUP(C27,Theory!B30:AG101,32,FALSE) -> 0 | AL27: =VLOOKUP(C27,Theory!B30:AH101,33,FALSE) -> 0 | AM27: =VLOOKUP(C27,Theory!B30:AI101,34,FALSE) -> 0 | AN27: =MAX(SUM(AF27:AI27),SUM(AJ27:AM27)) -> 8 | AO27: =SUM(H27,M27,V27,AE27,AN27) -> 44 | AP27: =VLOOKUP(C27,Theory!B30:AJ101,35,FALSE) -> 10 | AQ27: =VLOOKUP(C27,Theory!B30:AK101,36,FALSE) -> 0 | AR27: =VLOOKUP(C27,Theory!B30:AL101,37,FALSE) -> 0 | AS27: =VLOOKUP(C27,Theory!B30:AM101,38,FALSE) -> 0 | AT27: =SUM(AP27:AS27) -> 10 | AU27: =VLOOKUP(C27,Theory!B30:AN101,39,FALSE) -> 9 | AV27: =VLOOKUP(C27,Theory!B30:AO101,40,FALSE) -> 0 | AW27: =VLOOKUP(C27,Theory!B30:AP101,41,FALSE) -> 0 | AX27: =VLOOKUP(C27,Theory!B30:AQ101,42,FALSE) -> 0 | AY27: =SUM(AU27:AX27) -> 9 | AZ27: =VLOOKUP(C27,Theory!B30:AR101,43,FALSE) -> 0 | BA27: =VLOOKUP(C27,Theory!B30:AS101,44,FALSE) -> 0 | BB27: =VLOOKUP(C27,Theory!B30:AT101,45,FALSE) -> 0 | BC27: =VLOOKUP(C27,Theory!B30:AU101,46,FALSE) -> 0 | BD27: =VLOOKUP(C27,Theory!B30:AV101,47,FALSE) -> 10 | BE27: =VLOOKUP(C27,Theory!B30:AW101,48,FALSE) -> 0 | BF27: =VLOOKUP(C27,Theory!B30:AX101,49,FALSE) -> 0 | BG27: =VLOOKUP(C27,Theory!B30:AY101,50,FALSE) -> 0 | BH27: =MAX(SUM(AZ27:BC27),SUM(BD27:BG27)) -> 10 | BI27: =VLOOKUP(C27,Theory!B30:AZ101,51,FALSE) -> 8 | BJ27: =VLOOKUP(C27,Theory!B30:BA101,52,FALSE) -> 0 | BK27: =VLOOKUP(C27,Theory!B30:BB101,53,FALSE) -> 0 | BL27: =VLOOKUP(C27,Theory!B30:BC101,54,FALSE) -> 0 | BM27: =VLOOKUP(C27,Theory!B30:BD101,55,FALSE) -> 0 | BN27: =VLOOKUP(C27,Theory!B30:BE101,56,FALSE) -> 0 | BO27: =VLOOKUP(C27,Theory!B30:BF101,57,FALSE) -> 0 | BP27: =VLOOKUP(C27,Theory!B30:BG101,58,FALSE) -> 0 | BQ27: =MAX(SUM(BI27:BL27),SUM(BM27:BP27)) -> 8 | BR27: =VLOOKUP(C27,Theory!B30:BH101,59,FALSE) -> 10 | BS27: =VLOOKUP(C27,Theory!B30:BI101,60,FALSE) -> 0 | BT27: =VLOOKUP(C27,Theory!B30:BJ101,61,FALSE) -> 0 | BU27: =VLOOKUP(C27,Theory!B30:BK101,62,FALSE) -> 0 | BV27: =VLOOKUP(C27,Theory!B30:BL101,63,FALSE) -> 0 | BW27: =VLOOKUP(C27,Theory!B30:BM101,64,FALSE) -> 0 | BX27: =VLOOKUP(C27,Theory!B30:BN101,65,FALSE) -> 0 | BY27: =VLOOKUP(C27,Theory!B30:BO101,66,FALSE) -> 0 | BZ27: =MAX(SUM(BR27:BU27),SUM(BV27:BY27)) -> 10 | CA27: =SUM(AT27,AY27,BH27,BQ27,BZ27) -> 47 | CB27: =VLOOKUP(C27,Theory!B30:BP101,67,FALSE) -> 10 | CC27: =VLOOKUP(C27,Theory!B30:BQ101,68,FALSE) -> 0 | CD27: =VLOOKUP(C27,Theory!B30:BR101,69,FALSE) -> 0 | CE27: =VLOOKUP(C27,Theory!B30:BS101,70,FALSE) -> 0 | CF27: =SUM(CB27:CE27) -> 10 | CG27: =VLOOKUP(C27,Theory!B30:BT101,71,FALSE) -> 10 | CH27: =VLOOKUP(C27,Theory!B30:BU101,72,FALSE) -> 0 | CI27: =VLOOKUP(C27,Theory!B30:BV101,73,FALSE) -> 0 | CJ27: =VLOOKUP(C27,Theory!B30:BW101,74,FALSE) -> 0 | CK27: =SUM(CG27:CJ27) -> 10 | CL27: =VLOOKUP(C27,Theory!B30:BX101,75,FALSE) -> 9 | CM27: =VLOOKUP(C27,Theory!B30:BY101,76,FALSE) -> 0 | CN27: =VLOOKUP(C27,Theory!B30:BZ101,77,FALSE) -> 0 | CO27: =VLOOKUP(C27,Theory!B30:CA101,78,FALSE) -> 0 | CP27: =VLOOKUP(C27,Theory!B30:CB101,79,FALSE) -> 0 | CQ27: =VLOOKUP(C27,Theory!B30:CC101,80,FALSE) -> 0 | CR27: =VLOOKUP(C27,Theory!B30:CD101,81,FALSE) -> 0 | CS27: =VLOOKUP(C27,Theory!B30:CE101,82,FALSE) -> 0 | CT27: =MAX(SUM(CL27:CO27),SUM(CP27:CS27)) -> 9 | CU27: =VLOOKUP(C27,Theory!B30:CF101,83,FALSE) -> 10 | CV27: =VLOOKUP(C27,Theory!B30:CG101,84,FALSE) -> 0 | CW27: =VLOOKUP(C27,Theory!B30:CH101,85,FALSE) -> 0 | CX27: =VLOOKUP(C27,Theory!B30:CI101,86,FALSE) -> 0 | CY27: =VLOOKUP(C27,Theory!B30:CJ101,87,FALSE) -> 0 | CZ27: =VLOOKUP(C27,Theory!B30:CK101,88,FALSE) -> 0 | DA27: =VLOOKUP(C27,Theory!B30:CL101,89,FALSE) -> 0 | DB27: =VLOOKUP(C27,Theory!B30:CM101,90,FALSE) -> 0 | DC27: =MAX(SUM(CU27:CX27),SUM(CY27:DB27)) -> 10 | DD27: =VLOOKUP(C27,Theory!B30:CN101,91,FALSE) -> 0 | DE27: =VLOOKUP(C27,Theory!B30:CO101,92,FALSE) -> 0 | DF27: =VLOOKUP(C27,Theory!B30:CP101,93,FALSE) -> 0 | DG27: =VLOOKUP(C27,Theory!B30:CQ101,94,FALSE) -> 0 | DH27: =VLOOKUP(C27,Theory!B30:CR101,95,FALSE) -> 6 | DI27: =VLOOKUP(C27,Theory!B30:CS101,96,FALSE) -> 0 | DJ27: =VLOOKUP(C27,Theory!B30:CT101,97,FALSE) -> 0 | DK27: =VLOOKUP(C27,Theory!B30:CU101,98,FALSE) -> 0 | DL27: =MAX(SUM(DD27:DG27),SUM(DH27:DK27)) -> 6 | DM27: =SUM(CF27,CK27,CT27,DC27,DL27) -> 45 | DN27: =AO27 -> 44 | DO27: =CA27 -> 47 | DP27: =DM27 -> 45 | DQ27: =ROUND(30*DN27/50,0) -> 26 | DR27: =ROUND(30*DO27/50,0) -> 28 | DS27: =ROUND(30*DP27/50,0) -> 27 | DT27: =ROUND(AVERAGE(DQ27:DS27),0) -> 27 | DU27: =VLOOKUP(C27,Theory!B30:CV101,99,FALSE) -> 8 | DV27: =VLOOKUP(C27,Theory!B30:CW101,100,FALSE) -> 10 | DW27: =SUM(DU27:DV27) -> 18 | DX27: =SUM(DT27:DV27) -> 45 | DY27: =ROUND((30*DX27/50),0) -> 27 | DZ27: =VLOOKUP(C27,Lab!B22:D91,3,FALSE) -> 0 | EA27: =VLOOKUP(C27,Lab!B22:E91,4,FALSE) -> 0 | EB27: =VLOOKUP(C27,Lab!B22:F91,5,FALSE) -> 28 | EC27: =SUM(DZ27:EB27) -> 28 | ED27: =VLOOKUP(C27,Lab!B22:G91,6,FALSE) -> 0 | EE27: =VLOOKUP(C27,Lab!B22:H91,7,FALSE) -> 0 | EF27: 19 | EG27: =SUM(ED27:EF27) -> 19 | EH27: =SUM(EC27,EG27) -> 47 | EI27: =ROUND((20*EH27/50),0) -> 19 | EJ27: =SUM(DY27,EI27) -> 46 | EK27: 44 | EM27: =VLOOKUP(C27,Theory!B30:DK101,114,FALSE) -> 0 | EN27: =VLOOKUP(C27,Theory!B30:DL101,115,FALSE) -> 0 | EO27: =VLOOKUP(C27,Theory!B30:DM101,116,FALSE) -> 0 | EP27: =VLOOKUP(C27,Theory!B30:DN99,117,FALSE) -> 0 | EQ27: =VLOOKUP(C27,Theory!B30:DO99,118,FALSE) -> 0 | ER27: =VLOOKUP(C27,Theory!B30:DP99,119,FALSE) -> 0 | ES27: =VLOOKUP(C27,Theory!B30:DQ99,120,FALSE) -> 0 | ET27: =SUM(ER27:ES27) -> 0
A28: 15 | B28: =Theory!C31 -> BRIJESH NIRANJAN K | C28: =Theory!B31 -> 1DS23AI016 | D28: =VLOOKUP(C28,Theory!B31:D102,3,FALSE) -> 10 | E28: =VLOOKUP(C28,Theory!B31:E102,4,FALSE) -> 0 | F28: =VLOOKUP(C28,Theory!B31:F102,5,FALSE) -> 0 | G28: =VLOOKUP(C28,Theory!B31:G102,6,FALSE) -> 0 | H28: =SUM(D28:G28) -> 10 | I28: =VLOOKUP(C28,Theory!B31:H102,7,FALSE) -> 8 | J28: =VLOOKUP(C28,Theory!B31:I102,8,FALSE) -> 0 | K28: =VLOOKUP(C28,Theory!B31:J102,9,FALSE) -> 0 | L28: =VLOOKUP(C28,Theory!B31:K102,10,FALSE) -> 0 | M28: =SUM(I28:L28) -> 8 | N28: =VLOOKUP(C28,Theory!B31:L102,11,FALSE) -> 7 | O28: =VLOOKUP(C28,Theory!B31:M102,12,FALSE) -> 0 | P28: =VLOOKUP(C28,Theory!B31:N102,13,FALSE) -> 0 | Q28: =VLOOKUP(C28,Theory!B31:O102,14,FALSE) -> 0 | R28: =VLOOKUP(C28,Theory!B31:P102,15,FALSE) -> 0 | S28: =VLOOKUP(C28,Theory!B31:Q102,16,FALSE) -> 0 | T28: =VLOOKUP(C28,Theory!B31:R102,17,FALSE) -> 0 | U28: =VLOOKUP(C28,Theory!B31:S102,18,FALSE) -> 0 | V28: =MAX(SUM(N28:Q28),SUM(R28:U28)) -> 7 | W28: =VLOOKUP(C28,Theory!B31:T102,19,FALSE) -> 8 | X28: =VLOOKUP(C28,Theory!B31:U102,20,FALSE) -> 0 | Y28: =VLOOKUP(C28,Theory!B31:V102,21,FALSE) -> 0 | Z28: =VLOOKUP(C28,Theory!B31:W102,22,FALSE) -> 0 | AA28: =VLOOKUP(C28,Theory!B31:X102,23,FALSE) -> 0 | AB28: =VLOOKUP(C28,Theory!B31:Y102,24,FALSE) -> 0 | AC28: =VLOOKUP(C28,Theory!B31:Z102,25,FALSE) -> 0 | AD28: =VLOOKUP(C28,Theory!B31:AA102,26,FALSE) -> 0 | AE28: =MAX(SUM(W28:Z28),SUM(AA28:AD28)) -> 8 | AF28: =VLOOKUP(C28,Theory!B31:AB102,27,FALSE) -> 0 | AG28: =VLOOKUP(C28,Theory!B31:AC102,28,FALSE) -> 0 | AH28: =VLOOKUP(C28,Theory!B31:AD102,29,FALSE) -> 0 | AI28: =VLOOKUP(C28,Theory!B31:AE102,30,FALSE) -> 0 | AJ28: =VLOOKUP(C28,Theory!B31:AF102,31,FALSE) -> 10 | AK28: =VLOOKUP(C28,Theory!B31:AG102,32,FALSE) -> 0 | AL28: =VLOOKUP(C28,Theory!B31:AH102,33,FALSE) -> 0 | AM28: =VLOOKUP(C28,Theory!B31:AI102,34,FALSE) -> 0 | AN28: =MAX(SUM(AF28:AI28),SUM(AJ28:AM28)) -> 10 | AO28: =SUM(H28,M28,V28,AE28,AN28) -> 43 | AP28: =VLOOKUP(C28,Theory!B31:AJ102,35,FALSE) -> 6 | AQ28: =VLOOKUP(C28,Theory!B31:AK102,36,FALSE) -> 0 | AR28: =VLOOKUP(C28,Theory!B31:AL102,37,FALSE) -> 0 | AS28: =VLOOKUP(C28,Theory!B31:AM102,38,FALSE) -> 0 | AT28: =SUM(AP28:AS28) -> 6 | AU28: =VLOOKUP(C28,Theory!B31:AN102,39,FALSE) -> 10 | AV28: =VLOOKUP(C28,Theory!B31:AO102,40,FALSE) -> 0 | AW28: =VLOOKUP(C28,Theory!B31:AP102,41,FALSE) -> 0 | AX28: =VLOOKUP(C28,Theory!B31:AQ102,42,FALSE) -> 0 | AY28: =SUM(AU28:AX28) -> 10 | AZ28: =VLOOKUP(C28,Theory!B31:AR102,43,FALSE) -> 0 | BA28: =VLOOKUP(C28,Theory!B31:AS102,44,FALSE) -> 0 | BB28: =VLOOKUP(C28,Theory!B31:AT102,45,FALSE) -> 0 | BC28: =VLOOKUP(C28,Theory!B31:AU102,46,FALSE) -> 0 | BD28: =VLOOKUP(C28,Theory!B31:AV102,47,FALSE) -> 10 | BE28: =VLOOKUP(C28,Theory!B31:AW102,48,FALSE) -> 0 | BF28: =VLOOKUP(C28,Theory!B31:AX102,49,FALSE) -> 0 | BG28: =VLOOKUP(C28,Theory!B31:AY102,50,FALSE) -> 0 | BH28: =MAX(SUM(AZ28:BC28),SUM(BD28:BG28)) -> 10 | BI28: =VLOOKUP(C28,Theory!B31:AZ102,51,FALSE) -> 0 | BJ28: =VLOOKUP(C28,Theory!B31:BA102,52,FALSE) -> 0 | BK28: =VLOOKUP(C28,Theory!B31:BB102,53,FALSE) -> 0 | BL28: =VLOOKUP(C28,Theory!B31:BC102,54,FALSE) -> 0 | BM28: =VLOOKUP(C28,Theory!B31:BD102,55,FALSE) -> 8 | BN28: =VLOOKUP(C28,Theory!B31:BE102,56,FALSE) -> 0 | BO28: =VLOOKUP(C28,Theory!B31:BF102,57,FALSE) -> 0 | BP28: =VLOOKUP(C28,Theory!B31:BG102,58,FALSE) -> 0 | BQ28: =MAX(SUM(BI28:BL28),SUM(BM28:BP28)) -> 8 | BR28: =VLOOKUP(C28,Theory!B31:BH102,59,FALSE) -> 0 | BS28: =VLOOKUP(C28,Theory!B31:BI102,60,FALSE) -> 0 | BT28: =VLOOKUP(C28,Theory!B31:BJ102,61,FALSE) -> 0 | BU28: =VLOOKUP(C28,Theory!B31:BK102,62,FALSE) -> 0 | BV28: =VLOOKUP(C28,Theory!B31:BL102,63,FALSE) -> 6 | BW28: =VLOOKUP(C28,Theory!B31:BM102,64,FALSE) -> 0 | BX28: =VLOOKUP(C28,Theory!B31:BN102,65,FALSE) -> 0 | BY28: =VLOOKUP(C28,Theory!B31:BO102,66,FALSE) -> 0 | BZ28: =MAX(SUM(BR28:BU28),SUM(BV28:BY28)) -> 6 | CA28: =SUM(AT28,AY28,BH28,BQ28,BZ28) -> 40 | CB28: =VLOOKUP(C28,Theory!B31:BP102,67,FALSE) -> 10 | CC28: =VLOOKUP(C28,Theory!B31:BQ102,68,FALSE) -> 0 | CD28: =VLOOKUP(C28,Theory!B31:BR102,69,FALSE) -> 0 | CE28: =VLOOKUP(C28,Theory!B31:BS102,70,FALSE) -> 0 | CF28: =SUM(CB28:CE28) -> 10 | CG28: =VLOOKUP(C28,Theory!B31:BT102,71,FALSE) -> 10 | CH28: =VLOOKUP(C28,Theory!B31:BU102,72,FALSE) -> 0 | CI28: =VLOOKUP(C28,Theory!B31:BV102,73,FALSE) -> 0 | CJ28: =VLOOKUP(C28,Theory!B31:BW102,74,FALSE) -> 0 | CK28: =SUM(CG28:CJ28) -> 10 | CL28: =VLOOKUP(C28,Theory!B31:BX102,75,FALSE) -> 10 | CM28: =VLOOKUP(C28,Theory!B31:BY102,76,FALSE) -> 0 | CN28: =VLOOKUP(C28,Theory!B31:BZ102,77,FALSE) -> 0 | CO28: =VLOOKUP(C28,Theory!B31:CA102,78,FALSE) -> 0 | CP28: =VLOOKUP(C28,Theory!B31:CB102,79,FALSE) -> 0 | CQ28: =VLOOKUP(C28,Theory!B31:CC102,80,FALSE) -> 0 | CR28: =VLOOKUP(C28,Theory!B31:CD102,81,FALSE) -> 0 | CS28: =VLOOKUP(C28,Theory!B31:CE102,82,FALSE) -> 0 | CT28: =MAX(SUM(CL28:CO28),SUM(CP28:CS28)) -> 10 | CU28: =VLOOKUP(C28,Theory!B31:CF102,83,FALSE) -> 7 | CV28: =VLOOKUP(C28,Theory!B31:CG102,84,FALSE) -> 0 | CW28: =VLOOKUP(C28,Theory!B31:CH102,85,FALSE) -> 0 | CX28: =VLOOKUP(C28,Theory!B31:CI102,86,FALSE) -> 0 | CY28: =VLOOKUP(C28,Theory!B31:CJ102,87,FALSE) -> 0 | CZ28: =VLOOKUP(C28,Theory!B31:CK102,88,FALSE) -> 0 | DA28: =VLOOKUP(C28,Theory!B31:CL102,89,FALSE) -> 0 | DB28: =VLOOKUP(C28,Theory!B31:CM102,90,FALSE) -> 0 | DC28: =MAX(SUM(CU28:CX28),SUM(CY28:DB28)) -> 7 | DD28: =VLOOKUP(C28,Theory!B31:CN102,91,FALSE) -> 8 | DE28: =VLOOKUP(C28,Theory!B31:CO102,92,FALSE) -> 0 | DF28: =VLOOKUP(C28,Theory!B31:CP102,93,FALSE) -> 0 | DG28: =VLOOKUP(C28,Theory!B31:CQ102,94,FALSE) -> 0 | DH28: =VLOOKUP(C28,Theory!B31:CR102,95,FALSE) -> 0 | DI28: =VLOOKUP(C28,Theory!B31:CS102,96,FALSE) -> 0 | DJ28: =VLOOKUP(C28,Theory!B31:CT102,97,FALSE) -> 0 | DK28: =VLOOKUP(C28,Theory!B31:CU102,98,FALSE) -> 0 | DL28: =MAX(SUM(DD28:DG28),SUM(DH28:DK28)) -> 8 | DM28: =SUM(CF28,CK28,CT28,DC28,DL28) -> 45 | DN28: =AO28 -> 43 | DO28: =CA28 -> 40 | DP28: =DM28 -> 45 | DQ28: =ROUND(30*DN28/50,0) -> 26 | DR28: =ROUND(30*DO28/50,0) -> 24 | DS28: =ROUND(30*DP28/50,0) -> 27 | DT28: =ROUND(AVERAGE(DQ28:DS28),0) -> 26 | DU28: =VLOOKUP(C28,Theory!B31:CV102,99,FALSE) -> 7 | DV28: =VLOOKUP(C28,Theory!B31:CW102,100,FALSE) -> 10 | DW28: =SUM(DU28:DV28) -> 17 | DX28: =SUM(DT28:DV28) -> 43 | DY28: =ROUND((30*DX28/50),0) -> 26 | DZ28: =VLOOKUP(C28,Lab!B23:D92,3,FALSE) -> 0 | EA28: =VLOOKUP(C28,Lab!B23:E92,4,FALSE) -> 0 | EB28: =VLOOKUP(C28,Lab!B23:F92,5,FALSE) -> 28 | EC28: =SUM(DZ28:EB28) -> 28 | ED28: =VLOOKUP(C28,Lab!B23:G92,6,FALSE) -> 0 | EE28: =VLOOKUP(C28,Lab!B23:H92,7,FALSE) -> 0 | EF28: 19 | EG28: =SUM(ED28:EF28) -> 19 | EH28: =SUM(EC28,EG28) -> 47 | EI28: =ROUND((20*EH28/50),0) -> 19 | EJ28: =SUM(DY28,EI28) -> 45 | EK28: 41.5 | EM28: =VLOOKUP(C28,Theory!B31:DK102,114,FALSE) -> 0 | EN28: =VLOOKUP(C28,Theory!B31:DL102,115,FALSE) -> 0 | EO28: =VLOOKUP(C28,Theory!B31:DM102,116,FALSE) -> 0 | EP28: =VLOOKUP(C28,Theory!B31:DN100,117,FALSE) -> 0 | EQ28: =VLOOKUP(C28,Theory!B31:DO100,118,FALSE) -> 0 | ER28: =VLOOKUP(C28,Theory!B31:DP100,119,FALSE) -> 0 | ES28: =VLOOKUP(C28,Theory!B31:DQ100,120,FALSE) -> 0 | ET28: =SUM(ER28:ES28) -> 0
A29: 16 | B29: =Theory!C32 -> CHAITRA R | C29: =Theory!B32 -> 1DS23AI017 | D29: =VLOOKUP(C29,Theory!B32:D103,3,FALSE) -> 9 | E29: =VLOOKUP(C29,Theory!B32:E103,4,FALSE) -> 0 | F29: =VLOOKUP(C29,Theory!B32:F103,5,FALSE) -> 0 | G29: =VLOOKUP(C29,Theory!B32:G103,6,FALSE) -> 0 | H29: =SUM(D29:G29) -> 9 | I29: =VLOOKUP(C29,Theory!B32:H103,7,FALSE) -> 10 | J29: =VLOOKUP(C29,Theory!B32:I103,8,FALSE) -> 0 | K29: =VLOOKUP(C29,Theory!B32:J103,9,FALSE) -> 0 | L29: =VLOOKUP(C29,Theory!B32:K103,10,FALSE) -> 0 | M29: =SUM(I29:L29) -> 10 | N29: =VLOOKUP(C29,Theory!B32:L103,11,FALSE) -> 8 | O29: =VLOOKUP(C29,Theory!B32:M103,12,FALSE) -> 0 | P29: =VLOOKUP(C29,Theory!B32:N103,13,FALSE) -> 0 | Q29: =VLOOKUP(C29,Theory!B32:O103,14,FALSE) -> 0 | R29: =VLOOKUP(C29,Theory!B32:P103,15,FALSE) -> 0 | S29: =VLOOKUP(C29,Theory!B32:Q103,16,FALSE) -> 0 | T29: =VLOOKUP(C29,Theory!B32:R103,17,FALSE) -> 0 | U29: =VLOOKUP(C29,Theory!B32:S103,18,FALSE) -> 0 | V29: =MAX(SUM(N29:Q29),SUM(R29:U29)) -> 8 | W29: =VLOOKUP(C29,Theory!B32:T103,19,FALSE) -> 0 | X29: =VLOOKUP(C29,Theory!B32:U103,20,FALSE) -> 0 | Y29: =VLOOKUP(C29,Theory!B32:V103,21,FALSE) -> 0 | Z29: =VLOOKUP(C29,Theory!B32:W103,22,FALSE) -> 0 | AA29: =VLOOKUP(C29,Theory!B32:X103,23,FALSE) -> 8 | AB29: =VLOOKUP(C29,Theory!B32:Y103,24,FALSE) -> 0 | AC29: =VLOOKUP(C29,Theory!B32:Z103,25,FALSE) -> 0 | AD29: =VLOOKUP(C29,Theory!B32:AA103,26,FALSE) -> 0 | AE29: =MAX(SUM(W29:Z29),SUM(AA29:AD29)) -> 8 | AF29: =VLOOKUP(C29,Theory!B32:AB103,27,FALSE) -> 10 | AG29: =VLOOKUP(C29,Theory!B32:AC103,28,FALSE) -> 0 | AH29: =VLOOKUP(C29,Theory!B32:AD103,29,FALSE) -> 0 | AI29: =VLOOKUP(C29,Theory!B32:AE103,30,FALSE) -> 0 | AJ29: =VLOOKUP(C29,Theory!B32:AF103,31,FALSE) -> 0 | AK29: =VLOOKUP(C29,Theory!B32:AG103,32,FALSE) -> 0 | AL29: =VLOOKUP(C29,Theory!B32:AH103,33,FALSE) -> 0 | AM29: =VLOOKUP(C29,Theory!B32:AI103,34,FALSE) -> 0 | AN29: =MAX(SUM(AF29:AI29),SUM(AJ29:AM29)) -> 10 | AO29: =SUM(H29,M29,V29,AE29,AN29) -> 45 | AP29: =VLOOKUP(C29,Theory!B32:AJ103,35,FALSE) -> 10 | AQ29: =VLOOKUP(C29,Theory!B32:AK103,36,FALSE) -> 0 | AR29: =VLOOKUP(C29,Theory!B32:AL103,37,FALSE) -> 0 | AS29: =VLOOKUP(C29,Theory!B32:AM103,38,FALSE) -> 0 | AT29: =SUM(AP29:AS29) -> 10 | AU29: =VLOOKUP(C29,Theory!B32:AN103,39,FALSE) -> 9 | AV29: =VLOOKUP(C29,Theory!B32:AO103,40,FALSE) -> 0 | AW29: =VLOOKUP(C29,Theory!B32:AP103,41,FALSE) -> 0 | AX29: =VLOOKUP(C29,Theory!B32:AQ103,42,FALSE) -> 0 | AY29: =SUM(AU29:AX29) -> 9 | AZ29: =VLOOKUP(C29,Theory!B32:AR103,43,FALSE) -> 5 | BA29: =VLOOKUP(C29,Theory!B32:AS103,44,FALSE) -> 0 | BB29: =VLOOKUP(C29,Theory!B32:AT103,45,FALSE) -> 0 | BC29: =VLOOKUP(C29,Theory!B32:AU103,46,FALSE) -> 0 | BD29: =VLOOKUP(C29,Theory!B32:AV103,47,FALSE) -> 0 | BE29: =VLOOKUP(C29,Theory!B32:AW103,48,FALSE) -> 0 | BF29: =VLOOKUP(C29,Theory!B32:AX103,49,FALSE) -> 0 | BG29: =VLOOKUP(C29,Theory!B32:AY103,50,FALSE) -> 0 | BH29: =MAX(SUM(AZ29:BC29),SUM(BD29:BG29)) -> 5 | BI29: =VLOOKUP(C29,Theory!B32:AZ103,51,FALSE) -> 8 | BJ29: =VLOOKUP(C29,Theory!B32:BA103,52,FALSE) -> 0 | BK29: =VLOOKUP(C29,Theory!B32:BB103,53,FALSE) -> 0 | BL29: =VLOOKUP(C29,Theory!B32:BC103,54,FALSE) -> 0 | BM29: =VLOOKUP(C29,Theory!B32:BD103,55,FALSE) -> 0 | BN29: =VLOOKUP(C29,Theory!B32:BE103,56,FALSE) -> 0 | BO29: =VLOOKUP(C29,Theory!B32:BF103,57,FALSE) -> 0 | BP29: =VLOOKUP(C29,Theory!B32:BG103,58,FALSE) -> 0 | BQ29: =MAX(SUM(BI29:BL29),SUM(BM29:BP29)) -> 8 | BR29: =VLOOKUP(C29,Theory!B32:BH103,59,FALSE) -> 4 | BS29: =VLOOKUP(C29,Theory!B32:BI103,60,FALSE) -> 0 | BT29: =VLOOKUP(C29,Theory!B32:BJ103,61,FALSE) -> 0 | BU29: =VLOOKUP(C29,Theory!B32:BK103,62,FALSE) -> 0 | BV29: =VLOOKUP(C29,Theory!B32:BL103,63,FALSE) -> 0 | BW29: =VLOOKUP(C29,Theory!B32:BM103,64,FALSE) -> 0 | BX29: =VLOOKUP(C29,Theory!B32:BN103,65,FALSE) -> 0 | BY29: =VLOOKUP(C29,Theory!B32:BO103,66,FALSE) -> 0 | BZ29: =MAX(SUM(BR29:BU29),SUM(BV29:BY29)) -> 4 | CA29: =SUM(AT29,AY29,BH29,BQ29,BZ29) -> 36 | CB29: =VLOOKUP(C29,Theory!B32:BP103,67,FALSE) -> 10 | CC29: =VLOOKUP(C29,Theory!B32:BQ103,68,FALSE) -> 0 | CD29: =VLOOKUP(C29,Theory!B32:BR103,69,FALSE) -> 0 | CE29: =VLOOKUP(C29,Theory!B32:BS103,70,FALSE) -> 0 | CF29: =SUM(CB29:CE29) -> 10 | CG29: =VLOOKUP(C29,Theory!B32:BT103,71,FALSE) -> 10 | CH29: =VLOOKUP(C29,Theory!B32:BU103,72,FALSE) -> 0 | CI29: =VLOOKUP(C29,Theory!B32:BV103,73,FALSE) -> 0 | CJ29: =VLOOKUP(C29,Theory!B32:BW103,74,FALSE) -> 0 | CK29: =SUM(CG29:CJ29) -> 10 | CL29: =VLOOKUP(C29,Theory!B32:BX103,75,FALSE) -> 9 | CM29: =VLOOKUP(C29,Theory!B32:BY103,76,FALSE) -> 0 | CN29: =VLOOKUP(C29,Theory!B32:BZ103,77,FALSE) -> 0 | CO29: =VLOOKUP(C29,Theory!B32:CA103,78,FALSE) -> 0 | CP29: =VLOOKUP(C29,Theory!B32:CB103,79,FALSE) -> 0 | CQ29: =VLOOKUP(C29,Theory!B32:CC103,80,FALSE) -> 0 | CR29: =VLOOKUP(C29,Theory!B32:CD103,81,FALSE) -> 0 | CS29: =VLOOKUP(C29,Theory!B32:CE103,82,FALSE) -> 0 | CT29: =MAX(SUM(CL29:CO29),SUM(CP29:CS29)) -> 9 | CU29: =VLOOKUP(C29,Theory!B32:CF103,83,FALSE) -> 8 | CV29: =VLOOKUP(C29,Theory!B32:CG103,84,FALSE) -> 0 | CW29: =VLOOKUP(C29,Theory!B32:CH103,85,FALSE) -> 0 | CX29: =VLOOKUP(C29,Theory!B32:CI103,86,FALSE) -> 0 | CY29: =VLOOKUP(C29,Theory!B32:CJ103,87,FALSE) -> 0 | CZ29: =VLOOKUP(C29,Theory!B32:CK103,88,FALSE) -> 0 | DA29: =VLOOKUP(C29,Theory!B32:CL103,89,FALSE) -> 0 | DB29: =VLOOKUP(C29,Theory!B32:CM103,90,FALSE) -> 0 | DC29: =MAX(SUM(CU29:CX29),SUM(CY29:DB29)) -> 8 | DD29: =VLOOKUP(C29,Theory!B32:CN103,91,FALSE) -> 7 | DE29: =VLOOKUP(C29,Theory!B32:CO103,92,FALSE) -> 0 | DF29: =VLOOKUP(C29,Theory!B32:CP103,93,FALSE) -> 0 | DG29: =VLOOKUP(C29,Theory!B32:CQ103,94,FALSE) -> 0 | DH29: =VLOOKUP(C29,Theory!B32:CR103,95,FALSE) -> 0 | DI29: =VLOOKUP(C29,Theory!B32:CS103,96,FALSE) -> 0 | DJ29: =VLOOKUP(C29,Theory!B32:CT103,97,FALSE) -> 0 | DK29: =VLOOKUP(C29,Theory!B32:CU103,98,FALSE) -> 0 | DL29: =MAX(SUM(DD29:DG29),SUM(DH29:DK29)) -> 7 | DM29: =SUM(CF29,CK29,CT29,DC29,DL29) -> 44 | DN29: =AO29 -> 45 | DO29: =CA29 -> 36 | DP29: =DM29 -> 44 | DQ29: =ROUND(30*DN29/50,0) -> 27 | DR29: =ROUND(30*DO29/50,0) -> 22 | DS29: =ROUND(30*DP29/50,0) -> 26 | DT29: =ROUND(AVERAGE(DQ29:DS29),0) -> 25 | DU29: =VLOOKUP(C29,Theory!B32:CV103,99,FALSE) -> 7 | DV29: =VLOOKUP(C29,Theory!B32:CW103,100,FALSE) -> 10 | DW29: =SUM(DU29:DV29) -> 17 | DX29: =SUM(DT29:DV29) -> 42 | DY29: =ROUND((30*DX29/50),0) -> 25 | DZ29: =VLOOKUP(C29,Lab!B24:D93,3,FALSE) -> 0 | EA29: =VLOOKUP(C29,Lab!B24:E93,4,FALSE) -> 0 | EB29: =VLOOKUP(C29,Lab!B24:F93,5,FALSE) -> 29 | EC29: =SUM(DZ29:EB29) -> 29 | ED29: =VLOOKUP(C29,Lab!B24:G93,6,FALSE) -> 0 | EE29: =VLOOKUP(C29,Lab!B24:H93,7,FALSE) -> 0 | EF29: 20 | EG29: =SUM(ED29:EF29) -> 20 | EH29: =SUM(EC29,EG29) -> 49 | EI29: =ROUND((20*EH29/50),0) -> 20 | EJ29: =SUM(DY29,EI29) -> 45 | EK29: 41 | EM29: =VLOOKUP(C29,Theory!B32:DK103,114,FALSE) -> 0 | EN29: =VLOOKUP(C29,Theory!B32:DL103,115,FALSE) -> 0 | EO29: =VLOOKUP(C29,Theory!B32:DM103,116,FALSE) -> 0 | EP29: =VLOOKUP(C29,Theory!B32:DN101,117,FALSE) -> 0 | EQ29: =VLOOKUP(C29,Theory!B32:DO101,118,FALSE) -> 0 | ER29: =VLOOKUP(C29,Theory!B32:DP101,119,FALSE) -> 0 | ES29: =VLOOKUP(C29,Theory!B32:DQ101,120,FALSE) -> 0 | ET29: =SUM(ER29:ES29) -> 0
A30: 17 | B30: =Theory!C33 -> CHIRANTHAN REDDY H M | C30: =Theory!B33 -> 1DS23AI018 | D30: =VLOOKUP(C30,Theory!B33:D104,3,FALSE) -> 8 | E30: =VLOOKUP(C30,Theory!B33:E104,4,FALSE) -> 0 | F30: =VLOOKUP(C30,Theory!B33:F104,5,FALSE) -> 0 | G30: =VLOOKUP(C30,Theory!B33:G104,6,FALSE) -> 0 | H30: =SUM(D30:G30) -> 8 | I30: =VLOOKUP(C30,Theory!B33:H104,7,FALSE) -> 0 | J30: =VLOOKUP(C30,Theory!B33:I104,8,FALSE) -> 0 | K30: =VLOOKUP(C30,Theory!B33:J104,9,FALSE) -> 0 | L30: =VLOOKUP(C30,Theory!B33:K104,10,FALSE) -> 0 | M30: =SUM(I30:L30) -> 0 | N30: =VLOOKUP(C30,Theory!B33:L104,11,FALSE) -> 3 | O30: =VLOOKUP(C30,Theory!B33:M104,12,FALSE) -> 0 | P30: =VLOOKUP(C30,Theory!B33:N104,13,FALSE) -> 0 | Q30: =VLOOKUP(C30,Theory!B33:O104,14,FALSE) -> 0 | R30: =VLOOKUP(C30,Theory!B33:P104,15,FALSE) -> 0 | S30: =VLOOKUP(C30,Theory!B33:Q104,16,FALSE) -> 0 | T30: =VLOOKUP(C30,Theory!B33:R104,17,FALSE) -> 0 | U30: =VLOOKUP(C30,Theory!B33:S104,18,FALSE) -> 0 | V30: =MAX(SUM(N30:Q30),SUM(R30:U30)) -> 3 | W30: =VLOOKUP(C30,Theory!B33:T104,19,FALSE) -> 0 | X30: =VLOOKUP(C30,Theory!B33:U104,20,FALSE) -> 0 | Y30: =VLOOKUP(C30,Theory!B33:V104,21,FALSE) -> 0 | Z30: =VLOOKUP(C30,Theory!B33:W104,22,FALSE) -> 0 | AA30: =VLOOKUP(C30,Theory!B33:X104,23,FALSE) -> 9 | AB30: =VLOOKUP(C30,Theory!B33:Y104,24,FALSE) -> 0 | AC30: =VLOOKUP(C30,Theory!B33:Z104,25,FALSE) -> 0 | AD30: =VLOOKUP(C30,Theory!B33:AA104,26,FALSE) -> 0 | AE30: =MAX(SUM(W30:Z30),SUM(AA30:AD30)) -> 9 | AF30: =VLOOKUP(C30,Theory!B33:AB104,27,FALSE) -> 0 | AG30: =VLOOKUP(C30,Theory!B33:AC104,28,FALSE) -> 0 | AH30: =VLOOKUP(C30,Theory!B33:AD104,29,FALSE) -> 0 | AI30: =VLOOKUP(C30,Theory!B33:AE104,30,FALSE) -> 0 | AJ30: =VLOOKUP(C30,Theory!B33:AF104,31,FALSE) -> 2 | AK30: =VLOOKUP(C30,Theory!B33:AG104,32,FALSE) -> 0 | AL30: =VLOOKUP(C30,Theory!B33:AH104,33,FALSE) -> 0 | AM30: =VLOOKUP(C30,Theory!B33:AI104,34,FALSE) -> 0 | AN30: =MAX(SUM(AF30:AI30),SUM(AJ30:AM30)) -> 2 | AO30: =SUM(H30,M30,V30,AE30,AN30) -> 22 | AP30: =VLOOKUP(C30,Theory!B33:AJ104,35,FALSE) -> 0 | AQ30: =VLOOKUP(C30,Theory!B33:AK104,36,FALSE) -> 0 | AR30: =VLOOKUP(C30,Theory!B33:AL104,37,FALSE) -> 0 | AS30: =VLOOKUP(C30,Theory!B33:AM104,38,FALSE) -> 0 | AT30: =SUM(AP30:AS30) -> 0 | AU30: =VLOOKUP(C30,Theory!B33:AN104,39,FALSE) -> 5 | AV30: =VLOOKUP(C30,Theory!B33:AO104,40,FALSE) -> 0 | AW30: =VLOOKUP(C30,Theory!B33:AP104,41,FALSE) -> 0 | AX30: =VLOOKUP(C30,Theory!B33:AQ104,42,FALSE) -> 0 | AY30: =SUM(AU30:AX30) -> 5 | AZ30: =VLOOKUP(C30,Theory!B33:AR104,43,FALSE) -> 4 | BA30: =VLOOKUP(C30,Theory!B33:AS104,44,FALSE) -> 0 | BB30: =VLOOKUP(C30,Theory!B33:AT104,45,FALSE) -> 0 | BC30: =VLOOKUP(C30,Theory!B33:AU104,46,FALSE) -> 0 | BD30: =VLOOKUP(C30,Theory!B33:AV104,47,FALSE) -> 0 | BE30: =VLOOKUP(C30,Theory!B33:AW104,48,FALSE) -> 0 | BF30: =VLOOKUP(C30,Theory!B33:AX104,49,FALSE) -> 0 | BG30: =VLOOKUP(C30,Theory!B33:AY104,50,FALSE) -> 0 | BH30: =MAX(SUM(AZ30:BC30),SUM(BD30:BG30)) -> 4 | BI30: =VLOOKUP(C30,Theory!B33:AZ104,51,FALSE) -> 0 | BJ30: =VLOOKUP(C30,Theory!B33:BA104,52,FALSE) -> 0 | BK30: =VLOOKUP(C30,Theory!B33:BB104,53,FALSE) -> 0 | BL30: =VLOOKUP(C30,Theory!B33:BC104,54,FALSE) -> 0 | BM30: =VLOOKUP(C30,Theory!B33:BD104,55,FALSE) -> 0 | BN30: =VLOOKUP(C30,Theory!B33:BE104,56,FALSE) -> 0 | BO30: =VLOOKUP(C30,Theory!B33:BF104,57,FALSE) -> 0 | BP30: =VLOOKUP(C30,Theory!B33:BG104,58,FALSE) -> 0 | BQ30: =MAX(SUM(BI30:BL30),SUM(BM30:BP30)) -> 0 | BR30: =VLOOKUP(C30,Theory!B33:BH104,59,FALSE) -> 2 | BS30: =VLOOKUP(C30,Theory!B33:BI104,60,FALSE) -> 0 | BT30: =VLOOKUP(C30,Theory!B33:BJ104,61,FALSE) -> 0 | BU30: =VLOOKUP(C30,Theory!B33:BK104,62,FALSE) -> 0 | BV30: =VLOOKUP(C30,Theory!B33:BL104,63,FALSE) -> 0 | BW30: =VLOOKUP(C30,Theory!B33:BM104,64,FALSE) -> 0 | BX30: =VLOOKUP(C30,Theory!B33:BN104,65,FALSE) -> 0 | BY30: =VLOOKUP(C30,Theory!B33:BO104,66,FALSE) -> 0 | BZ30: =MAX(SUM(BR30:BU30),SUM(BV30:BY30)) -> 2 | CA30: =SUM(AT30,AY30,BH30,BQ30,BZ30) -> 11 | CB30: =VLOOKUP(C30,Theory!B33:BP104,67,FALSE) -> 8 | CC30: =VLOOKUP(C30,Theory!B33:BQ104,68,FALSE) -> 0 | CD30: =VLOOKUP(C30,Theory!B33:BR104,69,FALSE) -> 0 | CE30: =VLOOKUP(C30,Theory!B33:BS104,70,FALSE) -> 0 | CF30: =SUM(CB30:CE30) -> 8 | CG30: =VLOOKUP(C30,Theory!B33:BT104,71,FALSE) -> 6 | CH30: =VLOOKUP(C30,Theory!B33:BU104,72,FALSE) -> 0 | CI30: =VLOOKUP(C30,Theory!B33:BV104,73,FALSE) -> 0 | CJ30: =VLOOKUP(C30,Theory!B33:BW104,74,FALSE) -> 0 | CK30: =SUM(CG30:CJ30) -> 6 | CL30: =VLOOKUP(C30,Theory!B33:BX104,75,FALSE) -> 6 | CM30: =VLOOKUP(C30,Theory!B33:BY104,76,FALSE) -> 0 | CN30: =VLOOKUP(C30,Theory!B33:BZ104,77,FALSE) -> 0 | CO30: =VLOOKUP(C30,Theory!B33:CA104,78,FALSE) -> 0 | CP30: =VLOOKUP(C30,Theory!B33:CB104,79,FALSE) -> 0 | CQ30: =VLOOKUP(C30,Theory!B33:CC104,80,FALSE) -> 0 | CR30: =VLOOKUP(C30,Theory!B33:CD104,81,FALSE) -> 0 | CS30: =VLOOKUP(C30,Theory!B33:CE104,82,FALSE) -> 0 | CT30: =MAX(SUM(CL30:CO30),SUM(CP30:CS30)) -> 6 | CU30: =VLOOKUP(C30,Theory!B33:CF104,83,FALSE) -> 6 | CV30: =VLOOKUP(C30,Theory!B33:CG104,84,FALSE) -> 0 | CW30: =VLOOKUP(C30,Theory!B33:CH104,85,FALSE) -> 0 | CX30: =VLOOKUP(C30,Theory!B33:CI104,86,FALSE) -> 0 | CY30: =VLOOKUP(C30,Theory!B33:CJ104,87,FALSE) -> 0 | CZ30: =VLOOKUP(C30,Theory!B33:CK104,88,FALSE) -> 0 | DA30: =VLOOKUP(C30,Theory!B33:CL104,89,FALSE) -> 0 | DB30: =VLOOKUP(C30,Theory!B33:CM104,90,FALSE) -> 0 | DC30: =MAX(SUM(CU30:CX30),SUM(CY30:DB30)) -> 6 | DD30: =VLOOKUP(C30,Theory!B33:CN104,91,FALSE) -> 0 | DE30: =VLOOKUP(C30,Theory!B33:CO104,92,FALSE) -> 0 | DF30: =VLOOKUP(C30,Theory!B33:CP104,93,FALSE) -> 0 | DG30: =VLOOKUP(C30,Theory!B33:CQ104,94,FALSE) -> 0 | DH30: =VLOOKUP(C30,Theory!B33:CR104,95,FALSE) -> 7 | DI30: =VLOOKUP(C30,Theory!B33:CS104,96,FALSE) -> 0 | DJ30: =VLOOKUP(C30,Theory!B33:CT104,97,FALSE) -> 0 | DK30: =VLOOKUP(C30,Theory!B33:CU104,98,FALSE) -> 0 | DL30: =MAX(SUM(DD30:DG30),SUM(DH30:DK30)) -> 7 | DM30: =SUM(CF30,CK30,CT30,DC30,DL30) -> 33 | DN30: =AO30 -> 22 | DO30: =CA30 -> 11 | DP30: =DM30 -> 33 | DQ30: =ROUND(30*DN30/50,0) -> 13 | DR30: =ROUND(30*DO30/50,0) -> 7 | DS30: =ROUND(30*DP30/50,0) -> 20 | DT30: =ROUND(AVERAGE(DQ30:DS30),0) -> 13 | DU30: =VLOOKUP(C30,Theory!B33:CV104,99,FALSE) -> 6 | DV30: =VLOOKUP(C30,Theory!B33:CW104,100,FALSE) -> 10 | DW30: =SUM(DU30:DV30) -> 16 | DX30: =SUM(DT30:DV30) -> 29 | DY30: =ROUND((30*DX30/50),0) -> 17 | DZ30: =VLOOKUP(C30,Lab!B25:D94,3,FALSE) -> 0 | EA30: =VLOOKUP(C30,Lab!B25:E94,4,FALSE) -> 0 | EB30: =VLOOKUP(C30,Lab!B25:F94,5,FALSE) -> 26 | EC30: =SUM(DZ30:EB30) -> 26 | ED30: =VLOOKUP(C30,Lab!B25:G94,6,FALSE) -> 0 | EE30: =VLOOKUP(C30,Lab!B25:H94,7,FALSE) -> 0 | EF30: 16 | EG30: =SUM(ED30:EF30) -> 16 | EH30: =SUM(EC30,EG30) -> 42 | EI30: =ROUND((20*EH30/50),0) -> 17 | EJ30: =SUM(DY30,EI30) -> 34 | EK30: 38.5 | EM30: =VLOOKUP(C30,Theory!B33:DK104,114,FALSE) -> 0 | EN30: =VLOOKUP(C30,Theory!B33:DL104,115,FALSE) -> 0 | EO30: =VLOOKUP(C30,Theory!B33:DM104,116,FALSE) -> 0 | EP30: =VLOOKUP(C30,Theory!B33:DN102,117,FALSE) -> 0 | EQ30: =VLOOKUP(C30,Theory!B33:DO102,118,FALSE) -> 0 | ER30: =VLOOKUP(C30,Theory!B33:DP102,119,FALSE) -> 0 | ES30: =VLOOKUP(C30,Theory!B33:DQ102,120,FALSE) -> 0 | ET30: =SUM(ER30:ES30) -> 0
