Workbook

Sheet Theory
A1: DAYANANDA SAGAR COLLEGE OF ENGINEERING, BANGALORE-560 111
A2: DEPARTMENT OF ARTIFICIAL INTELLEGENCE & MACHINE LEARNING
A4: Academic Year : 2023 -24 | D4: Scheme :2021-25 | Q4: Semester : 6th
A5: COURSE CODE : 21AI643
A6: COURSE TITLE :IoT & 5G
A7: STAND ALONE THEORY | D7: YES
A8: STAND ALONE LAB | D8: NO
A9: IPCC | D9: NO
C11: Course Outcome Attainment Calculation
C12: COs mapped | D12: 0,1 | H12: 0,1 | L12: 0,1 | P12: 0,1 | T12: 0,1 | X12: 0,1 | AB12: 0,1 | AF12: 0,1 | AJ12: 0,4 | AN12: 0,4 | AO12: 0,4 | AR12: 0,2 | AV12: 0,2 | AZ12: 0,4 | BD12: 0,4 | BH12: 0,4 | BL12: 0,4 | BP12: 0,3 | BT12: 0,4 | BX12: 0,3 | CB12: 0,3 | CF12: 0,3 | CJ12: 0,3 | CN12: 0,4 | CR12: 0,4 | CV12: 0,1,2,3,4 | CW12: 0,1,2,3,4 | DL12: ENTER ATTENDANCE MANUALLY FOR CSV FILE
D13: Test 1 | AJ13: Test 2 | BP13: Test 3 | CV13: AAT | CW13: QUIZ | DL13: STAND ALONE THEORY ATTENDANCE | DM13: STAND ALONE THEORY ATTENDANCE | DN13: STAND ALONE THEORY ATTENDANCE | DO13: STAND ALONE THEORY ATTENDANCE | DP13: STAND ALONE LAB ATTENDANCE | DQ13: IPCC THEORY ATTENDANCE | DR13: IPCC LAB ATTENDANCE | DS13: IPCC TOTAL ATTENDANCE
C14: Maximum Marks | D14: 10 | H14: 10 | L14: 10 | P14: 10 | T14: 10 | X14: 10 | AB14: 10 | AF14: 10 | AJ14: 10 | AN14: 5 | AO14: 5 | AR14: 10 | AV14: 10 | AZ14: 10 | BD14: 10 | BH14: 10 | BL14: 10 | BP14: 10 | BT14: 10 | BX14: 10 | CB14: 10 | CF14: 10 | CJ14: 10 | CN14: 10 | CR14: 10 | CV14: 10 | CW14: 10 | CX14: 50 | CY14: 50 | CZ14: 50 | DA14: 50 | DB14: 100 | DC14: 50 | DG14: CIA | DJ14: SEE | DL14: CREDIT-1 | DM14: CREDIT-2 | DN14: CREDIT-3 | DO14: CREDIT-4 | DP14: CREDIT-1 | DQ14: CREDIT-4
C15: Marks to reach Performance (60% and above of Max. Marks) | D15: 6 | H15: 6 | L15: 6 | P15: 6 | T15: 6 | X15: 6 | AB15: 6 | AF15: 6 | AJ15: 6 | AN15: 3 | AO15: 3 | AR15: 6 | AV15: 6 | AZ15: 6 | BD15: 6 | BH15: 6 | BL15: 6 | BP15: 6 | BT15: 6 | BX15: 6 | CB15: 6 | CF15: 6 | CJ15: 6 | CN15: 6 | CR15: 6 | CV15: 6 | CW15: 6 | CX15: 30 | CY15: 30 | CZ15: 30 | DA15: 30 | DB15: 60 | DC15: 30 | DG15: ='CIA MARKS'!DX12 -> STAND ALONE THEORY | DH15: ='CIA MARKS'!EH12 -> STAND ALONE LAB | DI15: ='CIA MARKS'!EJ12 -> IPCC | DJ15: ='CIA MARKS'!EK12 -> SEE | DL15: ATTND (11/12) | DM15: ATTND (11/24) | DN15: ATTND (34/40) | DO15: ATTND (45/52) | DP15: ATTND (11/12) | DQ15: ATT-THEORY (34/40) | DR15: ATT-LAB (11/12)
A16: Sl No. | B16: USN | C16: STUDENT NAME | D16: Q1A | E16: Q1B | F16: Q1C | G16: Q1D | H16: Q2A | I16: Q2B | J16: Q2C | K16: Q2D | L16: Q3A | M16: Q3B | N16: Q3C | O16: Q3D | P16: Q4A | Q16: Q4B | R16: Q4C | S16: Q4D | T16: Q5A | U16: Q5B | V16: Q5C | W16: Q5D | X16: Q6A | Y16: Q6B | Z16: Q6C | AA16: Q6D | AB16: Q7A | AC16: Q7B | AD16: Q7C | AE16: Q7D | AF16: Q8A | AG16: Q8B | AH16: Q8C | AI16: Q8D | AJ16: Q1A | AK16: Q1A | AL16: Q1C | AM16: Q1D | AN16: Q2A | AO16: Q2A | AP16: Q2C | AQ16: Q2D | AR16: Q3A | AS16: Q3B | AT16: Q3C | AU16: Q3D | AV16: Q4A | AW16: Q4B | AX16: Q4C | AY16: Q4D | AZ16: Q5A | BA16: Q5B | BB16: Q5C | BC16: Q5D | BD16: Q6A | BE16: Q6B | BF16: Q6C | BG16: Q6D | BH16: Q7A | BI16: Q7B | BJ16: Q7C | BK16: Q7D | BL16: Q8A | BM16: Q8B | BN16: Q8C | BO16: Q8D | BP16: Q1A | BQ16: Q1B | BR16: Q1C | BS16: Q1D | BT16: Q2A | BU16: Q2B | BV16: Q2C | BW16: Q2D | BX16: Q3A | BY16: Q3B | BZ16: Q3C | CA16: Q3D | CB16: Q4A | CC16: Q4B | CD16: Q4C | CE16: Q4D | CF16: Q5A | CG16: Q5B | CH16: Q5C | CI16: Q5D | CJ16: Q6A | CK16: Q6B | CL16: Q6C | CM16: Q6D | CN16: Q7A | CO16: Q7B | CP16: Q7C | CQ16: Q7D | CR16: Q8A | CS16: Q8B | CT16: Q8C | CU16: Q8D | CV16: Q1-20 | CW16: Q1-20 | CX16: Total Test1 | CY16: Total Test 2 | CZ16: Total Test 3 | DA16: Final CIA | DB16: Final SEE MARKS | DC16: Final SEE MARKS | DE16: Final SEE Grade | DG16: ='CIA MARKS'!DX13 -> 50 | DH16: ='CIA MARKS'!EH13 -> 0 | DI16: ='CIA MARKS'!EJ13 -> 30 | DJ16: ='CIA MARKS'!EK13 -> 50 | DL16: 12 | DM16: 24 | DN16: 40 | DO16: 52 | DP16: 12 | DQ16: 40 | DR16: 12 | DS16: =SUM(DQ16:DR16) -> 52
A17: 1 | B17: 1DS21AI001 | C17: ADITHYA N AWATI | D17: 9 | H17: 8 | L17: 8 | T17: 8 | AB17: 9 | AJ17: 9 | AN17: 9 | AR17: 9 | AZ17: 8 | BH17: 10 | BP17: 7 | BT17: 9 | BX17: 10 | CF17: 9 | CN17: 8 | CV17: 10 | CW17: 5 | DA17: 41 | DB17: 83 | DC17: 42 | DE17: A+ | DG17: =IF(D$7="YES",'CIA MARKS'!DX14,"") -> 41 | DH17: =IF(D$8="YES",'CIA MARKS'!EH14,"") | DI17: =IF(D$9="YES",'CIA MARKS'!EJ14,"") | DJ17: =IF(Theory!D$7="YES",DC17, IF(Theory!D$8="YES",Lab!K9, IF(Theory!D$9="YES",DC17,""))) -> 42 | DS17: =SUM(DQ17:DR17) -> 0
A18: 2 | B18: 1DS21AI002 | C18: AMIT A | D18: 9 | H18: 9 | L18: 10 | T18: 10 | AB18: 10 | AJ18: 9 | AN18: 9 | AR18: 10 | AZ18: 8 | BH18: 9 | BP18: 10 | BT18: 9 | BX18: 9 | CF18: 10 | CR18: 10 | CV18: 10 | CW18: 10 | DA18: 48 | DB18: 88 | DC18: 40 | DE18: A+ | DG18: =IF(D$7="YES",'CIA MARKS'!DX15,"") -> 48 | DH18: =IF(D$8="YES",'CIA MARKS'!EH15,"") | DI18: =IF(D$9="YES",'CIA MARKS'!EJ15,"") | DJ18: =IF(Theory!D$7="YES",DC18, IF(Theory!D$8="YES",Lab!K10, IF(Theory!D$9="YES",DC18,""))) -> 40 | DS18: =SUM(DQ18:DR18) -> 0
A19: 3 | B19: 1DS21AI005 | C19: ANKUSH G | D19: 7 | H19: 8 | P19: 9 | X19: 9 | AB19: 10 | AJ19: 9 | AN19: 10 | AR19: 10 | AZ19: 8 | BH19: 10 | BP19: 9 | BT19: 9 | CB19: 10 | CF19: 10 | CN19: 9 | CV19: 10 | CW19: 10 | DA19: 47 | DB19: 89 | DC19: 42 | DE19: A+ | DG19: =IF(D$7="YES",'CIA MARKS'!DX16,"") -> 47 | DH19: =IF(D$8="YES",'CIA MARKS'!EH16,"") | DI19: =IF(D$9="YES",'CIA MARKS'!EJ16,"") | DJ19: =IF(Theory!D$7="YES",DC19, IF(Theory!D$8="YES",Lab!K11, IF(Theory!D$9="YES",DC19,""))) -> 42 | DS19: =SUM(DQ19:DR19) -> 0
A20: 4 | B20: 1DS21AI006 | C20: ARYAMAN SAXENA | D20: 6 | H20: 5 | L20: 10 | X20: 7 | AB20: 7 | BP20: 5 | BT20: 8 | BX20: 9 | CF20: 10 | CN20: 8 | CV20: 10 | CW20: 10 | DA20: 35 | DB20: 76 | DC20: 41 | DE20: A | DG20: =IF(D$7="YES",'CIA MARKS'!DX17,"") -> 35 | DH20: =IF(D$8="YES",'CIA MARKS'!EH17,"") | DI20: =IF(D$9="YES",'CIA MARKS'!EJ17,"") | DJ20: =IF(Theory!D$7="YES",DC20, IF(Theory!D$8="YES",Lab!K12, IF(Theory!D$9="YES",DC20,""))) -> 41 | DS20: =SUM(DQ20:DR20) -> 0
A21: 5 | B21: 1DS21AI007 | C21: ASHWIN SAI G | D21: 7 | P21: 5 | X21: 4 | AB21: 4 | AN21: 2 | AR21: 6 | AV21: 1 | AZ21: 2 | BL21: 5 | BP21: 6 | BT21: 1 | BX21: 6 | CB21: 7 | CR21: 6 | CV21: 10 | CW21: 10 | DA21: 32 | DB21: 53 | DC21: 21 | DE21: C | DG21: =IF(D$7="YES",'CIA MARKS'!DX18,"") -> 31 | DH21: =IF(D$8="YES",'CIA MARKS'!EH18,"") | DI21: =IF(D$9="YES",'CIA MARKS'!EJ18,"") | DJ21: =IF(Theory!D$7="YES",DC21, IF(Theory!D$8="YES",Lab!K13, IF(Theory!D$9="YES",DC21,""))) -> 21 | DS21: =SUM(DQ21:DR21) -> 0
A22: 6 | B22: 1DS21AI009 | C22: BHARGAVI K | D22: 8 | H22: 6 | L22: 10 | X22: 9 | AF22: 9 | AJ22: 10 | AN22: 9 | AR22: 9 | AZ22: 7 | BH22: 8 | BP22: 9 | BT22: 7 | CB22: 10 | CF22: 10 | CN22: 9 | CV22: 10 | CW22: 10 | DA22: 46 | DB22: 89 | DC22: 43 | DE22: A+ | DG22: =IF(D$7="YES",'CIA MARKS'!DX19,"") -> 46 | DH22: =IF(D$8="YES",'CIA MARKS'!EH19,"") | DI22: =IF(D$9="YES",'CIA MARKS'!EJ19,"") | DJ22: =IF(Theory!D$7="YES",DC22, IF(Theory!D$8="YES",Lab!K14, IF(Theory!D$9="YES",DC22,""))) -> 43 | DS22: =SUM(DQ22:DR22) -> 0
A23: 7 | B23: 1DS21AI014 | C23: DARSHAN R | D23: 8 | H23: 7 | L23: 8 | T23: 6 | AJ23: 5 | AN23: 6 | AR23: 9 | BD23: 5 | BL23: 8 | BP23: 9 | BT23: 7 | BX23: 9 | CJ23: 8 | CR23: 9 | CV23: 10 | CW23: 10 | DA23: 41 | DB23: 76 | DC23: 35 | DE23: A | DG23: =IF(D$7="YES",'CIA MARKS'!DX20,"") -> 41 | DH23: =IF(D$8="YES",'CIA MARKS'!EH20,"") | DI23: =IF(D$9="YES",'CIA MARKS'!EJ20,"") | DJ23: =IF(Theory!D$7="YES",DC23, IF(Theory!D$8="YES",Lab!K15, IF(Theory!D$9="YES",DC23,""))) -> 35 | DS23: =SUM(DQ23:DR23) -> 0
A24: 8 | B24: 1DS21AI017 | C24: FATIMA ANEES MULLA | D24: 6 | H24: 7 | L24: 9 | X24: 9 | AF24: 8 | AJ24: 7 | AN24: 8 | AR24: 9 | AZ24: 7 | BH24: 9 | BP24: 9 | BT24: 8 | CB24: 9 | CF24: 9 | CR24: 10 | CV24: 10 | CW24: 10 | DA24: 45 | DB24: 90 | DC24: 45 | DE24: o | DG24: =IF(D$7="YES",'CIA MARKS'!DX21,"") -> 45 | DH24: =IF(D$8="YES",'CIA MARKS'!EH21,"") | DI24: =IF(D$9="YES",'CIA MARKS'!EJ21,"") | DJ24: =IF(Theory!D$7="YES",DC24, IF(Theory!D$8="YES",Lab!K16, IF(Theory!D$9="YES",DC24,""))) -> 45 | DS24: =SUM(DQ24:DR24) -> 0
A25: 9 | B25: 1DS21AI019 | C25: HARIKRISHNA M | D25: 5 | H25: 5 | L25: 5 | T25: 4 | AB25: 4 | AJ25: 3 | AN25: 4 | AR25: 7 | BD25: 5 | BL25: 5 | BP25: 7 | BT25: 6 | BX25: 7 | CJ25: 6 | CN25: 5 | CV25: 10 | CW25: 10 | DA25: 36 | DB25: 69 | DC25: 33 | DE25: B+ | DG25: =IF(D$7="YES",'CIA MARKS'!DX22,"") -> 36 | DH25: =IF(D$8="YES",'CIA MARKS'!EH22,"") | DI25: =IF(D$9="YES",'CIA MARKS'!EJ22,"") | DJ25: =IF(Theory!D$7="YES",DC25, IF(Theory!D$8="YES",Lab!K17, IF(Theory!D$9="YES",DC25,""))) -> 33 | DS25: =SUM(DQ25:DR25) -> 0
A26: 10 | B26: 1DS21AI020 | C26: HARSHITHA B | AN26: 7 | AR26: 9 | BD26: 7 | BH26: 8 | BT26: 3 | BX26: 8 | CF26: 8 | CN26: 7 | CV26: 10 | CW26: 10 | DA26: 32 | DB26: 65 | DC26: 33 | DE26: B+ | DG26: =IF(D$7="YES",'CIA MARKS'!DX23,"") -> 32 | DH26: =IF(D$8="YES",'CIA MARKS'!EH23,"") | DI26: =IF(D$9="YES",'CIA MARKS'!EJ23,"") | DJ26: =IF(Theory!D$7="YES",DC26, IF(Theory!D$8="YES",Lab!K18, IF(Theory!D$9="YES",DC26,""))) -> 33 | DS26: =SUM(DQ26:DR26) -> 0
A27: 11 | B27: 1DS21AI021 | C27: HARSHITHA S | D27: 8 | H27: 9 | L27: 8 | T27: 7 | AB27: 9 | AN27: 9 | AR27: 10 | AZ27: 8 | BH27: 9 | BP27: 9 | BT27: 8 | CB27: 8 | CF27: 10 | CR27: 9 | CV27: 10 | CW27: 10 | DA27: 44 | DB27: 85 | DC27: 41 | DE27: A+ | DG27: =IF(D$7="YES",'CIA MARKS'!DX24,"") -> 44 | DH27: =IF(D$8="YES",'CIA MARKS'!EH24,"") | DI27: =IF(D$9="YES",'CIA MARKS'!EJ24,"") | DJ27: =IF(Theory!D$7="YES",DC27, IF(Theory!D$8="YES",Lab!K19, IF(Theory!D$9="YES",DC27,""))) -> 41 | DS27: =SUM(DQ27:DR27) -> 0
A28: 12 | B28: 1DS21AI023 | C28: HITHA N | D28: 8 | H28: 8 | L28: 10 | T28: 8 | AB28: 10 | AJ28: 9 | AN28: 9 | AR28: 10 | AZ28: 8 | BH28: 10 | BP28: 10 | BT28: 10 | CB28: 10 | CF28: 10 | CR28: 10 | CV28: 10 | CW28: 10 | DA28: 48 | DB28: 93 | DC28: 45 | DE28: O | DG28: =IF(D$7="YES",'CIA MARKS'!DX25,"") -> 48 | DH28: =IF(D$8="YES",'CIA MARKS'!EH25,"") | DI28: =IF(D$9="YES",'CIA MARKS'!EJ25,"") | DJ28: =IF(Theory!D$7="YES",DC28, IF(Theory!D$8="YES",Lab!K20, IF(Theory!D$9="YES",DC28,""))) -> 45 | DS28: =SUM(DQ28:DR28) -> 0
A29: 13 | B29: 1DS21AI026 | C29: KAASHIF MERAJ | D29: 2 | H29: 2 | P29: 3 | X29: 4 | AF29: 4 | AJ29: 7 | AN29: 6 | AR29: 9 | BL29: 5 | BP29: 2 | BT29: 8 | BX29: 7 | CJ29: 7 | CN29: 7 | CV29: 10 | CW29: 10 | DA29: 35 | DB29: 62 | DC29: 27 | DE29: B+ | DG29: =IF(D$7="YES",'CIA MARKS'!DX26,"") -> 35 | DH29: =IF(D$8="YES",'CIA MARKS'!EH26,"") | DI29: =IF(D$9="YES",'CIA MARKS'!EJ26,"") | DJ29: =IF(Theory!D$7="YES",DC29, IF(Theory!D$8="YES",Lab!K21, IF(Theory!D$9="YES",DC29,""))) -> 27 | DS29: =SUM(DQ29:DR29) -> 0
A30: 14 | B30: 1DS21AI027 | C30: KOTIREDDY CHARAN SIMHA REDDY | D30: 5 | H30: 6 | L30: 7 | T30: 5 | AB30: 7 | AJ30: 6 | AN30: 5 | AR30: 8 | BD30: 5 | BL30: 6 | BP30: 5 | BT30: 7 | CB30: 7 | CF30: 6 | CR30: 6 | CV30: 10 | CW30: 10 | DA30: 38 | DB30: 70 | DC30: 32 | DE30: A | DG30: =IF(D$7="YES",'CIA MARKS'!DX27,"") -> 38 | DH30: =IF(D$8="YES",'CIA MARKS'!EH27,"") | DI30: =IF(D$9="YES",'CIA MARKS'!EJ27,"") | DJ30: =IF(Theory!D$7="YES",DC30, IF(Theory!D$8="YES",Lab!K22, IF(Theory!D$9="YES",DC30,""))) -> 32 | DS30: =SUM(DQ30:DR30) -> 0
A31: 15 | B31: 1DS21AI028 | C31: KRUTIKA R SINNUR | D31: 8 | H31: 7 | L31: 10 | T31: 10 | AB31: 9 | AJ31: 10 | AN31: 10 | AR31: 10 | AZ31: 8 | BH31: 10 | BP31: 9 | BT31: 9 | BX31: 10 | CF31: 10 | CR31: 9 | CV31: 10 | CW31: 10 | DA31: 48 | DB31: 86 | DC31: 38 | DE31: A+ | DG31: =IF(D$7="YES",'CIA MARKS'!DX28,"") -> 48 | DH31: =IF(D$8="YES",'CIA MARKS'!EH28,"") | DI31: =IF(D$9="YES",'CIA MARKS'!EJ28,"") | DJ31: =IF(Theory!D$7="YES",DC31, IF(Theory!D$8="YES",Lab!K23, IF(Theory!D$9="YES",DC31,""))) -> 38 | DS31: =SUM(DQ31:DR31) -> 0
A32: 16 | B32: 1DS21AI030 | C32: MANAS KALRA | D32: 10 | H32: 7 | L32: 5 | T32: 5 | AB32: 8 | AJ32: 7 | AN32: 7 | AR32: 8 | AZ32: 7 | BD32: 8 | BP32: 8 | BT32: 8 | BX32: 9 | CJ32: 9 | CR32: 8 | CV32: 10 | CW32: 10 | DA32: 43 | DB32: 84 | DC32: 41 | DE32: A+ | DG32: =IF(D$7="YES",'CIA MARKS'!DX29,"") -> 41 | DH32: =IF(D$8="YES",'CIA MARKS'!EH29,"") | DI32: =IF(D$9="YES",'CIA MARKS'!EJ29,"") | DJ32: =IF(Theory!D$7="YES",DC32, IF(Theory!D$8="YES",Lab!K24, IF(Theory!D$9="YES",DC32,""))) -> 41 | DS32: =SUM(DQ32:DR32) -> 0
A33: 17 | B33: 1DS21AI031 | C33: MANASVINI T | D33: 7 | H33: 8 | L33: 4 | X33: 7 | AF33: 8 | AJ33: 7 | AN33: 8 | AR33: 9 | AZ33: 8 | BH33: 10 | BP33: 9 | BT33: 8 | BX33: 9 | CF33: 10 | CR33: 8 | CV33: 10 | CW33: 10 | DA33: 44 | DB33: 82 | DC33: 38 | DE33: A+ | DG33: =IF(D$7="YES",'CIA MARKS'!DX30,"") -> 44 | DH33: =IF(D$8="YES",'CIA MARKS'!EH30,"") | DI33: =IF(D$9="YES",'CIA MARKS'!EJ30,"") | DJ33: =IF(Theory!D$7="YES",DC33, IF(Theory!D$8="YES",Lab!K25, IF(Theory!D$9="YES",DC33,""))) -> 38 | DS33: =SUM(DQ33:DR33) -> 0
A34: 18 | B34: 1DS21AI032 | C34: MESHANK BANSAL | D34: 5 | H34: 5 | P34: 7 | T34: 6 | AB34: 7 | AJ34: 7 | AN34: 5 | AR34: 8 | BD34: 7 | BH34: 8 | BP34: 5 | BT34: 9 | CB34: 8 | CJ34: 8 | CN34: 7 | CV34: 10 | CW34: 10 | DA34: 40 | DB34: 70 | DC34: 30 | DE34: A | DG34: =IF(D$7="YES",'CIA MARKS'!DX31,"") -> 40 | DH34: =IF(D$8="YES",'CIA MARKS'!EH31,"") | DI34: =IF(D$9="YES",'CIA MARKS'!EJ31,"") | DJ34: =IF(Theory!D$7="YES",DC34, IF(Theory!D$8="YES",Lab!K26, IF(Theory!D$9="YES",DC34,""))) -> 30 | DS34: =SUM(DQ34:DR34) -> 0
A35: 19 | B35: 1DS21AI034 | C35: MONICA K C | D35: 10 | H35: 9 | L35: 8 | T35: 9 | AB35: 8 | AJ35: 10 | AN35: 10 | AV35: 9 | AZ35: 8 | BH35: 10 | BP35: 9 | BT35: 9 | CB35: 9 | CJ35: 8 | CR35: 9 | CV35: 10 | CW35: 10 | DA35: 47 | DB35: 90 | DC35: 43 | DE35: O | DG35: =IF(D$7="YES",'CIA MARKS'!DX32,"") -> 47 | DH35: =IF(D$8="YES",'CIA MARKS'!EH32,"") | DI35: =IF(D$9="YES",'CIA MARKS'!EJ32,"") | DJ35: =IF(Theory!D$7="YES",DC35, IF(Theory!D$8="YES",Lab!K27, IF(Theory!D$9="YES",DC35,""))) -> 43 | DS35: =SUM(DQ35:DR35) -> 0
A36: 20 | B36: 1DS21AI035 | C36: NANDITHA K G | D36: 8 | H36: 7 | P36: 6 | T36: 7 | AB36: 10 | AJ36: 7 | AN36: 6 | AR36: 9 | AZ36: 8 | BH36: 9 | BT36: 9 | BX36: 8 | CF36: 10 | CR36: 9 | CV36: 10 | CW36: 10 | DA36: 43 | DB36: 85 | DC36: 42 | DE36: A+ | DG36: =IF(D$7="YES",'CIA MARKS'!DX33,"") -> 43 | DH36: =IF(D$8="YES",'CIA MARKS'!EH33,"") | DI36: =IF(D$9="YES",'CIA MARKS'!EJ33,"") | DJ36: =IF(Theory!D$7="YES",DC36, IF(Theory!D$8="YES",Lab!K28, IF(Theory!D$9="YES",DC36,""))) -> 42 | DS36: =SUM(DQ36:DR36) -> 0
A37: 21 | B37: 1DS21AI038 | C37: PRAJWAL K | AJ37: 8 | AN37: 7 | AR37: 9 | AZ37: 8 | BH37: 8 | BP37: 8 | BT37: 8 | BX37: 9 | CJ37: 8 | CN37: 7 | CV37: 10 | CW37: 10 | DA37: 36 | DB37: 76 | DC37: 40 | DE37: A | DG37: =IF(D$7="YES",'CIA MARKS'!DX34,"") -> 36 | DH37: =IF(D$8="YES",'CIA MARKS'!EH34,"") | DI37: =IF(D$9="YES",'CIA MARKS'!EJ34,"") | DJ37: =IF(Theory!D$7="YES",DC37, IF(Theory!D$8="YES",Lab!K29, IF(Theory!D$9="YES",DC37,""))) -> 40 | DS37: =SUM(DQ37:DR37) -> 0
A38: 22 | B38: 1DS21AI039 | C38: PRAKRITI SINGH | D38: 7 | H38: 5 | L38: 6 | T38: 7 | AB38: 6 | AJ38: 6 | AN38: 6 | AR38: 9 | AZ38: 7 | BH38: 8 | BP38: 7 | BT38: 1 | CB38: 7 | CJ38: 7 | CN38: 6 | CV38: 10 | CW38: 10 | DA38: 39 | DB38: 80 | DC38: 41 | DE38: A+ | DG38: =IF(D$7="YES",'CIA MARKS'!DX35,"") -> 39 | DH38: =IF(D$8="YES",'CIA MARKS'!EH35,"") | DI38: =IF(D$9="YES",'CIA MARKS'!EJ35,"") | DJ38: =IF(Theory!D$7="YES",DC38, IF(Theory!D$8="YES",Lab!K30, IF(Theory!D$9="YES",DC38,""))) -> 41 | DS38: =SUM(DQ38:DR38) -> 0
A39: 23 | B39: 1DS21AI040 | C39: PRERANA S B | H39: 8 | P39: 5 | X39: 8 | AB39: 8 | AJ39: 6 | AN39: 8 | AV39: 5 | AZ39: 8 | BH39: 9 | BP39: 8 | CB39: 8 | CF39: 7 | CN39: 7 | CV39: 10 | CW39: 10 | DA39: 39 | DB39: 79 | DC39: 40 | DE39: A | DG39: =IF(D$7="YES",'CIA MARKS'!DX36,"") -> 39 | DH39: =IF(D$8="YES",'CIA MARKS'!EH36,"") | DI39: =IF(D$9="YES",'CIA MARKS'!EJ36,"") | DJ39: =IF(Theory!D$7="YES",DC39, IF(Theory!D$8="YES",Lab!K31, IF(Theory!D$9="YES",DC39,""))) -> 40 | DS39: =SUM(DQ39:DR39) -> 0
A40: 24 | B40: 1DS21AI041 | C40: RADHIKA MITTAL | D40: 6 | H40: 9 | L40: 7 | T40: 8 | AF40: 10 | AJ40: 10 | AN40: 10 | AR40: 10 | AZ40: 8 | BH40: 10 | BP40: 8 | BT40: 9 | BX40: 10 | CF40: 9 | CN40: 10 | CV40: 10 | CW40: 10 | DA40: 47 | DB40: 89 | DC40: 42 | DE40: A+ | DG40: =IF(D$7="YES",'CIA MARKS'!DX37,"") -> 47 | DH40: =IF(D$8="YES",'CIA MARKS'!EH37,"") | DI40: =IF(D$9="YES",'CIA MARKS'!EJ37,"") | DJ40: =IF(Theory!D$7="YES",DC40, IF(Theory!D$8="YES",Lab!K32, IF(Theory!D$9="YES",DC40,""))) -> 42 | DS40: =SUM(DQ40:DR40) -> 0
A41: 25 | B41: 1DS21AI044 | C41: S UDAY KUMAR | D41: 1 | H41: 8 | L41: 10 | T41: 10 | AB41: 5 | AJ41: 6 | AN41: 5 | AR41: 8 | AZ41: 8 | BL41: 7 | BP41: 6 | BT41: 5 | BX41: 5 | CJ41: 9 | CR41: 6 | CV41: 10 | CW41: 10 | DA41: 40 | DB41: 81 | DC41: 41 | DE41: A+ | DG41: =IF(D$7="YES",'CIA MARKS'!DX38,"") -> 40 | DH41: =IF(D$8="YES",'CIA MARKS'!EH38,"") | DI41: =IF(D$9="YES",'CIA MARKS'!EJ38,"") | DJ41: =IF(Theory!D$7="YES",DC41, IF(Theory!D$8="YES",Lab!K33, IF(Theory!D$9="YES",DC41,""))) -> 41 | DS41: =SUM(DQ41:DR41) -> 0
A42: 26 | B42: 1DS21AI045 | C42: SHAMS AARIZE SIDDIQUE | D42: 7 | H42: 8 | L42: 8 | T42: 8 | AB42: 9 | AJ42: 6 | AN42: 10 | AR42: 9 | AZ42: 8 | BH42: 9 | BP42: 8 | BT42: 8 | CB42: 7 | CJ42: 9 | CN42: 7 | CV42: 10 | CW42: 10 | DA42: 44 | DB42: 87 | DC42: 43 | DE42: A+ | DG42: =IF(D$7="YES",'CIA MARKS'!DX39,"") -> 44 | DH42: =IF(D$8="YES",'CIA MARKS'!EH39,"") | DI42: =IF(D$9="YES",'CIA MARKS'!EJ39,"") | DJ42: =IF(Theory!D$7="YES",DC42, IF(Theory!D$8="YES",Lab!K34, IF(Theory!D$9="YES",DC42,""))) -> 43 | DS42: =SUM(DQ42:DR42) -> 0
A43: 27 | B43: 1DS21AI048 | C43: SHREYAS M J KALKUR | D43: 8 | H43: 7 | L43: 8 | T43: 8 | AB43: 9 | AJ43: 7 | AN43: 7 | AR43: 9 | AZ43: 8 | BH43: 8 | BP43: 8 | BT43: 8 | CB43: 9 | CJ43: 8 | CN43: 6 | CV43: 10 | CW43: 10 | DA43: 44 | DB43: 86 | DC43: 42 | DE43: A+ | DG43: =IF(D$7="YES",'CIA MARKS'!DX40,"") -> 43 | DH43: =IF(D$8="YES",'CIA MARKS'!EH40,"") | DI43: =IF(D$9="YES",'CIA MARKS'!EJ40,"") | DJ43: =IF(Theory!D$7="YES",DC43, IF(Theory!D$8="YES",Lab!K35, IF(Theory!D$9="YES",DC43,""))) -> 42 | DS43: =SUM(DQ43:DR43) -> 0
A44: 28 | B44: 1DS21AI049 | C44: SHUBHAM MISHRA | D44: 7 | H44: 7 | L44: 8 | T44: 8 | AB44: 9 | AJ44: 8 | AN44: 6 | AR44: 10 | AZ44: 8 | BH44: 8 | BP44: 8 | BT44: 8 | CB44: 8 | CF44: 9 | CR44: 8 | CV44: 10 | CW44: 10 | DA44: 44 | DB44: 87 | DC44: 43 | DE44: A+ | DG44: =IF(D$7="YES",'CIA MARKS'!DX41,"") -> 44 | DH44: =IF(D$8="YES",'CIA MARKS'!EH41,"") | DI44: =IF(D$9="YES",'CIA MARKS'!EJ41,"") | DJ44: =IF(Theory!D$7="YES",DC44, IF(Theory!D$8="YES",Lab!K36, IF(Theory!D$9="YES",DC44,""))) -> 43 | DS44: =SUM(DQ44:DR44) -> 0
A45: 29 | B45: 1DS21AI052 | C45: SUPRITH A S | D45: 6 | H45: 5 | L45: 6 | X45: 5 | AB45: 7 | AJ45: 6 | AN45: 7 | AR45: 10 | BD45: 9 | BL45: 9 | BP45: 9 | BT45: 8 | BX45: 9 | CJ45: 10 | CR45: 9 | CV45: 10 | CW45: 10 | DA45: 43 | DB45: 85 | DC45: 42 | DE45: A+ | DG45: =IF(D$7="YES",'CIA MARKS'!DX42,"") -> 43 | DH45: =IF(D$8="YES",'CIA MARKS'!EH42,"") | DI45: =IF(D$9="YES",'CIA MARKS'!EJ42,"") | DJ45: =IF(Theory!D$7="YES",DC45, IF(Theory!D$8="YES",Lab!K37, IF(Theory!D$9="YES",DC45,""))) -> 42 | DS45: =SUM(DQ45:DR45) -> 0
A46: 30 | B46: 1DS21AI053 | C46: UDAYASURYA S | AJ46: 5 | AN46: 3 | AZ46: 8 | BH46: 2 | BP46: 7 | BT46: 7 | BX46: 8 | CJ46: 7 | CN46: 7 | CV46: 10 | CW46: 10 | DA46: 32 | DB46: 71 | DC46: 39 | DE46: A | DG46: =IF(D$7="YES",'CIA MARKS'!DX43,"") -> 31 | DH46: =IF(D$8="YES",'CIA MARKS'!EH43,"") | DI46: =IF(D$9="YES",'CIA MARKS'!EJ43,"") | DJ46: =IF(Theory!D$7="YES",DC46, IF(Theory!D$8="YES",Lab!K38, IF(Theory!D$9="YES",DC46,""))) -> 39 | DS46: =SUM(DQ46:DR46) -> 0
A47: 31 | B47: 1DS21AI054 | C47: VELPULA JASWANTH REDDY | D47: 9 | H47: 9 | L47: 8 | X47: 10 | AB47: 10 | AJ47: 9 | AN47: 10 | AR47: 9 | AZ47: 8 | BH47: 8 | BP47: 10 | BT47: 9 | BX47: 8 | CF47: 10 | CN47: 10 | CV47: 10 | CW47: 10 | DA47: 47 | DB47: 91 | DC47: 44 | DE47: O | DG47: =IF(D$7="YES",'CIA MARKS'!DX44,"") -> 47 | DH47: =IF(D$8="YES",'CIA MARKS'!EH44,"") | DI47: =IF(D$9="YES",'CIA MARKS'!EJ44,"") | DJ47: =IF(Theory!D$7="YES",DC47, IF(Theory!D$8="YES",Lab!K39, IF(Theory!D$9="YES",DC47,""))) -> 44 | DS47: =SUM(DQ47:DR47) -> 0
A48: 32 | B48: 1DS21AI055 | C48: VIDYA V | D48: 9 | H48: 7 | L48: 8 | X48: 9 | AF48: 10 | AJ48: 10 | AN48: 10 | AV48: 10 | AZ48: 8 | BH48: 8 | BP48: 10 | BT48: 10 | CB48: 10 | CF48: 10 | CN48: 10 | CV48: 10 | CW48: 10 | DA48: 48 | DB48: 91 | DC48: 43 | DE48: O | DG48: =IF(D$7="YES",'CIA MARKS'!DX45,"") -> 48 | DH48: =IF(D$8="YES",'CIA MARKS'!EH45,"") | DI48: =IF(D$9="YES",'CIA MARKS'!EJ45,"") | DJ48: =IF(Theory!D$7="YES",DC48, IF(Theory!D$8="YES",Lab!K40, IF(Theory!D$9="YES",DC48,""))) -> 43 | DS48: =SUM(DQ48:DR48) -> 0
A49: 33 | B49: 1DS21AI056 | C49: YARASINGU SHANMUKHA PRIYA | AJ49: 9 | AN49: 6 | AR49: 10 | AZ49: 8 | BH49: 8 | BP49: 7 | BT49: 7 | BX49: 8 | CF49: 6 | CV49: 10 | CW49: 10 | DA49: 34 | DB49: 72 | DC49: 38 | DE49: A | DG49: =IF(D$7="YES",'CIA MARKS'!DX46,"") -> 34 | DH49: =IF(D$8="YES",'CIA MARKS'!EH46,"") | DI49: =IF(D$9="YES",'CIA MARKS'!EJ46,"") | DJ49: =IF(Theory!D$7="YES",DC49, IF(Theory!D$8="YES",Lab!K41, IF(Theory!D$9="YES",DC49,""))) -> 38 | DS49: =SUM(DQ49:DR49) -> 0
A50: 34 | B50: 1DS21AI057 | C50: YASH GOVIL | D50: 9 | H50: 10 | L50: 8 | T50: 8 | AB50: 9 | AJ50: 10 | AN50: 9 | AR50: 10 | AZ50: 9 | BH50: 10 | BP50: 8 | BT50: 8 | CB50: 8 | CF50: 9 | CR50: 9 | CV50: 10 | CW50: 10 | DA50: 47 | DB50: 91 | DC50: 44 | DE50: O | DG50: =IF(D$7="YES",'CIA MARKS'!DX47,"") -> 47 | DH50: =IF(D$8="YES",'CIA MARKS'!EH47,"") | DI50: =IF(D$9="YES",'CIA MARKS'!EJ47,"") | DJ50: =IF(Theory!D$7="YES",DC50, IF(Theory!D$8="YES",Lab!K42, IF(Theory!D$9="YES",DC50,""))) -> 44 | DS50: =SUM(DQ50:DR50) -> 0
A51: 35 | B51: 1DS21AI058 | C51: YASHAS A M | D51: 7 | H51: 8 | L51: 8 | X51: 10 | AB51: 10 | AJ51: 10 | AN51: 8 | AR51: 10 | AZ51: 8 | BH51: 10 | BP51: 10 | BT51: 9 | CB51: 10 | CF51: 10 | CR51: 8 | CV51: 10 | CW51: 10 | DA51: 47 | DB51: 90 | DC51: 43 | DE51: O | DG51: =IF(D$7="YES",'CIA MARKS'!DX48,"") -> 47 | DH51: =IF(D$8="YES",'CIA MARKS'!EH48,"") | DI51: =IF(D$9="YES",'CIA MARKS'!EJ48,"") | DJ51: =IF(Theory!D$7="YES",DC51, IF(Theory!D$8="YES",Lab!K43, IF(Theory!D$9="YES",DC51,""))) -> 43 | DS51: =SUM(DQ51:DR51) -> 0
A52: 36 | B52: 1DS22AI400 | C52: AKSHATA PUJAR | D52: 7 | H52: 6 | L52: 7 | T52: 7 | AB52: 8 | AJ52: 9 | AN52: 6 | AR52: 9 | AZ52: 8 | BH52: 8 | BP52: 9 | BT52: 6 | CB52: 8 | CF52: 10 | CR52: 10 | CV52: 10 | CW52: 10 | DA52: 44 | DB52: 85 | DC52: 41 | DE52: A+ | DG52: =IF(D$7="YES",'CIA MARKS'!DX49,"") -> 44 | DH52: =IF(D$8="YES",'CIA MARKS'!EH49,"") | DI52: =IF(D$9="YES",'CIA MARKS'!EJ49,"") | DJ52: =IF(Theory!D$7="YES",DC52, IF(Theory!D$8="YES",Lab!K44, IF(Theory!D$9="YES",DC52,""))) -> 41 | DS52: =SUM(DQ52:DR52) -> 0
A53: 37 | B53: 1DS22AI401 | C53: MEGHANA M D | D53: 9 | H53: 7 | L53: 7 | X53: 8 | AB53: 9 | AJ53: 8 | AN53: 9 | AR53: 9 | AZ53: 8 | BH53: 8 | BP53: 7 | BT53: 6 | BX53: 9 | CF53: 9 | CR53: 10 | CV53: 10 | CW53: 10 | DA53: 45 | DB53: 87 | DC53: 42 | DE53: A+ | DG53: =IF(D$7="YES",'CIA MARKS'!DX50,"") -> 45 | DH53: =IF(D$8="YES",'CIA MARKS'!EH50,"") | DI53: =IF(D$9="YES",'CIA MARKS'!EJ50,"") | DJ53: =IF(Theory!D$7="YES",DC53, IF(Theory!D$8="YES",Lab!K45, IF(Theory!D$9="YES",DC53,""))) -> 42 | DS53: =SUM(DQ53:DR53) -> 0
A54: 38 | B54: 1DS22AI405 | C54: SHAIK SUHANA | D54: 8 | H54: 8 | L54: 7 | T54: 9 | AF54: 9 | AJ54: 8 | AN54: 9 | AR54: 10 | AZ54: 8 | BH54: 10 | BP54: 10 | BT54: 10 | CB54: 8 | CF54: 8 | CR54: 10 | CV54: 10 | CW54: 10 | DA54: 46 | DB54: 92 | DC54: 46 | DE54: O | DG54: =IF(D$7="YES",'CIA MARKS'!DX51,"") -> 47 | DH54: =IF(D$8="YES",'CIA MARKS'!EH51,"") | DI54: =IF(D$9="YES",'CIA MARKS'!EJ51,"") | DJ54: =IF(Theory!D$7="YES",DC54, IF(Theory!D$8="YES",Lab!K46, IF(Theory!D$9="YES",DC54,""))) -> 46 | DS54: =SUM(DQ54:DR54) -> 0
A55: 39 | B55: 1DS22AI404 | C55: S B GAGAN | D55: 5 | H55: 4 | L55: 5 | AB55: 7 | AJ55: 6 | AN55: 6 | AR55: 8 | BP55: 9 | BT55: 8 | CB55: 9 | CJ55: 8 | CN55: 9 | CV55: 10 | CW55: 10 | DA55: 37 | DB55: 71 | DC55: 34 | DE55: A | DG55: =IF(D$7="YES",'CIA MARKS'!DX52,"") -> 37 | DH55: =IF(D$8="YES",'CIA MARKS'!EH52,"") | DI55: =IF(D$9="YES",'CIA MARKS'!EJ52,"") | DJ55: =IF(Theory!D$7="YES",DC55, IF(Theory!D$8="YES",Lab!K47, IF(Theory!D$9="YES",DC55,""))) -> 34 | DS55: =SUM(DQ55:DR55) -> 0
A56: 40 | B56: 1DS22AI406 | C56: SHASHANK L S | D56: 6 | H56: 6 | L56: 5 | X56: 8 | AB56: 6 | AJ56: 6 | AN56: 7 | AR56: 8 | BD56: 7 | BH56: 8 | BP56: 8 | BT56: 7 | BX56: 7 | CF56: 8 | CR56: 9 | CV56: 10 | CW56: 10 | DA56: 41 | DB56: 80 | DC56: 39 | DE56: A+ | DG56: =IF(D$7="YES",'CIA MARKS'!DX53,"") -> 41 | DH56: =IF(D$8="YES",'CIA MARKS'!EH53,"") | DI56: =IF(D$9="YES",'CIA MARKS'!EJ53,"") | DJ56: =IF(Theory!D$7="YES",DC56, IF(Theory!D$8="YES",Lab!K48, IF(Theory!D$9="YES",DC56,""))) -> 39 | DS56: =SUM(DQ56:DR56) -> 0
A57: 41 | DG57: =IF(D$7="YES",'CIA MARKS'!DX54,"") -> #N/A | DH57: =IF(D$8="YES",'CIA MARKS'!EH54,"") | DI57: =IF(D$9="YES",'CIA MARKS'!EJ54,"") | DJ57: =IF(Theory!D$7="YES",DC57, IF(Theory!D$8="YES",Lab!K49, IF(Theory!D$9="YES",DC57,""))) -> 0 | DS57: =SUM(DQ57:DR57) -> 0
A58: 42 | DG58: =IF(D$7="YES",'CIA MARKS'!DX55,"") -> #N/A | DH58: =IF(D$8="YES",'CIA MARKS'!EH55,"") | DI58: =IF(D$9="YES",'CIA MARKS'!EJ55,"") | DJ58: =IF(Theory!D$7="YES",DC58, IF(Theory!D$8="YES",Lab!K50, IF(Theory!D$9="YES",DC58,""))) -> 0 | DS58: =SUM(DQ58:DR58) -> 0
A59: 43 | DG59: =IF(D$7="YES",'CIA MARKS'!DX56,"") -> #N/A | DH59: =IF(D$8="YES",'CIA MARKS'!EH56,"") | DI59: =IF(D$9="YES",'CIA MARKS'!EJ56,"") | DJ59: =IF(Theory!D$7="YES",DC59, IF(Theory!D$8="YES",Lab!K51, IF(Theory!D$9="YES",DC59,""))) -> 0 | DS59: =SUM(DQ59:DR59) -> 0
A60: 44 | DG60: =IF(D$7="YES",'CIA MARKS'!DX57,"") -> #N/A | DH60: =IF(D$8="YES",'CIA MARKS'!EH57,"") | DI60: =IF(D$9="YES",'CIA MARKS'!EJ57,"") | DJ60: =IF(Theory!D$7="YES",DC60, IF(Theory!D$8="YES",Lab!K52, IF(Theory!D$9="YES",DC60,""))) -> 0 | DS60: =SUM(DQ60:DR60) -> 0
A61: 45 | DG61: =IF(D$7="YES",'CIA MARKS'!DX58,"") -> #N/A | DH61: =IF(D$8="YES",'CIA MARKS'!EH58,"") | DI61: =IF(D$9="YES",'CIA MARKS'!EJ58,"") | DJ61: =IF(Theory!D$7="YES",DC61, IF(Theory!D$8="YES",Lab!K53, IF(Theory!D$9="YES",DC61,""))) -> 0 | DS61: =SUM(DQ61:DR61) -> 0
A62: 46 | DG62: =IF(D$7="YES",'CIA MARKS'!DX59,"") -> #N/A | DH62: =IF(D$8="YES",'CIA MARKS'!EH59,"") | DI62: =IF(D$9="YES",'CIA MARKS'!EJ59,"") | DJ62: =IF(Theory!D$7="YES",DC62, IF(Theory!D$8="YES",Lab!K54, IF(Theory!D$9="YES",DC62,""))) -> 0 | DS62: =SUM(DQ62:DR62) -> 0
A63: 47 | DG63: =IF(D$7="YES",'CIA MARKS'!DX60,"") -> #N/A | DH63: =IF(D$8="YES",'CIA MARKS'!EH60,"") | DI63: =IF(D$9="YES",'CIA MARKS'!EJ60,"") | DJ63: =IF(Theory!D$7="YES",DC63, IF(Theory!D$8="YES",Lab!K55, IF(Theory!D$9="YES",DC63,""))) -> 0 | DS63: =SUM(DQ63:DR63) -> 0
A64: 48 | DG64: =IF(D$7="YES",'CIA MARKS'!DX61,"") -> #N/A | DH64: =IF(D$8="YES",'CIA MARKS'!EH61,"") | DI64: =IF(D$9="YES",'CIA MARKS'!EJ61,"") | DJ64: =IF(Theory!D$7="YES",DC64, IF(Theory!D$8="YES",Lab!K56, IF(Theory!D$9="YES",DC64,""))) -> 0 | DS64: =SUM(DQ64:DR64) -> 0
A65: 49 | DG65: =IF(D$7="YES",'CIA MARKS'!DX62,"") -> #N/A | DH65: =IF(D$8="YES",'CIA MARKS'!EH62,"") | DI65: =IF(D$9="YES",'CIA MARKS'!EJ62,"") | DJ65: =IF(Theory!D$7="YES",DC65, IF(Theory!D$8="YES",Lab!K57, IF(Theory!D$9="YES",DC65,""))) -> 0 | DS65: =SUM(DQ65:DR65) -> 0
A66: 50 | DG66: =IF(D$7="YES",'CIA MARKS'!DX63,"") -> #N/A | DH66: =IF(D$8="YES",'CIA MARKS'!EH63,"") | DI66: =IF(D$9="YES",'CIA MARKS'!EJ63,"") | DJ66: =IF(Theory!D$7="YES",DC66, IF(Theory!D$8="YES",Lab!K58, IF(Theory!D$9="YES",DC66,""))) -> 0 | DS66: =SUM(DQ66:DR66) -> 0
A67: 51 | DG67: =IF(D$7="YES",'CIA MARKS'!DX64,"") -> #N/A | DH67: =IF(D$8="YES",'CIA MARKS'!EH64,"") | DI67: =IF(D$9="YES",'CIA MARKS'!EJ64,"") | DJ67: =IF(Theory!D$7="YES",DC67, IF(Theory!D$8="YES",Lab!K59, IF(Theory!D$9="YES",DC67,""))) -> 0 | DS67: =SUM(DQ67:DR67) -> 0
A68: 52 | DG68: =IF(D$7="YES",'CIA MARKS'!DX65,"") -> #N/A | DH68: =IF(D$8="YES",'CIA MARKS'!EH65,"") | DI68: =IF(D$9="YES",'CIA MARKS'!EJ65,"") | DJ68: =IF(Theory!D$7="YES",DC68, IF(Theory!D$8="YES",Lab!K60, IF(Theory!D$9="YES",DC68,""))) -> 0 | DS68: =SUM(DQ68:DR68) -> 0
... A83: 67 | DG83: =IF(D$7="YES",'CIA MARKS'!DX80,"") -> #N/A | DH83: =IF(D$8="YES",'CIA MARKS'!EH80,"") | DI83: =IF(D$9="YES",'CIA MARKS'!EJ80,"") | DJ83: =IF(Theory!D$7="YES",DC83, IF(Theory!D$8="YES",Lab!K75, IF(Theory!D$9="YES",DC83,""))) -> 0 | DS83: =SUM(DQ83:DR83) -> 0
C84: A=No. of Students Attempted the Question | D84: =COUNTIFS(D17:D83,"<>AB",D17:D83,"<>NA",D17:D83,"<>") -> 35 | H84: =COUNTIFS(H17:H83,"<>AB",H17:H83,"<>NA",H17:H83,"<>") -> 35 | I84: =COUNTIFS(I17:I83,"<>AB",I17:I83,"<>NA",I17:I83,"<>") -> 0 | L84: =COUNTIFS(L17:L83,"<>AB",L17:L83,"<>NA",L17:L83,"<>") -> 30 | P84: =COUNTIFS(P17:P83,"<>AB",P17:P83,"<>NA",P17:P83,"<>") -> 6 | Q84: =COUNTIFS(Q17:Q83,"<>AB",Q17:Q83,"<>NA",Q17:Q83,"<>") -> 0 | T84: =COUNTIFS(T17:T83,"<>AB",T17:T83,"<>NA",T17:T83,"<>") -> 21 | X84: =COUNTIFS(X17:X83,"<>AB",X17:X83,"<>NA",X17:X83,"<>") -> 14 | Y84: =COUNTIFS(Y17:Y83,"<>AB",Y17:Y83,"<>NA",Y17:Y83,"<>") -> 0 | AB84: =COUNTIFS(AB17:AB83,"<>AB",AB17:AB83,"<>NA",AB17:AB83,"<>") -> 28 | AD84: =COUNTIFS(AD17:AD83,"<>AB",AD17:AD83,"<>NA",AD17:AD83,"<>") -> 0 | AE84: =COUNTIFS(AE17:AE83,"<>AB",AE17:AE83,"<>NA",AE17:AE83,"<>") -> 0 | AJ84: =COUNTIFS(AJ17:AJ83,"<>AB",AJ17:AJ83,"<>NA",AJ17:AJ83,"<>") -> 36 | AN84: =COUNTIFS(AN17:AN83,"<>AB",AN17:AN83,"<>NA",AN17:AN83,"<>") -> 39 | AR84: =COUNTIFS(AR17:AR83,"<>AB",AR17:AR83,"<>NA",AR17:AR83,"<>") -> 35 | AV84: =COUNTIFS(AV17:AV83,"<>AB",AV17:AV83,"<>NA",AV17:AV83,"<>") -> 4 | AW84: =COUNTIFS(AW17:AW83,"<>AB",AW17:AW83,"<>NA",AW17:AW83,"<>") -> 0 | AZ84: =COUNTIFS(AZ17:AZ83,"<>AB",AZ17:AZ83,"<>NA",AZ17:AZ83,"<>") -> 30 | BD84: =COUNTIFS(BD17:BD83,"<>AB",BD17:BD83,"<>NA",BD17:BD83,"<>") -> 8 | BH84: =COUNTIFS(BH17:BH83,"<>AB",BH17:BH83,"<>NA",BH17:BH83,"<>") -> 30 | BP84: =COUNTIFS(BP17:BP83,"<>AB",BP17:BP83,"<>NA",BP17:BP83,"<>") -> 38 | BT84: =COUNTIFS(BT18:BT83,"<>AB",BT18:BT83,"<>NA",BT18:BT83,"<>") -> 38 | BX84: =COUNTIFS(BX17:BX83,"<>AB",BX17:BX83,"<>NA",BX17:BX83,"<>") -> 21 | CB84: =COUNTIFS(CB17:CB83,"<>AB",CB17:CB83,"<>NA",CB17:CB83,"<>") -> 20 | CC84: =COUNTIFS(CC17:CC83,"<>AB",CC17:CC83,"<>NA",CC17:CC83,"<>") -> 0 | CF84: =COUNTIFS(CF17:CF83,"<>AB",CF17:CF83,"<>NA",CF17:CF83,"<>") -> 25 | CJ84: =COUNTIFS(CJ17:CJ83,"<>AB",CJ17:CJ83,"<>NA",CJ17:CJ83,"<>") -> 14 | CK84: =COUNTIFS(CK17:CK83,"<>AB",CK17:CK83,"<>NA",CK17:CK83,"<>") -> 0 | CN84: =COUNTIFS(CN17:CN83,"<>AB",CN17:CN83,"<>NA",CN17:CN83,"<>") -> 18 | CV84: =COUNTIFS(CV17:CV83,"<>AB",CV17:CV83,"<>NA",CV17:CV83,"<>") -> 40 | CW84: =COUNTIFS(CW17:CW83,"<>AB",CW17:CW83,"<>NA",CW17:CW83,"<>") -> 40 | DC84: =COUNTIFS(DC17:DC83,"<>AB",DC17:DC83,"<>NA",DC17:DC83,"<>") -> 40 | DD84: =COUNTIFS(DD17:DD83,"<>AB",DD17:DD83,"<>NA",DD17:DD83,"<>") -> 0 | DE84: =COUNTIFS(DE17:DE83,"<>AB",DE17:DE83,"<>NA",DE17:DE83,"<>") -> 40
B85: =COUNTIF(B17:B83,"<>"&"") -> 40 | C85: B=Sum of Marks > 60% | D85: =SUMIF(D17:D83,">="&D15,D17:D83) -> 224 | H85: =SUMIF(H17:H83,">="&H15,H17:H83) -> 214 | I85: =SUMIF(I17:I83,">="&I15,I17:I83) -> 0 | L85: =SUMIF(L17:L83,">="&L15,L17:L83) -> 204 | P85: =SUMIF(P17:P83,">="&P15,P17:P83) -> 22 | Q85: =SUMIF(Q17:Q83,">="&Q15,Q17:Q83) -> 0 | T85: =SUMIF(T17:T83,">="&T15,T17:T83) -> 144 | X85: =SUMIF(X17:X83,">="&X15,X17:X83) -> 94 | Y85: =SUMIF(Y17:Y83,">="&Y15,Y17:Y83) -> 0 | AB85: =SUMIF(AB17:AB83,">="&AB15,AB17:AB83) -> 211 | AD85: =SUMIF(AD17:AD83,">="&AD15,AD17:AD83) -> 0 | AE85: =SUMIF(AE17:AE83,">="&AE15,AE17:AE83) -> 0 | AJ85: =SUMIF(AJ17:AJ83,">="&AJ15,AJ17:AJ83) -> 262 | AN85: =SUMIF(AN17:AN83,">="&AN15,AN17:AN83) -> 286 | AR85: =SUMIF(AR17:AR83,">="&AR15,AR17:AR83) -> 316 | AV85: =SUMIF(AV17:AV83,">="&AV15,AV17:AV83) -> 19 | AW85: =SUMIF(AW17:AW83,">="&AW15,AW17:AW83) -> 0 | AZ85: =SUMIF(AZ17:AZ83,">="&AZ15,AZ17:AZ83) -> 229 | BD85: =SUMIF(BD17:BD83,">="&BD15,BD17:BD83) -> 38 | BH85: =SUMIF(BH17:BH83,">="&BH15,BH17:BH83) -> 258 | BP85: =SUMIF(BP17:BP83,">="&BP15,BP17:BP83) -> 285 | BT85: =SUMIF(BT18:BT83,">="&BT15,BT18:BT83) -> 275 | BX85: =SUMIF(BX17:BX83,">="&BX15,BX17:BX83) -> 169 | CB85: =SUMIF(CB17:CB83,">="&CB15,CB17:CB83) -> 170 | CC85: =SUMIF(CC17:CC83,">="&CC15,CC17:CC83) -> 0 | CF85: =SUMIF(CF17:CF83,">="&CF15,CF17:CF83) -> 227 | CJ85: =SUMIF(CJ17:CJ83,">="&CJ15,CJ17:CJ83) -> 112 | CK85: =SUMIF(CK17:CK83,">="&CK15,CK17:CK83) -> 0 | CN85: =SUMIF(CN17:CN83,">="&CN15,CN17:CN83) -> 134 | CV85: =SUMIF(CV17:CV83,">="&CV15,CV17:CV83) -> 400 | CW85: =SUMIF(CW17:CW83,">="&CW15,CW17:CW83) -> 390 | DC85: =SUMIF(DC17:DC83,">="&DC15,DC17:DC83) -> 1531 | DD85: =SUMIF(DD17:DD83,">="&DD15,DD17:DD83) -> 0 | DE85: =SUMIF(DE17:DE83,">="&DE15,DE17:DE83) -> 0
C86: CO Attainment = B/A | D86: =IF(D84<>0,((D85/D84)/D14)*100,0) -> 64 | H86: =IF(H84<>0,((H85/H84)/H14)*100,0) -> 61.142857 | I86: =IF(I84<>0,((I85/I84)/I14)*100,0) -> 0 | L86: =IF(L84<>0,((L85/L84)/L14)*100,0) -> 68 | P86: =IF(P84<>0,((P85/P84)/P14)*100,0) -> 36.666667 | Q86: =IF(Q84<>0,((Q85/Q84)/Q14)*100,0) -> 0 | R86: =IF(R84<>0,((R85/R84)/R14)*100,0) -> 0 | T86: =IF(T84<>0,((T85/T84)/T14)*100,0) -> 68.571429 | X86: =IF(X84<>0,((X85/X84)/X14)*100,0) -> 67.142857 | Y86: =IF(Y84<>0,((Y85/Y84)/Y14)*100,0) -> 0 | AB86: =IF(AB84<>0,((AB85/AB84)/AB14)*100,0) -> 75.357143 | AD86: =IF(AD84<>0,((AD85/AD84)/AD14)*100,0) -> 0 | AE86: =IF(AE84<>0,((AE85/AE84)/AE14)*100,0) -> 0 | AJ86: =IF(AJ84<>0,((AJ85/AJ84)/AJ14)*100,0) -> 72.777778 | AN86: =IF(AN84<>0,((AN85/AN84)/AN14)*100,0) -> 146.66667 | AR86: =IF(AR84<>0,((AR85/AR84)/AR14)*100,0) -> 90.285714 | AV86: =IF(AV84<>0,((AV85/AV84)/AV14)*100,0) -> 47.5 | AW86: =IF(AW84<>0,((AW85/AW84)/AW14)*100,0) -> 0 | AZ86: =IF(AZ84<>0,((AZ85/AZ84)/AZ14)*100,0) -> 76.333333 | BD86: =IF(BD84<>0,((BD85/BD84)/BD14)*100,0) -> 47.5 | BH86: =IF(BH84<>0,((BH85/BH84)/BH14)*100,0) -> 86 | BP86: =IF(BP84<>0,((BP85/BP84)/BP14)*100,0) -> 75 | BT86: =IF(BT84<>0,((BT85/BT84)/BT14)*100,0) -> 72.368421 | BX86: =IF(BX84<>0,((BX85/BX84)/BX14)*100,0) -> 80.47619 | CB86: =IF(CB84<>0,((CB85/CB84)/CB14)*100,0) -> 85 | CC86: =IF(CC84<>0,((CC85/CC84)/CC14)*100,0) -> 0 | CF86: =IF(CF84<>0,((CF85/CF84)/CF14)*100,0) -> 90.8 | CJ86: =IF(CJ84<>0,((CJ85/CJ84)/CJ14)*100,0) -> 80 | CK86: =IF(CK84<>0,((CK85/CK84)/CK14)*100,0) -> 0 | CN86: =IF(CN84<>0,((CN85/CN84)/CN14)*100,0) -> 74.444444 | CV86: =IF(CV84<>0,((CV85/CV84)/CV14)*100,0) -> 100 | CW86: =IF(CW84<>0,((CW85/CW84)/CW14)*100,0) -> 97.5 | DC86: =IF(DC84<>0,((DC85/DC84)/DC14)*100,0) -> 76.55 | DD86: =IF(DD84<>0,((DD85/DD84)/DD14)*100,0) -> 0 | DE86: =(COUNTIF(DE17:DE83,"=O")*10+COUNTIF(DE17:DE83,"=A+")*9+COUNTIF(DE17:DE83,"=A")*8+COUNTIF(DE17:DE83,"=B+")*7+COUNTIF(DE17:DE83,"=B")*6+COUNTIF(DE17:DE83,"=C")*5.5+COUNTIF(DE17:DE83,"=P")*5+COUNTIF(DE17:DE83,"=F")*4)/(10*COUNTIF(DE17:DE83,"<>"&""))*100 -> 87.375
B88: Enter the Cell Range of CO Mapped : | C88: Co Mapped 1st Column | D88: D12
C89: Co Mapped Last Column | D89: DD12 | M89: s
B90: Enter the Cell Range of CO Attainment : | C90: Cell number of Co Attainment of 1st Question) | D90: D86
C91: Cell number of Co Attainment of Last Question) | D91: DD86

Sheet Lab
D3: Continuous Internal Evaluation-(CIE) | G3: Test | J3: FINAL LAB MARKS
C4: POs Mapped
C5: COs mapped
C6: Maximum Marks
C7: Marks to reach Performance (60% and above of Max. Marks) | D7: =0.6*D6 -> 0 | E7: =0.6*E6 -> 0 | F7: =0.6*F6 -> 0 | G7: =0.6*G6 -> 0 | H7: =0.6*H6 -> 0 | I7: =0.6*I6 -> 0 | J7: =0.6*J6 -> 0
A8: Sl No. | B8: USN | C8: Names | D8: COMPONENT-1 | G8: COMPONENT-2 | J8: CIA | K8: SEE
A9: 1 | B9: =Theory!B17 -> 1DS21AI001 | C9: =Theory!C17 -> ADITHYA N AWATI
A10: 2 | B10: =Theory!B18 -> 1DS21AI002 | C10: =Theory!C18 -> AMIT A
A11: 3 | B11: =Theory!B19 -> 1DS21AI005 | C11: =Theory!C19 -> ANKUSH G
A12: 4 | B12: =Theory!B20 -> 1DS21AI006 | C12: =Theory!C20 -> ARYAMAN SAXENA
A13: 5 | B13: =Theory!B21 -> 1DS21AI007 | C13: =Theory!C21 -> ASHWIN SAI G
A14: 6 | B14: =Theory!B22 -> 1DS21AI009 | C14: =Theory!C22 -> BHARGAVI K
A15: 7 | B15: =Theory!B23 -> 1DS21AI014 | C15: =Theory!C23 -> DARSHAN R
A16: 8 | B16: =Theory!B24 -> 1DS21AI017 | C16: =Theory!C24 -> FATIMA ANEES MULLA
A17: 9 | B17: =Theory!B25 -> 1DS21AI019 | C17: =Theory!C25 -> HARIKRISHNA M
A18: 10 | B18: =Theory!B26 -> 1DS21AI020 | C18: =Theory!C26 -> HARSHITHA B
A19: 11 | B19: =Theory!B27 -> 1DS21AI021 | C19: =Theory!C27 -> HARSHITHA S
A20: 12 | B20: =Theory!B28 -> 1DS21AI023 | C20: =Theory!C28 -> HITHA N
... A75: 67 | B75: =Theory!B83 -> 0 | C75: =Theory!C83 -> 0
C82: A=No. of Students Attempted the Question | D82: =COUNTIFS(D9:D78,"<>AB",D9:D78,"<>NA",D9:D78,"<>") -> 0 | E82: =COUNTIFS(E9:E78,"<>AB",E9:E78,"<>NA",E9:E78,"<>") -> 0 | F82: =COUNTIFS(F9:F78,"<>AB",F9:F78,"<>NA",F9:F78,"<>") -> 0 | G82: =COUNTIFS(G9:G78,"<>AB",G9:G78,"<>NA",G9:G78,"<>") -> 0 | H82: =COUNTIFS(H9:H78,"<>AB",H9:H78,"<>NA",H9:H78,"<>") -> 0 | I82: =COUNTIFS(I9:I78,"<>AB",I9:I78,"<>NA",I9:I78,"<>") -> 0 | J82: =COUNTIFS(J9:J78,"<>AB",J9:J78,"<>NA",J9:J78,"<>") -> 0 | K82: =COUNTIFS(K12:K81,"<>AB",K12:K81,"<>NA",K12:K81,"<>") -> 0
C83: B=Sum of Marks > 60% | D83: =SUMIF(D9:D78,">="&D7,D9:D78) -> 0 | E83: =SUMIF(E9:E78,">="&E7,E9:E78) -> 0 | F83: =SUMIF(F9:F78,">="&F7,F9:F78) -> 0 | G83: =SUMIF(G9:G78,">="&G7,G9:G78) -> 0 | H83: =SUMIF(H9:H78,">="&H7,H9:H78) -> 0 | I83: =SUMIF(I9:I78,">="&I7,I9:I78) -> 0 | J83: =SUMIF(J9:J78,">="&J7,J9:J78) -> 0 | K83: =SUMIF(K12:K81,">="&K10,K12:K81) -> 0
C84: CO Attainment = B/A | D84: =IF(D82<>0,((D83/D82)/D6)*100,0) -> 0 | E84: =IF(E82<>0,((E83/E82)/E6)*100,0) -> 0 | F84: =IF(F82<>0,((F83/F82)/F6)*100,0) -> 0 | G84: =IF(G82<>0,((G83/G82)/G6)*100,0) -> 0 | H84: =IF(H82<>0,((H83/H82)/H6)*100,0) -> 0 | I84: =IF(I82<>0,((I83/I82)/I6)*100,0) -> 0 | J84: =IF(J82<>0,((J83/J82)/J6)*100,0) -> 0 | K84: =VALUE(IF(K82<>0,(COUNTIF(K12:K81,"=S")*10+COUNTIF(K12:K81,"=A")*9+COUNTIF(K12:K81,"=B")*8+COUNTIF(K12:K81,"=C")*7+COUNTIF(K12:K81,"=D")*5+COUNTIF(K12:K81,"=E")*4)/(10*COUNTIF(K12:K81,"<>"&""))*100,0)) -> 0
C88: CO Attainment of LAB Total Percentage (Average) | D88: CO1 | E88: CO2 | F88: CO3 | G88: CO4 | H88: CO5 | I88: CO6
C89: CO Attainment | D89: {=IFERROR( AVERAGE(_xlfn._xlws.FILTER(D84:I84,_xlfn.BYCOL(D5:I5, _xlfn.LAMBDA(_xlpm.x, ISNUMBER(MATCH(1, --_xlfn.TEXTSPLIT(_xlpm.x, ","), 0)))))),"")} | E89: {=IFERROR( AVERAGE(_xlfn._xlws.FILTER(D84:I84,_xlfn.BYCOL(D5:I5, _xlfn.LAMBDA(_xlpm.x, ISNUMBER(MATCH(2, --_xlfn.TEXTSPLIT(_xlpm.x, ","), 0)))))),"")} | F89: {=IFERROR( AVERAGE(_xlfn._xlws.FILTER(D84:I84,_xlfn.BYCOL(D5:I5, _xlfn.LAMBDA(_xlpm.x, ISNUMBER(MATCH(3, --_xlfn.TEXTSPLIT(_xlpm.x, ","), 0)))))),"")} | G89: {=IFERROR( AVERAGE(_xlfn._xlws.FILTER(D84:I84,_xlfn.BYCOL(D5:I5, _xlfn.LAMBDA(_xlpm.x, ISNUMBER(MATCH(4, --_xlfn.TEXTSPLIT(_xlpm.x, ","), 0)))))),"")} | H89: {=IFERROR( AVERAGE(_xlfn._xlws.FILTER(D84:I84,_xlfn.BYCOL(D5:I5, _xlfn.LAMBDA(_xlpm.x, ISNUMBER(MATCH(5, --_xlfn.TEXTSPLIT(_xlpm.x, ","), 0)))))),"")} | I89: {=IFERROR( AVERAGE(_xlfn._xlws.FILTER(D84:I84,_xlfn.BYCOL(D5:I5, _xlfn.LAMBDA(_xlpm.x, ISNUMBER(MATCH(6, --_xlfn.TEXTSPLIT(_xlpm.x, ","), 0)))))),"")}
C96: PO Attainment (LAB) | D96: PO1 | E96: PO2 | F96: PO3 | G96: PO4 | H96: PO5 | I96: PO6 | J96: PO7 | K96: PO8 | L96: PO9 | M96: PO10 | N96: PO11 | O96: PO12
C97: Case 1 | D97: =IF(COUNTIFS($D$4:$I$4,"=*,1,*",$D84:$I84,"<>0")=0,0,SUMIF($D$4:$I$4,"=*,1,*",$D84:$I84)/COUNTIFS($D$4:$I$4,"=*,1,*",$D84:$I84,"<>0")) -> 0 | E97: =IF(COUNTIFS($D$4:$I$4,"=*,2,*",$D84:$I84,"<>0")=0,0,SUMIF($D$4:$I$4,"=*,2,*",$D84:$I84)/COUNTIFS($D$4:$I$4,"=*,2,*",$D84:$I84,"<>0")) -> 0 | F97: =IF(COUNTIFS($D$4:$I$4,"=*,3,*",$D84:$I84,"<>0")=0,0,SUMIF($D$4:$I$4,"=*,3,*",$D84:$I84)/COUNTIFS($D$4:$I$4,"=*,3,*",$D84:$I84,"<>0")) -> 0 | G97: =IF(COUNTIFS($D$4:$I$4,"=*,4,*",$D84:$I84,"<>0")=0,0,SUMIF($D$4:$I$4,"=*,4,*",$D84:$I84)/COUNTIFS($D$4:$I$4,"=*,4,*",$D84:$I84,"<>0")) -> 0 | H97: =IF(COUNTIFS($D$4:$I$4,"=*,5,*",$D84:$I84,"<>0")=0,0,SUMIF($D$4:$I$4,"=*,5,*",$D84:$I84)/COUNTIFS($D$4:$I$4,"=*,5,*",$D84:$I84,"<>0")) -> 0 | I97: =IF(COUNTIFS($D$4:$I$4,"=*,6,*",$D84:$I84,"<>0")=0,0,SUMIF($D$4:$I$4,"=*,6,*",$D84:$I84)/COUNTIFS($D$4:$I$4,"=*,6,*",$D84:$I84,"<>0")) -> 0 | J97: =IF(COUNTIFS($D$4:$I$4,"=*,7,*",$D84:$I84,"<>0")=0,0,SUMIF($D$4:$I$4,"=*,7,*",$D84:$I84)/COUNTIFS($D$4:$I$4,"=*,7,*",$D84:$I84,"<>0")) -> 0 | K97: =IF(COUNTIFS($D$4:$I$4,"=*,8,*",$D84:$I84,"<>0")=0,0,SUMIF($D$4:$I$4,"=*,8,*",$D84:$I84)/COUNTIFS($D$4:$I$4,"=*,8,*",$D84:$I84,"<>0")) -> 0 | L97: =IF(COUNTIFS($D$4:$I$4,"=*,9,*",$D84:$I84,"<>0")=0,0,SUMIF($D$4:$I$4,"=*,9,*",$D84:$I84)/COUNTIFS($D$4:$I$4,"=*,9,*",$D84:$I84,"<>0")) -> 0 | M97: =IF(COUNTIFS($D$4:$I$4,"=*,10,*",$D84:$I84,"<>0")=0,0,SUMIF($D$4:$I$4,"=*,10,*",$D84:$I84)/COUNTIFS($D$4:$I$4,"=*,10,*",$D84:$I84,"<>0")) -> 0 | N97: =IF(COUNTIFS($D$4:$I$4,"=*,11,*",$D84:$I84,"<>0")=0,0,SUMIF($D$4:$I$4,"=*,11,*",$D84:$I84)/COUNTIFS($D$4:$I$4,"=*,11,*",$D84:$I84,"<>0")) -> 0 | O97: =IF(COUNTIFS($D$4:$I$4,"=*,12,*",$D84:$I84,"<>0")=0,0,SUMIF($D$4:$I$4,"=*,12,*",$D84:$I84)/COUNTIFS($D$4:$I$4,"=*,12,*",$D84:$I84,"<>0")) -> 0

Sheet CIA MARKS
A2: =Theory!A7 -> STAND ALONE THEORY | C2: =Theory!D7 -> YES
A3: =Theory!A8 -> STAND ALONE LAB | C3: =Theory!D8 -> NO
A4: =Theory!A9 -> IPCC | C4: =Theory!D9 -> NO
A5: =Theory!A4 -> Academic Year : 2023 -24
A6: =Theory!D4 -> Scheme :2021-25
A7: =Theory!A6 -> COURSE TITLE :IoT & 5G | D7: =Theory!A10 -> 0 | S7: CO # | V7: CO1 | W7: CO2 | X7: CO3 | Y7: CO4 | Z7: CO5 | AA7: CO6
A8: =Theory!A5 -> COURSE CODE : 21AI643 | S8: CO Targets: | V8: 60 | W8: 60 | X8: 60 | Y8: 60 | Z8: 60 | AA8: 60 | AO8: IA1-TOTAL | CA8: IA2-TOTAL | DM8: IA3-TOTAL
A9: =Theory!Q4 -> Semester : 6th | D9: IAT-1 | AP9: IAT-2 | CB9: IAT-3 | DN9: CIA-1 (50) | DO9: CIA-2 (50) | DP9: CIA-3 (50) | DQ9: CIA-1 (30) | DR9: CIA-2 (30) | DS9: CIA-3 (30) | DT9: AVG CIA (30) | DU9: AAT (10) | DV9: QUIZ (10) | DW9: AAT+QUIZ (10+10) | DX9: THEORY CIA (50) | DY9: THEORY CIA (30) | DZ9: Lab-CIE (30) | ED9: LAB IA (20) | EH9: LAB (50) | EI9: LAB CIA (20) | EJ9: CIA | EK9: SEE | EM9: ATTENDANCE FOR CSV FILE
A10: Question maps to which course outcome? | D10: =Theory!D12 -> 0,1 | E10: =Theory!E12 -> 0 | F10: =Theory!F12 -> 0 | G10: =Theory!G12 -> 0 | I10: =Theory!H12 -> 0,1 | J10: =Theory!I12 -> 0 | K10: =Theory!J12 -> 0 | L10: =Theory!K12 -> 0 | N10: =Theory!L12 -> 0,1 | O10: =Theory!M12 -> 0 | P10: =Theory!N12 -> 0 | Q10: =Theory!O12 -> 0 | R10: =Theory!P12 -> 0,1 | S10: =Theory!Q12 -> 0 | T10: =Theory!R12 -> 0 | U10: =Theory!S12 -> 0 | W10: =Theory!T12 -> 0,1 | X10: =Theory!U12 -> 0 | Y10: =Theory!V12 -> 0 | Z10: =Theory!W12 -> 0 | AA10: =Theory!X12 -> 0,1 | AB10: =Theory!Y12 -> 0 | AC10: =Theory!Z12 -> 0 | AD10: =Theory!AA12 -> 0 | AF10: =Theory!AB12 -> 0,1 | AG10: =Theory!AC12 -> 0 | AH10: =Theory!AD12 -> 0 | AI10: =Theory!AE12 -> 0 | AJ10: =Theory!AF12 -> 0,1 | AK10: =Theory!AG12 -> 0 | AL10: =Theory!AH12 -> 0 | AM10: =Theory!AI12 -> 0 | AP10: =Theory!AJ12 -> 0,4 | AQ10: =Theory!AK12 -> 0 | AR10: =Theory!AL12 -> 0 | AS10: =Theory!AM12 -> 0 | AU10: =Theory!AN12 -> 0,4 | AV10: =Theory!AO12 -> 0,4 | AW10: =Theory!AP12 -> 0 | AX10: =Theory!AQ12 -> 0 | AZ10: =Theory!AR12 -> 0,2 | BA10: =Theory!AS12 -> 0 | BB10: =Theory!AT12 -> 0 | BC10: =Theory!AU12 -> 0 | BD10: =Theory!AV12 -> 0,2 | BE10: =Theory!AW12 -> 0 | BF10: =Theory!AX12 -> 0 | BG10: =Theory!AY12 -> 0 | BI10: =Theory!AZ12 -> 0,4 | BJ10: =Theory!BA12 -> 0 | BK10: =Theory!BB12 -> 0 | BL10: =Theory!BC12 -> 0 | BM10: =Theory!BD12 -> 0,4 | BN10: =Theory!BE12 -> 0 | BO10: =Theory!BF12 -> 0 | BP10: =Theory!BG12 -> 0 | BR10: =Theory!BH12 -> 0,4 | BS10: =Theory!BI12 -> 0 | BT10: =Theory!BJ12 -> 0 | BU10: =Theory!BK12 -> 0 | BV10: =Theory!BL12 -> 0,4 | BW10: =Theory!BM12 -> 0 | BX10: =Theory!BN12 -> 0 | BY10: =Theory!BO12 -> 0 | CB10: =Theory!BP12 -> 0,3 | CC10: =Theory!BQ12 -> 0 | CD10: =Theory!BR12 -> 0 | CE10: =Theory!BS12 -> 0 | CG10: =Theory!BT12 -> 0,4 | CH10: =Theory!BU12 -> 0 | CI10: =Theory!BV12 -> 0 | CJ10: =Theory!BW12 -> 0 | CL10: =Theory!BX12 -> 0,3 | CM10: =Theory!BY12 -> 0 | CN10: =Theory!BZ12 -> 0 | CO10: =Theory!CA12 -> 0 | CP10: =Theory!CB12 -> 0,3 | CQ10: =Theory!CC12 -> 0 | CR10: =Theory!CD12 -> 0 | CS10: =Theory!CE12 -> 0 | CU10: =Theory!CF12 -> 0,3 | CV10: =Theory!CG12 -> 0 | CW10: =Theory!CH12 -> 0 | CX10: =Theory!CI12 -> 0 | CY10: =Theory!CJ12 -> 0,3 | CZ10: =Theory!CK12 -> 0 | DA10: =Theory!CL12 -> 0 | DB10: =Theory!CM12 -> 0 | DD10: =Theory!CN12 -> 0,4 | DE10: =Theory!CO12 -> 0 | DF10: =Theory!CP12 -> 0 | DG10: =Theory!CQ12 -> 0 | DH10: =Theory!CR12 -> 0,4 | DI10: =Theory!CS12 -> 0 | DJ10: =Theory!CT12 -> 0 | DK10: =Theory!CU12 -> 0 | DY10: 0,1,2,3,4,5 | EI10: 0,5,6 | EJ10: 0,1,2,3,4,5,6 | EK10: 0,1,2,3,4 | EM10: ATTND (11/12) | EN10: ATTND (11/24) | EO10: ATTND (34/40) | EP10: ATTND (34/40) | EQ10: ATTND (11/12) | ER10: ATT-THEORY (34/40) | ES10: ATT-LAB (11/12)
D11: =Theory!D16 -> Q1A | E11: =Theory!E16 -> Q1B | F11: =Theory!F16 -> Q1C | G11: =Theory!G16 -> Q1D | I11: =Theory!H16 -> Q2A | J11: =Theory!I16 -> Q2B | K11: =Theory!J16 -> Q2C | L11: =Theory!K16 -> Q2D | N11: =Theory!L16 -> Q3A | O11: =Theory!M16 -> Q3B | P11: =Theory!N16 -> Q3C | Q11: =Theory!O16 -> Q3D | R11: =Theory!P16 -> Q4A | S11: =Theory!Q16 -> Q4B | T11: =Theory!R16 -> Q4C | U11: =Theory!S16 -> Q4D | W11: =Theory!T16 -> Q5A | X11: =Theory!U16 -> Q5B | Y11: =Theory!V16 -> Q5C | Z11: =Theory!W16 -> Q5D | AA11: =Theory!X16 -> Q6A | AB11: =Theory!Y16 -> Q6B | AC11: =Theory!Z16 -> Q6C | AD11: =Theory!AA16 -> Q6D | AF11: =Theory!AB16 -> Q7A | AG11: =Theory!AC16 -> Q7B | AH11: =Theory!AD16 -> Q7C | AI11: =Theory!AE16 -> Q7D | AJ11: =Theory!AF16 -> Q8A | AK11: =Theory!AG16 -> Q8B | AL11: =Theory!AH16 -> Q8C | AM11: =Theory!AI16 -> Q8D | AP11: =Theory!AJ16 -> Q1A | AQ11: =Theory!AK16 -> Q1A | AR11: =Theory!AL16 -> Q1C | AS11: =Theory!AM16 -> Q1D | AU11: =Theory!AN16 -> Q2A | AV11: =Theory!AO16 -> Q2A | AW11: =Theory!AP16 -> Q2C | AX11: =Theory!AQ16 -> Q2D | AZ11: =Theory!AR16 -> Q3A | BA11: =Theory!AS16 -> Q3B | BB11: =Theory!AT16 -> Q3C | BC11: =Theory!AU16 -> Q3D | BD11: =Theory!AV16 -> Q4A | BE11: =Theory!AW16 -> Q4B | BF11: =Theory!AX16 -> Q4C | BG11: =Theory!AY16 -> Q4D | BI11: =Theory!AZ16 -> Q5A | BJ11: =Theory!BA16 -> Q5B | BK11: =Theory!BB16 -> Q5C | BL11: =Theory!BC16 -> Q5D | BM11: =Theory!BD16 -> Q6A | BN11: =Theory!BE16 -> Q6B | BO11: =Theory!BF16 -> Q6C | BP11: =Theory!BG16 -> Q6D | BR11: =Theory!BH16 -> Q7A | BS11: =Theory!BI16 -> Q7B | BT11: =Theory!BJ16 -> Q7C | BU11: =Theory!BK16 -> Q7D | BV11: =Theory!BL16 -> Q8A | BW11: =Theory!BM16 -> Q8B | BX11: =Theory!BN16 -> Q8C | BY11: =Theory!BO16 -> Q8D | CB11: =Theory!BP16 -> Q1A | CC11: =Theory!BQ16 -> Q1B | CD11: =Theory!BR16 -> Q1C | CE11: =Theory!BS16 -> Q1D | CG11: =Theory!BT16 -> Q2A | CH11: =Theory!BU16 -> Q2B | CI11: =Theory!BV16 -> Q2C | CJ11: =Theory!BW16 -> Q2D | CL11: =Theory!BX16 -> Q3A | CM11: =Theory!BY16 -> Q3B | CN11: =Theory!BZ16 -> Q3C | CO11: =Theory!CA16 -> Q3D | CP11: =Theory!CB16 -> Q4A | CQ11: =Theory!CC16 -> Q4B | CR11: =Theory!CD16 -> Q4C | CS11: =Theory!CE16 -> Q4D | CU11: =Theory!CF16 -> Q5A | CV11: =Theory!CG16 -> Q5B | CW11: =Theory!CH16 -> Q5C | CX11: =Theory!CI16 -> Q5D | CY11: =Theory!CJ16 -> Q6A | CZ11: =Theory!CK16 -> Q6B | DA11: =Theory!CL16 -> Q6C | DB11: =Theory!CM16 -> Q6D | DD11: =Theory!CN16 -> Q7A | DE11: =Theory!CO16 -> Q7B | DF11: =Theory!CP16 -> Q7C | DG11: =Theory!CQ16 -> Q7D | DH11: =Theory!CR16 -> Q8A | DI11: =Theory!CS16 -> Q8B | DJ11: =Theory!CT16 -> Q8C | DK11: =Theory!CU16 -> Q8D | DT11: CIA | DU11: AAT | DV11: QUIZ | DW11: AAT+QUIZ | DX11: THEORY CIA (50) | DY11: THEORY CIA (30) | EC11: Lab-CIE (30) | EG11: LAB IA (20) | EH11: LAB | EI11: LAB CIA (20) | EJ11: CIA (50) | EK11: SEE (50) | EM11: CREDIT-1 | EN11: CREDIT-2 | EO11: CREDIT-3 | EP11: CREDIT-4 | EQ11: LAB CREDIT-1 | ER11: CREDIT-4
A12: Sl NO | B12: Name | C12: USN | DT12: TEST (12/30) | DW12: AAT (8/20) | DX12: STAND ALONE THEORY | EC12: LAB-CLASS WORK (12/30) | EG12: LAB-TEST (8/20) | EH12: STAND ALONE LAB | EJ12: IPCC | EK12: SEE | EM12: STAND ALONE THEORY ATTENDANCE | EN12: STAND ALONE THEORY ATTENDANCE | EO12: STAND ALONE THEORY ATTENDANCE | EP12: STAND ALONE THEORY ATTENDANCE | EQ12: STAND ALONE LAB ATTENDANCE | ER12: IPCC THEORY ATTENDANCE | ES12: IPCC LAB ATTENDANCE | ET12: IPCC TOTAL ATTENDANCE
C13: MAX MARKS | D13: =Theory!D14 -> 10 | E13: =Theory!E14 -> 0 | F13: =Theory!F14 -> 0 | G13: =Theory!G14 -> 0 | H13: =SUM(D13:G13) -> 10 | I13: =Theory!H14 -> 10 | J13: =Theory!I14 -> 0 | K13: =Theory!J14 -> 0 | L13: =Theory!K14 -> 0 | M13: =SUM(I13:L13) -> 10 | N13: =Theory!L14 -> 10 | O13: =Theory!M14 -> 0 | P13: =Theory!N14 -> 0 | Q13: =Theory!O14 -> 0 | R13: =Theory!P14 -> 10 | S13: =Theory!Q14 -> 0 | T13: =Theory!R14 -> 0 | U13: =Theory!S14 -> 0 | V13: =MAX(SUM(N13:Q13),SUM(R13:U13)) -> 10 | W13: =Theory!T14 -> 10 | X13: =Theory!U14 -> 0 | Y13: =Theory!V14 -> 0 | Z13: =Theory!W14 -> 0 | AA13: =Theory!X14 -> 10 | AB13: =Theory!Y14 -> 0 | AC13: =Theory!Z14 -> 0 | AD13: =Theory!AA14 -> 0 | AE13: =MAX(SUM(W13:Z13),SUM(AA13:AD13)) -> 10 | AF13: =Theory!AB14 -> 10 | AG13: =Theory!AC14 -> 0 | AH13: =Theory!AD14 -> 0 | AI13: =Theory!AE14 -> 0 | AJ13: =Theory!AF14 -> 10 | AK13: =Theory!AG14 -> 0 | AL13: =Theory!AH14 -> 0 | AM13: =Theory!AI14 -> 0 | AN13: =MAX(SUM(AF13:AI13),SUM(AJ13:AM13)) -> 10 | AO13: =SUM(H13,M13,V13,AE13,AN13) -> 50 | AP13: =Theory!AJ14 -> 10 | AQ13: =Theory!AK14 -> 0 | AR13: =Theory!AL14 -> 0 | AS13: =Theory!AM14 -> 0 | AT13: =SUM(AP13:AS13) -> 10 | AU13: =Theory!AN14 -> 5 | AV13: =Theory!AO14 -> 5 | AW13: =Theory!AP14 -> 0 | AX13: =Theory!AQ14 -> 0 | AY13: =SUM(AU13:AX13) -> 10 | AZ13: =Theory!AR14 -> 10 | BA13: =Theory!AS14 -> 0 | BB13: =Theory!AT14 -> 0 | BC13: =Theory!AU14 -> 0 | BD13: =Theory!AV14 -> 10 | BE13: =Theory!AW14 -> 0 | BF13: =Theory!AX14 -> 0 | BG13: =Theory!AY14 -> 0 | BH13: =MAX(SUM(AZ13:BC13),SUM(BD13:BG13)) -> 10 | BI13: =Theory!AZ14 -> 10 | BJ13: =Theory!BA14 -> 0 | BK13: =Theory!BB14 -> 0 | BL13: =Theory!BC14 -> 0 | BM13: =Theory!BD14 -> 10 | BN13: =Theory!BE14 -> 0 | BO13: =Theory!BF14 -> 0 | BP13: =Theory!BG14 -> 0 | BQ13: =MAX(SUM(BI13:BL13),SUM(BM13:BP13)) -> 10 | BR13: =Theory!BH14 -> 10 | BS13: =Theory!BI14 -> 0 | BT13: =Theory!BJ14 -> 0 | BU13: =Theory!BK14 -> 0 | BV13: =Theory!BL14 -> 10 | BW13: =Theory!BM14 -> 0 | BX13: =Theory!BN14 -> 0 | BY13: =Theory!BO14 -> 0 | BZ13: =MAX(SUM(BR13:BU13),SUM(BV13:BY13)) -> 10 | CA13: =SUM(AT13,AY13,BH13,BQ13,BZ13) -> 50 | CB13: =Theory!BP14 -> 10 | CC13: =Theory!BQ14 -> 0 | CD13: =Theory!BR14 -> 0 | CE13: =Theory!BS14 -> 0 | CF13: =SUM(CB13:CE13) -> 10 | CG13: =Theory!BT14 -> 10 | CH13: =Theory!BU14 -> 0 | CI13: =Theory!BV14 -> 0 | CJ13: =Theory!BW14 -> 0 | CK13: =SUM(CG13:CJ13) -> 10 | CL13: =Theory!BX14 -> 10 | CM13: =Theory!BY14 -> 0 | CN13: =Theory!BZ14 -> 0 | CO13: =Theory!CA14 -> 0 | CP13: =Theory!CB14 -> 10 | CQ13: =Theory!CC14 -> 0 | CR13: =Theory!CD14 -> 0 | CS13: =Theory!CE14 -> 0 | CT13: =MAX(SUM(CL13:CO13),SUM(CP13:CS13)) -> 10 | CU13: =Theory!CF14 -> 10 | CV13: =Theory!CG14 -> 0 | CW13: =Theory!CH14 -> 0 | CX13: =Theory!CI14 -> 0 | CY13: =Theory!CJ14 -> 10 | CZ13: =Theory!CK14 -> 0 | DA13: =Theory!CL14 -> 0 | DB13: =Theory!CM14 -> 0 | DC13: =MAX(SUM(CU13:CX13),SUM(CY13:DB13)) -> 10 | DD13: =Theory!CN14 -> 10 | DE13: =Theory!CO14 -> 0 | DF13: =Theory!CP14 -> 0 | DG13: =Theory!CQ14 -> 0 | DH13: =Theory!CR14 -> 10 | DI13: =Theory!CS14 -> 0 | DJ13: =Theory!CT14 -> 0 | DK13: =Theory!CU14 -> 0 | DL13: =MAX(SUM(DD13:DG13),SUM(DH13:DK13)) -> 10 | DM13: =SUM(CF13,CK13,CT13,DC13,DL13) -> 50 | DN13: =AO13 -> 50 | DO13: =CA13 -> 50 | DP13: =DM13 -> 50 | DQ13: =ROUND(30*DN13/50,0) -> 30 | DR13: =ROUND(30*DO13/50,0) -> 30 | DS13: =ROUND(30*DP13/50,0) -> 30 | DT13: =ROUND(AVERAGE(DQ13:DS13),0) -> 30 | DU13: =Theory!CV14 -> 10 | DV13: =Theory!CW14 -> 10 | DW13: =SUM(DU13:DV13) -> 20 | DX13: =SUM(DT13:DV13) -> 50 | DY13: =ROUND((30*DX13/50),0) -> 30 | DZ13: =Lab!D6 -> 0 | EA13: =Lab!E6 -> 0 | EB13: =Lab!F6 -> 0 | EC13: =SUM(DZ13:EB13) -> 0 | ED13: =Lab!G6 -> 0 | EE13: =Lab!H6 -> 0 | EF13: =Lab!I6 -> 0 | EG13: =SUM(ED13:EF13) -> 0 | EH13: =SUM(EC13,EG13) -> 0 | EI13: =ROUND((20*EH13/50),0) -> 0 | EJ13: =SUM(DY13,EI13) -> 30 | EK13: =Theory!DC14 -> 50 | EM13: 12 | EN13: 24 | EO13: 40 | EP13: 52 | EQ13: 12 | ER13: 40 | ES13: 12 | ET13: =SUM(ER13:ES13) -> 52
A14: 1 | B14: =Theory!C17 -> ADITHYA N AWATI | C14: =Theory!B17 -> 1DS21AI001 | D14: =VLOOKUP(C14,Theory!B17:D83,3,FALSE) -> 9 | E14: =VLOOKUP(C14,Theory!B17:E83,4,FALSE) -> 0 | F14: =VLOOKUP(C14,Theory!B17:F83,5,FALSE) -> 0 | G14: =VLOOKUP(C14,Theory!B17:G83,6,FALSE) -> 0 | H14: =SUM(D14:G14) -> 9 | I14: =VLOOKUP(C14,Theory!B17:H83,7,FALSE) -> 8 | J14: =VLOOKUP(C14,Theory!B17:I83,8,FALSE) -> 0 | K14: =VLOOKUP(C14,Theory!B17:J83,9,FALSE) -> 0 | L14: =VLOOKUP(C14,Theory!B17:K83,10,FALSE) -> 0 | M14: =SUM(I14:L14) -> 8 | N14: =VLOOKUP(C14,Theory!B17:L83,11,FALSE) -> 8 | O14: =VLOOKUP(C14,Theory!B17:M83,12,FALSE) -> 0 | P14: =VLOOKUP(C14,Theory!B17:N83,13,FALSE) -> 0 | Q14: =VLOOKUP(C14,Theory!B17:O83,14,FALSE) -> 0 | R14: =VLOOKUP(C14,Theory!B17:P83,15,FALSE) -> 0 | S14: =VLOOKUP(C14,Theory!B17:Q83,16,FALSE) -> 0 | T14: =VLOOKUP(C14,Theory!B17:R83,17,FALSE) -> 0 | U14: =VLOOKUP(C14,Theory!B17:S83,18,FALSE) -> 0 | V14: =MAX(SUM(N14:Q14),SUM(R14:U14)) -> 8 | W14: =VLOOKUP(C14,Theory!B17:T83,19,FALSE) -> 8 | X14: =VLOOKUP(C14,Theory!B17:U83,20,FALSE) -> 0 | Y14: =VLOOKUP(C14,Theory!B17:V83,21,FALSE) -> 0 | Z14: =VLOOKUP(C14,Theory!B17:W83,22,FALSE) -> 0 | AA14: =VLOOKUP(C14,Theory!B17:X83,23,FALSE) -> 0 | AB14: =VLOOKUP(C14,Theory!B17:Y83,24,FALSE) -> 0 | AC14: =VLOOKUP(C14,Theory!B17:Z83,25,FALSE) -> 0 | AD14: =VLOOKUP(C14,Theory!B17:AA83,26,FALSE) -> 0 | AE14: =MAX(SUM(W14:Z14),SUM(AA14:AD14)) -> 8 | AF14: =VLOOKUP(C14,Theory!B17:AB83,27,FALSE) -> 9 | AG14: =VLOOKUP(C14,Theory!B17:AC83,28,FALSE) -> 0 | AH14: =VLOOKUP(C14,Theory!B17:AD83,29,FALSE) -> 0 | AI14: =VLOOKUP(C14,Theory!B17:AE83,30,FALSE) -> 0 | AJ14: =VLOOKUP(C14,Theory!B17:AF83,31,FALSE) -> 0 | AK14: =VLOOKUP(C14,Theory!B17:AG83,32,FALSE) -> 0 | AL14: =VLOOKUP(C14,Theory!B17:AH83,33,FALSE) -> 0 | AM14: =VLOOKUP(C14,Theory!B17:AI83,34,FALSE) -> 0 | AN14: =MAX(SUM(AF14:AI14),SUM(AJ14:AM14)) -> 9 | AO14: =SUM(H14,M14,V14,AE14,AN14) -> 42 | AP14: =VLOOKUP(C14,Theory!B17:AJ83,35,FALSE) -> 9 | AQ14: =VLOOKUP(C14,Theory!B17:AK83,36,FALSE) -> 0 | AR14: =VLOOKUP(C14,Theory!B17:AL83,37,FALSE) -> 0 | AS14: =VLOOKUP(C14,Theory!B17:AM83,38,FALSE) -> 0 | AT14: =SUM(AP14:AS14) -> 9 | AU14: =VLOOKUP(C14,Theory!B17:AN83,39,FALSE) -> 9 | AV14: =VLOOKUP(C14,Theory!B17:AO83,40,FALSE) -> 0 | AW14: =VLOOKUP(C14,Theory!B17:AP83,41,FALSE) -> 0 | AX14: =VLOOKUP(C14,Theory!B17:AQ83,42,FALSE) -> 0 | AY14: =SUM(AU14:AX14) -> 9 | AZ14: =VLOOKUP(C14,Theory!B17:AR83,43,FALSE) -> 9 | BA14: =VLOOKUP(C14,Theory!B17:AS83,44,FALSE) -> 0 | BB14: =VLOOKUP(C14,Theory!B17:AT83,45,FALSE) -> 0 | BC14: =VLOOKUP(C14,Theory!B17:AU83,46,FALSE) -> 0 | BD14: =VLOOKUP(C14,Theory!B17:AV83,47,FALSE) -> 0 | BE14: =VLOOKUP(C14,Theory!B17:AW83,48,FALSE) -> 0 | BF14: =VLOOKUP(C14,Theory!B17:AX83,49,FALSE) -> 0 | BG14: =VLOOKUP(C14,Theory!B17:AY83,50,FALSE) -> 0 | BH14: =MAX(SUM(AZ14:BC14),SUM(BD14:BG14)) -> 9 | BI14: =VLOOKUP(C14,Theory!B17:AZ83,51,FALSE) -> 8 | BJ14: =VLOOKUP(C14,Theory!B17:BA83,52,FALSE) -> 0 | BK14: =VLOOKUP(C14,Theory!B17:BB83,53,FALSE) -> 0 | BL14: =VLOOKUP(C14,Theory!B17:BC83,54,FALSE) -> 0 | BM14: =VLOOKUP(C14,Theory!B17:BD83,55,FALSE) -> 0 | BN14: =VLOOKUP(C14,Theory!B17:BE83,56,FALSE) -> 0 | BO14: =VLOOKUP(C14,Theory!B17:BF83,57,FALSE) -> 0 | BP14: =VLOOKUP(C14,Theory!B17:BG83,58,FALSE) -> 0 | BQ14: =MAX(SUM(BI14:BL14),SUM(BM14:BP14)) -> 8 | BR14: =VLOOKUP(C14,Theory!B17:BH83,59,FALSE) -> 10 | BS14: =VLOOKUP(C14,Theory!B17:BI83,60,FALSE) -> 0 | BT14: =VLOOKUP(C14,Theory!B17:BJ83,61,FALSE) -> 0 | BU14: =VLOOKUP(C14,Theory!B17:BK83,62,FALSE) -> 0 | BV14: =VLOOKUP(C14,Theory!B17:BL83,63,FALSE) -> 0 | BW14: =VLOOKUP(C14,Theory!B17:BM83,64,FALSE) -> 0 | BX14: =VLOOKUP(C14,Theory!B17:BN83,65,FALSE) -> 0 | BY14: =VLOOKUP(C14,Theory!B17:BO83,66,FALSE) -> 0 | BZ14: =MAX(SUM(BR14:BU14),SUM(BV14:BY14)) -> 10 | CA14: =SUM(AT14,AY14,BH14,BQ14,BZ14) -> 45 | CB14: =VLOOKUP(C14,Theory!B17:BP83,67,FALSE) -> 7 | CC14: =VLOOKUP(C14,Theory!B17:BQ83,68,FALSE) -> 0 | CD14: =VLOOKUP(C14,Theory!B17:BR83,69,FALSE) -> 0 | CE14: =VLOOKUP(C14,Theory!B17:BS83,70,FALSE) -> 0 | CF14: =SUM(CB14:CE14) -> 7 | CG14: =VLOOKUP(C14,Theory!B17:BT83,71,FALSE) -> 9 | CH14: =VLOOKUP(C14,Theory!B17:BU83,72,FALSE) -> 0 | CI14: =VLOOKUP(C14,Theory!B17:BV83,73,FALSE) -> 0 | CJ14: =VLOOKUP(C14,Theory!B17:BW83,74,FALSE) -> 0 | CK14: =SUM(CG14:CJ14) -> 9 | CL14: =VLOOKUP(C14,Theory!B17:BX83,75,FALSE) -> 10 | CM14: =VLOOKUP(C14,Theory!B17:BY83,76,FALSE) -> 0 | CN14: =VLOOKUP(C14,Theory!B17:BZ83,77,FALSE) -> 0 | CO14: =VLOOKUP(C14,Theory!B17:CA83,78,FALSE) -> 0 | CP14: =VLOOKUP(C14,Theory!B17:CB83,79,FALSE) -> 0 | CQ14: =VLOOKUP(C14,Theory!B17:CC83,80,FALSE) -> 0 | CR14: =VLOOKUP(C14,Theory!B17:CD83,81,FALSE) -> 0 | CS14: =VLOOKUP(C14,Theory!B17:CE83,82,FALSE) -> 0 | CT14: =MAX(SUM(CL14:CO14),SUM(CP14:CS14)) -> 10 | CU14: =VLOOKUP(C14,Theory!B17:CF83,83,FALSE) -> 9 | CV14: =VLOOKUP(C14,Theory!B17:CG83,84,FALSE) -> 0 | CW14: =VLOOKUP(C14,Theory!B17:CH83,85,FALSE) -> 0 | CX14: =VLOOKUP(C14,Theory!B17:CI83,86,FALSE) -> 0 | CY14: =VLOOKUP(C14,Theory!B17:CJ83,87,FALSE) -> 0 | CZ14: =VLOOKUP(C14,Theory!B17:CK83,88,FALSE) -> 0 | DA14: =VLOOKUP(C14,Theory!B17:CL83,89,FALSE) -> 0 | DB14: =VLOOKUP(C14,Theory!B17:CM83,90,FALSE) -> 0 | DC14: =MAX(SUM(CU14:CX14),SUM(CY14:DB14)) -> 9 | DD14: =VLOOKUP(C14,Theory!B17:CN83,91,FALSE) -> 8 | DE14: =VLOOKUP(C14,Theory!B17:CO83,92,FALSE) -> 0 | DF14: =VLOOKUP(C14,Theory!B17:CP83,93,FALSE) -> 0 | DG14: =VLOOKUP(C14,Theory!B17:CQ83,94,FALSE) -> 0 | DH14: =VLOOKUP(C14,Theory!B17:CR83,95,FALSE) -> 0 | DI14: =VLOOKUP(C14,Theory!B17:CS83,96,FALSE) -> 0 | DJ14: =VLOOKUP(C14,Theory!B17:CT83,97,FALSE) -> 0 | DK14: =VLOOKUP(C14,Theory!B17:CU83,98,FALSE) -> 0 | DL14: =MAX(SUM(DD14:DG14),SUM(DH14:DK14)) -> 8 | DM14: =SUM(CF14,CK14,CT14,DC14,DL14) -> 43 | DN14: =AO14 -> 42 | DO14: =CA14 -> 45 | DP14: =DM14 -> 43 | DQ14: =ROUND(30*DN14/50,0) -> 25 | DR14: =ROUND(30*DO14/50,0) -> 27 | DS14: =ROUND(30*DP14/50,0) -> 26 | DT14: =ROUND(AVERAGE(DQ14:DS14),0) -> 26 | DU14: =VLOOKUP(C14,Theory!B17:CV83,99,FALSE) -> 10 | DV14: =VLOOKUP(C14,Theory!B17:CW83,100,FALSE) -> 5 | DW14: =SUM(DU14:DV14) -> 15 | DX14: =SUM(DT14:DV14) -> 41 | DY14: =ROUND((30*DX14/50),0) -> 25 | DZ14: =VLOOKUP(C14,Lab!B9:D78,3,FALSE) -> 0 | EA14: =VLOOKUP(C14,Lab!B9:E78,4,FALSE) -> 0 | EB14: =VLOOKUP(C14,Lab!B9:F78,5,FALSE) -> 0 | EC14: =SUM(DZ14:EB14) -> 0 | ED14: =VLOOKUP(C14,Lab!B9:G78,6,FALSE) -> 0 | EE14: =VLOOKUP(C14,Lab!B9:H78,7,FALSE) -> 0 | EF14: =VLOOKUP(C14,Lab!B9:I78,8,FALSE) -> 0 | EG14: =SUM(ED14:EF14) -> 0 | EH14: =SUM(EC14,EG14) -> 0 | EI14: =ROUND((20*EH14/50),0) -> 0 | EJ14: =SUM(DY14,EI14) -> 25 | EK14: {=IF(D$8="YES",Lab!K9:K78,Theory!DC17:DC83)} -> 42 | EM14: =VLOOKUP(C14,Theory!B17:DL83,114,FALSE) -> 0 | EN14: =VLOOKUP(C14,Theory!B17:DM83,115,FALSE) -> 0 | EO14: =VLOOKUP(C14,Theory!B17:DN83,116,FALSE) -> 0 | EP14: =VLOOKUP(C14,Theory!B17:DO83,117,FALSE) -> 0 | EQ14: =VLOOKUP(C14,Theory!B17:DP83,118,FALSE) -> 0 | ER14: =VLOOKUP(C14,Theory!B17:DQ83,119,FALSE) -> 0 | ES14: =VLOOKUP(C14,Theory!B17:DR83,120,FALSE) -> 0 | ET14: =SUM(ER14:ES14) -> 0
A15: 2 | B15: =Theory!C18 -> AMIT A | C15: =Theory!B18 -> 1DS21AI002 | D15: =VLOOKUP(C15,Theory!B18:D84,3,FALSE) -> 9 | E15: =VLOOKUP(C15,Theory!B18:E84,4,FALSE) -> 0 | F15: =VLOOKUP(C15,Theory!B18:F84,5,FALSE) -> 0 | G15: =VLOOKUP(C15,Theory!B18:G84,6,FALSE) -> 0 | H15: =SUM(D15:G15) -> 9 | I15: =VLOOKUP(C15,Theory!B18:H84,7,FALSE) -> 9 | J15: =VLOOKUP(C15,Theory!B18:I84,8,FALSE) -> 0 | K15: =VLOOKUP(C15,Theory!B18:J84,9,FALSE) -> 0 | L15: =VLOOKUP(C15,Theory!B18:K84,10,FALSE) -> 0 | M15: =SUM(I15:L15) -> 9 | N15: =VLOOKUP(C15,Theory!B18:L84,11,FALSE) -> 10 | O15: =VLOOKUP(C15,Theory!B18:M84,12,FALSE) -> 0 | P15: =VLOOKUP(C15,Theory!B18:N84,13,FALSE) -> 0 | Q15: =VLOOKUP(C15,Theory!B18:O84,14,FALSE) -> 0 | R15: =VLOOKUP(C15,Theory!B18:P84,15,FALSE) -> 0 | S15: =VLOOKUP(C15,Theory!B18:Q84,16,FALSE) -> 0 | T15: =VLOOKUP(C15,Theory!B18:R84,17,FALSE) -> 0 | U15: =VLOOKUP(C15,Theory!B18:S84,18,FALSE) -> 0 | V15: =MAX(SUM(N15:Q15),SUM(R15:U15)) -> 10 | W15: =VLOOKUP(C15,Theory!B18:T84,19,FALSE) -> 10 | X15: =VLOOKUP(C15,Theory!B18:U84,20,FALSE) -> 0 | Y15: =VLOOKUP(C15,Theory!B18:V84,21,FALSE) -> 0 | Z15: =VLOOKUP(C15,Theory!B18:W84,22,FALSE) -> 0 | AA15: =VLOOKUP(C15,Theory!B18:X84,23,FALSE) -> 0 | AB15: =VLOOKUP(C15,Theory!B18:Y84,24,FALSE) -> 0 | AC15: =VLOOKUP(C15,Theory!B18:Z84,25,FALSE) -> 0 | AD15: =VLOOKUP(C15,Theory!B18:AA84,26,FALSE) -> 0 | AE15: =MAX(SUM(W15:Z15),SUM(AA15:AD15)) -> 10 | AF15: =VLOOKUP(C15,Theory!B18:AB84,27,FALSE) -> 10 | AG15: =VLOOKUP(C15,Theory!B18:AC84,28,FALSE) -> 0 | AH15: =VLOOKUP(C15,Theory!B18:AD84,29,FALSE) -> 0 | AI15: =VLOOKUP(C15,Theory!B18:AE84,30,FALSE) -> 0 | AJ15: =VLOOKUP(C15,Theory!B18:AF84,31,FALSE) -> 0 | AK15: =VLOOKUP(C15,Theory!B18:AG84,32,FALSE) -> 0 | AL15: =VLOOKUP(C15,Theory!B18:AH84,33,FALSE) -> 0 | AM15: =VLOOKUP(C15,Theory!B18:AI84,34,FALSE) -> 0 | AN15: =MAX(SUM(AF15:AI15),SUM(AJ15:AM15)) -> 10 | AO15: =SUM(H15,M15,V15,AE15,AN15) -> 48 | AP15: =VLOOKUP(C15,Theory!B18:AJ84,35,FALSE) -> 9 | AQ15: =VLOOKUP(C15,Theory!B18:AK84,36,FALSE) -> 0 | AR15: =VLOOKUP(C15,Theory!B18:AL84,37,FALSE) -> 0 | AS15: =VLOOKUP(C15,Theory!B18:AM84,38,FALSE) -> 0 | AT15: =SUM(AP15:AS15) -> 9 | AU15: =VLOOKUP(C15,Theory!B18:AN84,39,FALSE) -> 9 | AV15: =VLOOKUP(C15,Theory!B18:AO84,40,FALSE) -> 0 | AW15: =VLOOKUP(C15,Theory!B18:AP84,41,FALSE) -> 0 | AX15: =VLOOKUP(C15,Theory!B18:AQ84,42,FALSE) -> 0 | AY15: =SUM(AU15:AX15) -> 9 | AZ15: =VLOOKUP(C15,Theory!B18:AR84,43,FALSE) -> 10 | BA15: =VLOOKUP(C15,Theory!B18:AS84,44,FALSE) -> 0 | BB15: =VLOOKUP(C15,Theory!B18:AT84,45,FALSE) -> 0 | BC15: =VLOOKUP(C15,Theory!B18:AU84,46,FALSE) -> 0 | BD15: =VLOOKUP(C15,Theory!B18:AV84,47,FALSE) -> 0 | BE15: =VLOOKUP(C15,Theory!B18:AW84,48,FALSE) -> 0 | BF15: =VLOOKUP(C15,Theory!B18:AX84,49,FALSE) -> 0 | BG15: =VLOOKUP(C15,Theory!B18:AY84,50,FALSE) -> 0 | BH15: =MAX(SUM(AZ15:BC15),SUM(BD15:BG15)) -> 10 | BI15: =VLOOKUP(C15,Theory!B18:AZ84,51,FALSE) -> 8 | BJ15: =VLOOKUP(C15,Theory!B18:BA84,52,FALSE) -> 0 | BK15: =VLOOKUP(C15,Theory!B18:BB84,53,FALSE) -> 0 | BL15: =VLOOKUP(C15,Theory!B18:BC84,54,FALSE) -> 0 | BM15: =VLOOKUP(C15,Theory!B18:BD84,55,FALSE) -> 0 | BN15: =VLOOKUP(C15,Theory!B18:BE84,56,FALSE) -> 0 | BO15: =VLOOKUP(C15,Theory!B18:BF84,57,FALSE) -> 0 | BP15: =VLOOKUP(C15,Theory!B18:BG84,58,FALSE) -> 0 | BQ15: =MAX(SUM(BI15:BL15),SUM(BM15:BP15)) -> 8 | BR15: =VLOOKUP(C15,Theory!B18:BH84,59,FALSE) -> 9 | BS15: =VLOOKUP(C15,Theory!B18:BI84,60,FALSE) -> 0 | BT15: =VLOOKUP(C15,Theory!B18:BJ84,61,FALSE) -> 0 | BU15: =VLOOKUP(C15,Theory!B18:BK84,62,FALSE) -> 0 | BV15: =VLOOKUP(C15,Theory!B18:BL84,63,FALSE) -> 0 | BW15: =VLOOKUP(C15,Theory!B18:BM84,64,FALSE) -> 0 | BX15: =VLOOKUP(C15,Theory!B18:BN84,65,FALSE) -> 0 | BY15: =VLOOKUP(C15,Theory!B18:BO84,66,FALSE) -> 0 | BZ15: =MAX(SUM(BR15:BU15),SUM(BV15:BY15)) -> 9 | CA15: =SUM(AT15,AY15,BH15,BQ15,BZ15) -> 45 | CB15: =VLOOKUP(C15,Theory!B18:BP84,67,FALSE) -> 10 | CC15: =VLOOKUP(C15,Theory!B18:BQ84,68,FALSE) -> 0 | CD15: =VLOOKUP(C15,Theory!B18:BR84,69,FALSE) -> 0 | CE15: =VLOOKUP(C15,Theory!B18:BS84,70,FALSE) -> 0 | CF15: =SUM(CB15:CE15) -> 10 | CG15: =VLOOKUP(C15,Theory!B18:BT84,71,FALSE) -> 9 | CH15: =VLOOKUP(C15,Theory!B18:BU84,72,FALSE) -> 0 | CI15: =VLOOKUP(C15,Theory!B18:BV84,73,FALSE) -> 0 | CJ15: =VLOOKUP(C15,Theory!B18:BW84,74,FALSE) -> 0 | CK15: =SUM(CG15:CJ15) -> 9 | CL15: =VLOOKUP(C15,Theory!B18:BX84,75,FALSE) -> 9 | CM15: =VLOOKUP(C15,Theory!B18:BY84,76,FALSE) -> 0 | CN15: =VLOOKUP(C15,Theory!B18:BZ84,77,FALSE) -> 0 | CO15: =VLOOKUP(C15,Theory!B18:CA84,78,FALSE) -> 0 | CP15: =VLOOKUP(C15,Theory!B18:CB84,79,FALSE) -> 0 | CQ15: =VLOOKUP(C15,Theory!B18:CC84,80,FALSE) -> 0 | CR15: =VLOOKUP(C15,Theory!B18:CD84,81,FALSE) -> 0 | CS15: =VLOOKUP(C15,Theory!B18:CE84,82,FALSE) -> 0 | CT15: =MAX(SUM(CL15:CO15),SUM(CP15:CS15)) -> 9 | CU15: =VLOOKUP(C15,Theory!B18:CF84,83,FALSE) -> 10 | CV15: =VLOOKUP(C15,Theory!B18:CG84,84,FALSE) -> 0 | CW15: =VLOOKUP(C15,Theory!B18:CH84,85,FALSE) -> 0 | CX15: =VLOOKUP(C15,Theory!B18:CI84,86,FALSE) -> 0 | CY15: =VLOOKUP(C15,Theory!B18:CJ84,87,FALSE) -> 0 | CZ15: =VLOOKUP(C15,Theory!B18:CK84,88,FALSE) -> 0 | DA15: =VLOOKUP(C15,Theory!B18:CL84,89,FALSE) -> 0 | DB15: =VLOOKUP(C15,Theory!B18:CM84,90,FALSE) -> 0 | DC15: =MAX(SUM(CU15:CX15),SUM(CY15:DB15)) -> 10 | DD15: =VLOOKUP(C15,Theory!B18:CN84,91,FALSE) -> 0 | DE15: =VLOOKUP(C15,Theory!B18:CO84,92,FALSE) -> 0 | DF15: =VLOOKUP(C15,Theory!B18:CP84,93,FALSE) -> 0 | DG15: =VLOOKUP(C15,Theory!B18:CQ84,94,FALSE) -> 0 | DH15: =VLOOKUP(C15,Theory!B18:CR84,95,FALSE) -> 10 | DI15: =VLOOKUP(C15,Theory!B18:CS84,96,FALSE) -> 0 | DJ15: =VLOOKUP(C15,Theory!B18:CT84,97,FALSE) -> 0 | DK15: =VLOOKUP(C15,Theory!B18:CU84,98,FALSE) -> 0 | DL15: =MAX(SUM(DD15:DG15),SUM(DH15:DK15)) -> 10 | DM15: =SUM(CF15,CK15,CT15,DC15,DL15) -> 48 | DN15: =AO15 -> 48 | DO15: =CA15 -> 45 | DP15: =DM15 -> 48 | DQ15: =ROUND(30*DN15/50,0) -> 29 | DR15: =ROUND(30*DO15/50,0) -> 27 | DS15: =ROUND(30*DP15/50,0) -> 29 | DT15: =ROUND(AVERAGE(DQ15:DS15),0) -> 28 | DU15: =VLOOKUP(C15,Theory!B18:CV84,99,FALSE) -> 10 | DV15: =VLOOKUP(C15,Theory!B18:CW84,100,FALSE) -> 10 | DW15: =SUM(DU15:DV15) -> 20 | DX15: =SUM(DT15:DV15) -> 48 | DY15: =ROUND((30*DX15/50),0) -> 29 | DZ15: =VLOOKUP(C15,Lab!B10:D79,3,FALSE) -> 0 | EA15: =VLOOKUP(C15,Lab!B10:E79,4,FALSE) -> 0 | EB15: =VLOOKUP(C15,Lab!B10:F79,5,FALSE) -> 0 | EC15: =SUM(DZ15:EB15) -> 0 | ED15: =VLOOKUP(C15,Lab!B10:G79,6,FALSE) -> 0 | EE15: =VLOOKUP(C15,Lab!B10:H79,7,FALSE) -> 0 | EF15: =VLOOKUP(C15,Lab!B10:I79,8,FALSE) -> 0 | EG15: =SUM(ED15:EF15) -> 0 | EH15: =SUM(EC15,EG15) -> 0 | EI15: =ROUND((20*EH15/50),0) -> 0 | EJ15: =SUM(DY15,EI15) -> 29 | EK15: 40 | EM15: =VLOOKUP(C15,Theory!B18:DL84,114,FALSE) -> 0 | EN15: =VLOOKUP(C15,Theory!B18:DM84,115,FALSE) -> 0 | EO15: =VLOOKUP(C15,Theory!B18:DN84,116,FALSE) -> 0 | EP15: =VLOOKUP(C15,Theory!B18:DO84,117,FALSE) -> 0 | EQ15: =VLOOKUP(C15,Theory!B18:DP84,118,FALSE) -> 0 | ER15: =VLOOKUP(C15,Theory!B18:DQ84,119,FALSE) -> 0 | ES15: =VLOOKUP(C15,Theory!B18:DR84,120,FALSE) -> 0 | ET15: =SUM(ER15:ES15) -> 0
A16: 3 | B16: =Theory!C19 -> ANKUSH G | C16: =Theory!B19 -> 1DS21AI005 | D16: =VLOOKUP(C16,Theory!B19:D85,3,FALSE) -> 7 | E16: =VLOOKUP(C16,Theory!B19:E85,4,FALSE) -> 0 | F16: =VLOOKUP(C16,Theory!B19:F85,5,FALSE) -> 0 | G16: =VLOOKUP(C16,Theory!B19:G85,6,FALSE) -> 0 | H16: =SUM(D16:G16) -> 7 | I16: =VLOOKUP(C16,Theory!B19:H85,7,FALSE) -> 8 | J16: =VLOOKUP(C16,Theory!B19:I85,8,FALSE) -> 0 | K16: =VLOOKUP(C16,Theory!B19:J85,9,FALSE) -> 0 | L16: =VLOOKUP(C16,Theory!B19:K85,10,FALSE) -> 0 | M16: =SUM(I16:L16) -> 8 | N16: =VLOOKUP(C16,Theory!B19:L85,11,FALSE) -> 0 | O16: =VLOOKUP(C16,Theory!B19:M85,12,FALSE) -> 0 | P16: =VLOOKUP(C16,Theory!B19:N85,13,FALSE) -> 0 | Q16: =VLOOKUP(C16,Theory!B19:O85,14,FALSE) -> 0 | R16: =VLOOKUP(C16,Theory!B19:P85,15,FALSE) -> 9 | S16: =VLOOKUP(C16,Theory!B19:Q85,16,FALSE) -> 0 | T16: =VLOOKUP(C16,Theory!B19:R85,17,FALSE) -> 0 | U16: =VLOOKUP(C16,Theory!B19:S85,18,FALSE) -> 0 | V16: =MAX(SUM(N16:Q16),SUM(R16:U16)) -> 9 | W16: =VLOOKUP(C16,Theory!B19:T85,19,FALSE) -> 0 | X16: =VLOOKUP(C16,Theory!B19:U85,20,FALSE) -> 0 | Y16: =VLOOKUP(C16,Theory!B19:V85,21,FALSE) -> 0 | Z16: =VLOOKUP(C16,Theory!B19:W85,22,FALSE) -> 0 | AA16: =VLOOKUP(C16,Theory!B19:X85,23,FALSE) -> 9 | AB16: =VLOOKUP(C16,Theory!B19:Y85,24,FALSE) -> 0 | AC16: =VLOOKUP(C16,Theory!B19:Z85,25,FALSE) -> 0 | AD16: =VLOOKUP(C16,Theory!B19:AA85,26,FALSE) -> 0 | AE16: =MAX(SUM(W16:Z16),SUM(AA16:AD16)) -> 9 | AF16: =VLOOKUP(C16,Theory!B19:AB85,27,FALSE) -> 10 | AG16: =VLOOKUP(C16,Theory!B19:AC85,28,FALSE) -> 0 | AH16: =VLOOKUP(C16,Theory!B19:AD85,29,FALSE) -> 0 | AI16: =VLOOKUP(C16,Theory!B19:AE85,30,FALSE) -> 0 | AJ16: =VLOOKUP(C16,Theory!B19:AF85,31,FALSE) -> 0 | AK16: =VLOOKUP(C16,Theory!B19:AG85,32,FALSE) -> 0 | AL16: =VLOOKUP(C16,Theory!B19:AH85,33,FALSE) -> 0 | AM16: =VLOOKUP(C16,Theory!B19:AI85,34,FALSE) -> 0 | AN16: =MAX(SUM(AF16:AI16),SUM(AJ16:AM16)) -> 10 | AO16: =SUM(H16,M16,V16,AE16,AN16) -> 43 | AP16: =VLOOKUP(C16,Theory!B19:AJ85,35,FALSE) -> 9 | AQ16: =VLOOKUP(C16,Theory!B19:AK85,36,FALSE) -> 0 | AR16: =VLOOKUP(C16,Theory!B19:AL85,37,FALSE) -> 0 | AS16: =VLOOKUP(C16,Theory!B19:AM85,38,FALSE) -> 0 | AT16: =SUM(AP16:AS16) -> 9 | AU16: =VLOOKUP(C16,Theory!B19:AN85,39,FALSE) -> 10 | AV16: =VLOOKUP(C16,Theory!B19:AO85,40,FALSE) -> 0 | AW16: =VLOOKUP(C16,Theory!B19:AP85,41,FALSE) -> 0 | AX16: =VLOOKUP(C16,Theory!B19:AQ85,42,FALSE) -> 0 | AY16: =SUM(AU16:AX16) -> 10 | AZ16: =VLOOKUP(C16,Theory!B19:AR85,43,FALSE) -> 10 | BA16: =VLOOKUP(C16,Theory!B19:AS85,44,FALSE) -> 0 | BB16: =VLOOKUP(C16,Theory!B19:AT85,45,FALSE) -> 0 | BC16: =VLOOKUP(C16,Theory!B19:AU85,46,FALSE) -> 0 | BD16: =VLOOKUP(C16,Theory!B19:AV85,47,FALSE) -> 0 | BE16: =VLOOKUP(C16,Theory!B19:AW85,48,FALSE) -> 0 | BF16: =VLOOKUP(C16,Theory!B19:AX85,49,FALSE) -> 0 | BG16: =VLOOKUP(C16,Theory!B19:AY85,50,FALSE) -> 0 | BH16: =MAX(SUM(AZ16:BC16),SUM(BD16:BG16)) -> 10 | BI16: =VLOOKUP(C16,Theory!B19:AZ85,51,FALSE) -> 8 | BJ16: =VLOOKUP(C16,Theory!B19:BA85,52,FALSE) -> 0 | BK16: =VLOOKUP(C16,Theory!B19:BB85,53,FALSE) -> 0 | BL16: =VLOOKUP(C16,Theory!B19:BC85,54,FALSE) -> 0 | BM16: =VLOOKUP(C16,Theory!B19:BD85,55,FALSE) -> 0 | BN16: =VLOOKUP(C16,Theory!B19:BE85,56,FALSE) -> 0 | BO16: =VLOOKUP(C16,Theory!B19:BF85,57,FALSE) -> 0 | BP16: =VLOOKUP(C16,Theory!B19:BG85,58,FALSE) -> 0 | BQ16: =MAX(SUM(BI16:BL16),SUM(BM16:BP16)) -> 8 | BR16: =VLOOKUP(C16,Theory!B19:BH85,59,FALSE) -> 10 | BS16: =VLOOKUP(C16,Theory!B19:BI85,60,FALSE) -> 0 | BT16: =VLOOKUP(C16,Theory!B19:BJ85,61,FALSE) -> 0 | BU16: =VLOOKUP(C16,Theory!B19:BK85,62,FALSE) -> 0 | BV16: =VLOOKUP(C16,Theory!B19:BL85,63,FALSE) -> 0 | BW16: =VLOOKUP(C16,Theory!B19:BM85,64,FALSE) -> 0 | BX16: =VLOOKUP(C16,Theory!B19:BN85,65,FALSE) -> 0 | BY16: =VLOOKUP(C16,Theory!B19:BO85,66,FALSE) -> 0 | BZ16: =MAX(SUM(BR16:BU16),SUM(BV16:BY16)) -> 10 | CA16: =SUM(AT16,AY16,BH16,BQ16,BZ16) -> 47 | CB16: =VLOOKUP(C16,Theory!B19:BP85,67,FALSE) -> 9 | CC16: =VLOOKUP(C16,Theory!B19:BQ85,68,FALSE) -> 0 | CD16: =VLOOKUP(C16,Theory!B19:BR85,69,FALSE) -> 0 | CE16: =VLOOKUP(C16,Theory!B19:BS85,70,FALSE) -> 0 | CF16: =SUM(CB16:CE16) -> 9 | CG16: =VLOOKUP(C16,Theory!B19:BT85,71,FALSE) -> 9 | CH16: =VLOOKUP(C16,Theory!B19:BU85,72,FALSE) -> 0 | CI16: =VLOOKUP(C16,Theory!B19:BV85,73,FALSE) -> 0 | CJ16: =VLOOKUP(C16,Theory!B19:BW85,74,FALSE) -> 0 | CK16: =SUM(CG16:CJ16) -> 9 | CL16: =VLOOKUP(C16,Theory!B19:BX85,75,FALSE) -> 0 | CM16: =VLOOKUP(C16,Theory!B19:BY85,76,FALSE) -> 0 | CN16: =VLOOKUP(C16,Theory!B19:BZ85,77,FALSE) -> 0 | CO16: =VLOOKUP(C16,Theory!B19:CA85,78,FALSE) -> 0 | CP16: =VLOOKUP(C16,Theory!B19:CB85,79,FALSE) -> 10 | CQ16: =VLOOKUP(C16,Theory!B19:CC85,80,FALSE) -> 0 | CR16: =VLOOKUP(C16,Theory!B19:CD85,81,FALSE) -> 0 | CS16: =VLOOKUP(C16,Theory!B19:CE85,82,FALSE) -> 0 | CT16: =MAX(SUM(CL16:CO16),SUM(CP16:CS16)) -> 10 | CU16: =VLOOKUP(C16,Theory!B19:CF85,83,FALSE) -> 10 | CV16: =VLOOKUP(C16,Theory!B19:CG85,84,FALSE) -> 0 | CW16: =VLOOKUP(C16,Theory!B19:CH85,85,FALSE) -> 0 | CX16: =VLOOKUP(C16,Theory!B19:CI85,86,FALSE) -> 0 | CY16: =VLOOKUP(C16,Theory!B19:CJ85,87,FALSE) -> 0 | CZ16: =VLOOKUP(C16,Theory!B19:CK85,88,FALSE) -> 0 | DA16: =VLOOKUP(C16,Theory!B19:CL85,89,FALSE) -> 0 | DB16: =VLOOKUP(C16,Theory!B19:CM85,90,FALSE) -> 0 | DC16: =MAX(SUM(CU16:CX16),SUM(CY16:DB16)) -> 10 | DD16: =VLOOKUP(C16,Theory!B19:CN85,91,FALSE) -> 9 | DE16: =VLOOKUP(C16,Theory!B19:CO85,92,FALSE) -> 0 | DF16: =VLOOKUP(C16,Theory!B19:CP85,93,FALSE) -> 0 | DG16: =VLOOKUP(C16,Theory!B19:CQ85,94,FALSE) -> 0 | DH16: =VLOOKUP(C16,Theory!B19:CR85,95,FALSE) -> 0 | DI16: =VLOOKUP(C16,Theory!B19:CS85,96,FALSE) -> 0 | DJ16: =VLOOKUP(C16,Theory!B19:CT85,97,FALSE) -> 0 | DK16: =VLOOKUP(C16,Theory!B19:CU85,98,FALSE) -> 0 | DL16: =MAX(SUM(DD16:DG16),SUM(DH16:DK16)) -> 9 | DM16: =SUM(CF16,CK16,CT16,DC16,DL16) -> 47 | DN16: =AO16 -> 43 | DO16: =CA16 -> 47 | DP16: =DM16 -> 47 | DQ16: =ROUND(30*DN16/50,0) -> 26 | DR16: =ROUND(30*DO16/50,0) -> 28 | DS16: =ROUND(30*DP16/50,0) -> 28 | DT16: =ROUND(AVERAGE(DQ16:DS16),0) -> 27 | DU16: =VLOOKUP(C16,Theory!B19:CV85,99,FALSE) -> 10 | DV16: =VLOOKUP(C16,Theory!B19:CW85,100,FALSE) -> 10 | DW16: =SUM(DU16:DV16) -> 20 | DX16: =SUM(DT16:DV16) -> 47 | DY16: =ROUND((30*DX16/50),0) -> 28 | DZ16: =VLOOKUP(C16,Lab!B11:D80,3,FALSE) -> 0 | EA16: =VLOOKUP(C16,Lab!B11:E80,4,FALSE) -> 0 | EB16: =VLOOKUP(C16,Lab!B11:F80,5,FALSE) -> 0 | EC16: =SUM(DZ16:EB16) -> 0 | ED16: =VLOOKUP(C16,Lab!B11:G80,6,FALSE) -> 0 | EE16: =VLOOKUP(C16,Lab!B11:H80,7,FALSE) -> 0 | EF16: =VLOOKUP(C16,Lab!B11:I80,8,FALSE) -> 0 | EG16: =SUM(ED16:EF16) -> 0 | EH16: =SUM(EC16,EG16) -> 0 | EI16: =ROUND((20*EH16/50),0) -> 0 | EJ16: =SUM(DY16,EI16) -> 28 | EK16: 42 | EM16: =VLOOKUP(C16,Theory!B19:DL85,114,FALSE) -> 0 | EN16: =VLOOKUP(C16,Theory!B19:DM85,115,FALSE) -> 0 | EO16: =VLOOKUP(C16,Theory!B19:DN85,116,FALSE) -> 0 | EP16: =VLOOKUP(C16,Theory!B19:DO85,117,FALSE) -> 0 | EQ16: =VLOOKUP(C16,Theory!B19:DP85,118,FALSE) -> 0 | ER16: =VLOOKUP(C16,Theory!B19:DQ85,119,FALSE) -> 0 | ES16: =VLOOKUP(C16,Theory!B19:DR85,120,FALSE) -> 0 | ET16: =SUM(ER16:ES16) -> 0
A17: 4 | B17: =Theory!C20 -> ARYAMAN SAXENA | C17: =Theory!B20 -> 1DS21AI006 | D17: =VLOOKUP(C17,Theory!B20:D86,3,FALSE) -> 6 | E17: =VLOOKUP(C17,Theory!B20:E86,4,FALSE) -> 0 | F17: =VLOOKUP(C17,Theory!B20:F86,5,FALSE) -> 0 | G17: =VLOOKUP(C17,Theory!B20:G86,6,FALSE) -> 0 | H17: =SUM(D17:G17) -> 6 | I17: =VLOOKUP(C17,Theory!B20:H86,7,FALSE) -> 5 | J17: =VLOOKUP(C17,Theory!B20:I86,8,FALSE) -> 0 | K17: =VLOOKUP(C17,Theory!B20:J86,9,FALSE) -> 0 | L17: =VLOOKUP(C17,Theory!B20:K86,10,FALSE) -> 0 | M17: =SUM(I17:L17) -> 5 | N17: =VLOOKUP(C17,Theory!B20:L86,11,FALSE) -> 10 | O17: =VLOOKUP(C17,Theory!B20:M86,12,FALSE) -> 0 | P17: =VLOOKUP(C17,Theory!B20:N86,13,FALSE) -> 0 | Q17: =VLOOKUP(C17,Theory!B20:O86,14,FALSE) -> 0 | R17: =VLOOKUP(C17,Theory!B20:P86,15,FALSE) -> 0 | S17: =VLOOKUP(C17,Theory!B20:Q86,16,FALSE) -> 0 | T17: =VLOOKUP(C17,Theory!B20:R86,17,FALSE) -> 0 | U17: =VLOOKUP(C17,Theory!B20:S86,18,FALSE) -> 0 | V17: =MAX(SUM(N17:Q17),SUM(R17:U17)) -> 10 | W17: =VLOOKUP(C17,Theory!B20:T86,19,FALSE) -> 0 | X17: =VLOOKUP(C17,Theory!B20:U86,20,FALSE) -> 0 | Y17: =VLOOKUP(C17,Theory!B20:V86,21,FALSE) -> 0 | Z17: =VLOOKUP(C17,Theory!B20:W86,22,FALSE) -> 0 | AA17: =VLOOKUP(C17,Theory!B20:X86,23,FALSE) -> 7 | AB17: =VLOOKUP(C17,Theory!B20:Y86,24,FALSE) -> 0 | AC17: =VLOOKUP(C17,Theory!B20:Z86,25,FALSE) -> 0 | AD17: =VLOOKUP(C17,Theory!B20:AA86,26,FALSE) -> 0 | AE17: =MAX(SUM(W17:Z17),SUM(AA17:AD17)) -> 7 | AF17: =VLOOKUP(C17,Theory!B20:AB86,27,FALSE) -> 7 | AG17: =VLOOKUP(C17,Theory!B20:AC86,28,FALSE) -> 0 | AH17: =VLOOKUP(C17,Theory!B20:AD86,29,FALSE) -> 0 | AI17: =VLOOKUP(C17,Theory!B20:AE86,30,FALSE) -> 0 | AJ17: =VLOOKUP(C17,Theory!B20:AF86,31,FALSE) -> 0 | AK17: =VLOOKUP(C17,Theory!B20:AG86,32,FALSE) -> 0 | AL17: =VLOOKUP(C17,Theory!B20:AH86,33,FALSE) -> 0 | AM17: =VLOOKUP(C17,Theory!B20:AI86,34,FALSE) -> 0 | AN17: =MAX(SUM(AF17:AI17),SUM(AJ17:AM17)) -> 7 | AO17: =SUM(H17,M17,V17,AE17,AN17) -> 35 | AP17: =VLOOKUP(C17,Theory!B20:AJ86,35,FALSE) -> 0 | AQ17: =VLOOKUP(C17,Theory!B20:AK86,36,FALSE) -> 0 | AR17: =VLOOKUP(C17,Theory!B20:AL86,37,FALSE) -> 0 | AS17: =VLOOKUP(C17,Theory!B20:AM86,38,FALSE) -> 0 | AT17: =SUM(AP17:AS17) -> 0 | AU17: =VLOOKUP(C17,Theory!B20:AN86,39,FALSE) -> 0 | AV17: =VLOOKUP(C17,Theory!B20:AO86,40,FALSE) -> 0 | AW17: =VLOOKUP(C17,Theory!B20:AP86,41,FALSE) -> 0 | AX17: =VLOOKUP(C17,Theory!B20:AQ86,42,FALSE) -> 0 | AY17: =SUM(AU17:AX17) -> 0 | AZ17: =VLOOKUP(C17,Theory!B20:AR86,43,FALSE) -> 0 | BA17: =VLOOKUP(C17,Theory!B20:AS86,44,FALSE) -> 0 | BB17: =VLOOKUP(C17,Theory!B20:AT86,45,FALSE) -> 0 | BC17: =VLOOKUP(C17,Theory!B20:AU86,46,FALSE) -> 0 | BD17: =VLOOKUP(C17,Theory!B20:AV86,47,FALSE) -> 0 | BE17: =VLOOKUP(C17,Theory!B20:AW86,48,FALSE) -> 0 | BF17: =VLOOKUP(C17,Theory!B20:AX86,49,FALSE) -> 0 | BG17: =VLOOKUP(C17,Theory!B20:AY86,50,FALSE) -> 0 | BH17: =MAX(SUM(AZ17:BC17),SUM(BD17:BG17)) -> 0 | BI17: =VLOOKUP(C17,Theory!B20:AZ86,51,FALSE) -> 0 | BJ17: =VLOOKUP(C17,Theory!B20:BA86,52,FALSE) -> 0 | BK17: =VLOOKUP(C17,Theory!B20:BB86,53,FALSE) -> 0 | BL17: =VLOOKUP(C17,Theory!B20:BC86,54,FALSE) -> 0 | BM17: =VLOOKUP(C17,Theory!B20:BD86,55,FALSE) -> 0 | BN17: =VLOOKUP(C17,Theory!B20:BE86,56,FALSE) -> 0 | BO17: =VLOOKUP(C17,Theory!B20:BF86,57,FALSE) -> 0 | BP17: =VLOOKUP(C17,Theory!B20:BG86,58,FALSE) -> 0 | BQ17: =MAX(SUM(BI17:BL17),SUM(BM17:BP17)) -> 0 | BR17: =VLOOKUP(C17,Theory!B20:BH86,59,FALSE) -> 0 | BS17: =VLOOKUP(C17,Theory!B20:BI86,60,FALSE) -> 0 | BT17: =VLOOKUP(C17,Theory!B20:BJ86,61,FALSE) -> 0 | BU17: =VLOOKUP(C17,Theory!B20:BK86,62,FALSE) -> 0 | BV17: =VLOOKUP(C17,Theory!B20:BL86,63,FALSE) -> 0 | BW17: =VLOOKUP(C17,Theory!B20:BM86,64,FALSE) -> 0 | BX17: =VLOOKUP(C17,Theory!B20:BN86,65,FALSE) -> 0 | BY17: =VLOOKUP(C17,Theory!B20:BO86,66,FALSE) -> 0 | BZ17: =MAX(SUM(BR17:BU17),SUM(BV17:BY17)) -> 0 | CA17: =SUM(AT17,AY17,BH17,BQ17,BZ17) -> 0 | CB17: =VLOOKUP(C17,Theory!B20:BP86,67,FALSE) -> 5 | CC17: =VLOOKUP(C17,Theory!B20:BQ86,68,FALSE) -> 0 | CD17: =VLOOKUP(C17,Theory!B20:BR86,69,FALSE) -> 0 | CE17: =VLOOKUP(C17,Theory!B20:BS86,70,FALSE) -> 0 | CF17: =SUM(CB17:CE17) -> 5 | CG17: =VLOOKUP(C17,Theory!B20:BT86,71,FALSE) -> 8 | CH17: =VLOOKUP(C17,Theory!B20:BU86,72,FALSE) -> 0 | CI17: =VLOOKUP(C17,Theory!B20:BV86,73,FALSE) -> 0 | CJ17: =VLOOKUP(C17,Theory!B20:BW86,74,FALSE) -> 0 | CK17: =SUM(CG17:CJ17) -> 8 | CL17: =VLOOKUP(C17,Theory!B20:BX86,75,FALSE) -> 9 | CM17: =VLOOKUP(C17,Theory!B20:BY86,76,FALSE) -> 0 | CN17: =VLOOKUP(C17,Theory!B20:BZ86,77,FALSE) -> 0 | CO17: =VLOOKUP(C17,Theory!B20:CA86,78,FALSE) -> 0 | CP17: =VLOOKUP(C17,Theory!B20:CB86,79,FALSE) -> 0 | CQ17: =VLOOKUP(C17,Theory!B20:CC86,80,FALSE) -> 0 | CR17: =VLOOKUP(C17,Theory!B20:CD86,81,FALSE) -> 0 | CS17: =VLOOKUP(C17,Theory!B20:CE86,82,FALSE) -> 0 | CT17: =MAX(SUM(CL17:CO17),SUM(CP17:CS17)) -> 9 | CU17: =VLOOKUP(C17,Theory!B20:CF86,83,FALSE) -> 10 | CV17: =VLOOKUP(C17,Theory!B20:CG86,84,FALSE) -> 0 | CW17: =VLOOKUP(C17,Theory!B20:CH86,85,FALSE) -> 0 | CX17: =VLOOKUP(C17,Theory!B20:CI86,86,FALSE) -> 0 | CY17: =VLOOKUP(C17,Theory!B20:CJ86,87,FALSE) -> 0 | CZ17: =VLOOKUP(C17,Theory!B20:CK86,88,FALSE) -> 0 | DA17: =VLOOKUP(C17,Theory!B20:CL86,89,FALSE) -> 0 | DB17: =VLOOKUP(C17,Theory!B20:CM86,90,FALSE) -> 0 | DC17: =MAX(SUM(CU17:CX17),SUM(CY17:DB17)) -> 10 | DD17: =VLOOKUP(C17,Theory!B20:CN86,91,FALSE) -> 8 | DE17: =VLOOKUP(C17,Theory!B20:CO86,92,FALSE) -> 0 | DF17: =VLOOKUP(C17,Theory!B20:CP86,93,FALSE) -> 0 | DG17: =VLOOKUP(C17,Theory!B20:CQ86,94,FALSE) -> 0 | DH17: =VLOOKUP(C17,Theory!B20:CR86,95,FALSE) -> 0 | DI17: =VLOOKUP(C17,Theory!B20:CS86,96,FALSE) -> 0 | DJ17: =VLOOKUP(C17,Theory!B20:CT86,97,FALSE) -> 0 | DK17: =VLOOKUP(C17,Theory!B20:CU86,98,FALSE) -> 0 | DL17: =MAX(SUM(DD17:DG17),SUM(DH17:DK17)) -> 8 | DM17: =SUM(CF17,CK17,CT17,DC17,DL17) -> 40 | DN17: =AO17 -> 35 | DO17: =CA17 -> 0 | DP17: =DM17 -> 40 | DQ17: =ROUND(30*DN17/50,0) -> 21 | DR17: =ROUND(30*DO17/50,0) -> 0 | DS17: =ROUND(30*DP17/50,0) -> 24 | DT17: =ROUND(AVERAGE(DQ17:DS17),0) -> 15 | DU17: =VLOOKUP(C17,Theory!B20:CV86,99,FALSE) -> 10 | DV17: =VLOOKUP(C17,Theory!B20:CW86,100,FALSE) -> 10 | DW17: =SUM(DU17:DV17) -> 20 | DX17: =SUM(DT17:DV17) -> 35 | DY17: =ROUND((30*DX17/50),0) -> 21 | DZ17: =VLOOKUP(C17,Lab!B12:D81,3,FALSE) -> 0 | EA17: =VLOOKUP(C17,Lab!B12:E81,4,FALSE) -> 0 | EB17: =VLOOKUP(C17,Lab!B12:F81,5,FALSE) -> 0 | EC17: =SUM(DZ17:EB17) -> 0 | ED17: =VLOOKUP(C17,Lab!B12:G81,6,FALSE) -> 0 | EE17: =VLOOKUP(C17,Lab!B12:H81,7,FALSE) -> 0 | EF17: =VLOOKUP(C17,Lab!B12:I81,8,FALSE) -> 0 | EG17: =SUM(ED17:EF17) -> 0 | EH17: =SUM(EC17,EG17) -> 0 | EI17: =ROUND((20*EH17/50),0) -> 0 | EJ17: =SUM(DY17,EI17) -> 21 | EK17: 41 | EM17: =VLOOKUP(C17,Theory!B20:DL86,114,FALSE) -> 0 | EN17: =VLOOKUP(C17,Theory!B20:DM86,115,FALSE) -> 0 | EO17: =VLOOKUP(C17,Theory!B20:DN86,116,FALSE) -> 0 | EP17: =VLOOKUP(C17,Theory!B20:DO86,117,FALSE) -> 0 | EQ17: =VLOOKUP(C17,Theory!B20:DP86,118,FALSE) -> 0 | ER17: =VLOOKUP(C17,Theory!B20:DQ86,119,FALSE) -> 0 | ES17: =VLOOKUP(C17,Theory!B20:DR86,120,FALSE) -> 0 | ET17: =SUM(ER17:ES17) -> 0
A18: 5 | B18: =Theory!C21 -> ASHWIN SAI G | C18: =Theory!B21 -> 1DS21AI007 | D18: =VLOOKUP(C18,Theory!B21:D89,3,FALSE) -> 7 | E18: =VLOOKUP(C18,Theory!B21:E89,4,FALSE) -> 0 | F18: =VLOOKUP(C18,Theory!B21:F89,5,FALSE) -> 0 | G18: =VLOOKUP(C18,Theory!B21:G89,6,FALSE) -> 0 | H18: =SUM(D18:G18) -> 7 | I18: =VLOOKUP(C18,Theory!B21:H89,7,FALSE) -> 0 | J18: =VLOOKUP(C18,Theory!B21:I89,8,FALSE) -> 0 | K18: =VLOOKUP(C18,Theory!B21:J89,9,FALSE) -> 0 | L18: =VLOOKUP(C18,Theory!B21:K89,10,FALSE) -> 0 | M18: =SUM(I18:L18) -> 0 | N18: =VLOOKUP(C18,Theory!B21:L89,11,FALSE) -> 0 | O18: =VLOOKUP(C18,Theory!B21:M89,12,FALSE) -> 0 | P18: =VLOOKUP(C18,Theory!B21:N89,13,FALSE) -> 0 | Q18: =VLOOKUP(C18,Theory!B21:O89,14,FALSE) -> 0 | R18: =VLOOKUP(C18,Theory!B21:P89,15,FALSE) -> 5 | S18: =VLOOKUP(C18,Theory!B21:Q89,16,FALSE) -> 0 | T18: =VLOOKUP(C18,Theory!B21:R89,17,FALSE) -> 0 | U18: =VLOOKUP(C18,Theory!B21:S89,18,FALSE) -> 0 | V18: =MAX(SUM(N18:Q18),SUM(R18:U18)) -> 5 | W18: =VLOOKUP(C18,Theory!B21:T89,19,FALSE) -> 0 | X18: =VLOOKUP(C18,Theory!B21:U89,20,FALSE) -> 0 | Y18: =VLOOKUP(C18,Theory!B21:V89,21,FALSE) -> 0 | Z18: =VLOOKUP(C18,Theory!B21:W89,22,FALSE) -> 0 | AA18: =VLOOKUP(C18,Theory!B21:X89,23,FALSE) -> 4 | AB18: =VLOOKUP(C18,Theory!B21:Y89,24,FALSE) -> 0 | AC18: =VLOOKUP(C18,Theory!B21:Z89,25,FALSE) -> 0 | AD18: =VLOOKUP(C18,Theory!B21:AA89,26,FALSE) -> 0 | AE18: =MAX(SUM(W18:Z18),SUM(AA18:AD18)) -> 4 | AF18: =VLOOKUP(C18,Theory!B21:AB89,27,FALSE) -> 4 | AG18: =VLOOKUP(C18,Theory!B21:AC89,28,FALSE) -> 0 | AH18: =VLOOKUP(C18,Theory!B21:AD89,29,FALSE) -> 0 | AI18: =VLOOKUP(C18,Theory!B21:AE89,30,FALSE) -> 0 | AJ18: =VLOOKUP(C18,Theory!B21:AF89,31,FALSE) -> 0 | AK18: =VLOOKUP(C18,Theory!B21:AG89,32,FALSE) -> 0 | AL18: =VLOOKUP(C18,Theory!B21:AH89,33,FALSE) -> 0 | AM18: =VLOOKUP(C18,Theory!B21:AI89,34,FALSE) -> 0 | AN18: =MAX(SUM(AF18:AI18),SUM(AJ18:AM18)) -> 4 | AO18: =SUM(H18,M18,V18,AE18,AN18) -> 20 | AP18: =VLOOKUP(C18,Theory!B21:AJ89,35,FALSE) -> 0 | AQ18: =VLOOKUP(C18,Theory!B21:AK89,36,FALSE) -> 0 | AR18: =VLOOKUP(C18,Theory!B21:AL89,37,FALSE) -> 0 | AS18: =VLOOKUP(C18,Theory!B21:AM89,38,FALSE) -> 0 | AT18: =SUM(AP18:AS18) -> 0 | AU18: =VLOOKUP(C18,Theory!B21:AN89,39,FALSE) -> 2 | AV18: =VLOOKUP(C18,Theory!B21:AO89,40,FALSE) -> 0 | AW18: =VLOOKUP(C18,Theory!B21:AP89,41,FALSE) -> 0 | AX18: =VLOOKUP(C18,Theory!B21:AQ89,42,FALSE) -> 0 | AY18: =SUM(AU18:AX18) -> 2 | AZ18: =VLOOKUP(C18,Theory!B21:AR89,43,FALSE) -> 6 | BA18: =VLOOKUP(C18,Theory!B21:AS89,44,FALSE) -> 0 | BB18: =VLOOKUP(C18,Theory!B21:AT89,45,FALSE) -> 0 | BC18: =VLOOKUP(C18,Theory!B21:AU89,46,FALSE) -> 0 | BD18: =VLOOKUP(C18,Theory!B21:AV89,47,FALSE) -> 1 | BE18: =VLOOKUP(C18,Theory!B21:AW89,48,FALSE) -> 0 | BF18: =VLOOKUP(C18,Theory!B21:AX89,49,FALSE) -> 0 | BG18: =VLOOKUP(C18,Theory!B21:AY89,50,FALSE) -> 0 | BH18: =MAX(SUM(AZ18:BC18),SUM(BD18:BG18)) -> 6 | BI18: =VLOOKUP(C18,Theory!B21:AZ89,51,FALSE) -> 2 | BJ18: =VLOOKUP(C18,Theory!B21:BA89,52,FALSE) -> 0 | BK18: =VLOOKUP(C18,Theory!B21:BB89,53,FALSE) -> 0 | BL18: =VLOOKUP(C18,Theory!B21:BC89,54,FALSE) -> 0 | BM18: =VLOOKUP(C18,Theory!B21:BD89,55,FALSE) -> 0 | BN18: =VLOOKUP(C18,Theory!B21:BE89,56,FALSE) -> 0 | BO18: =VLOOKUP(C18,Theory!B21:BF89,57,FALSE) -> 0 | BP18: =VLOOKUP(C18,Theory!B21:BG89,58,FALSE) -> 0 | BQ18: =MAX(SUM(BI18:BL18),SUM(BM18:BP18)) -> 2 | BR18: =VLOOKUP(C18,Theory!B21:BH89,59,FALSE) -> 0 | BS18: =VLOOKUP(C18,Theory!B21:BI89,60,FALSE) -> 0 | BT18: =VLOOKUP(C18,Theory!B21:BJ89,61,FALSE) -> 0 | BU18: =VLOOKUP(C18,Theory!B21:BK89,62,FALSE) -> 0 | BV18: =VLOOKUP(C18,Theory!B21:BL89,63,FALSE) -> 5 | BW18: =VLOOKUP(C18,Theory!B21:BM89,64,FALSE) -> 0 | BX18: =VLOOKUP(C18,Theory!B21:BN89,65,FALSE) -> 0 | BY18: =VLOOKUP(C18,Theory!B21:BO89,66,FALSE) -> 0 | BZ18: =MAX(SUM(BR18:BU18),SUM(BV18:BY18)) -> 5 | CA18: =SUM(AT18,AY18,BH18,BQ18,BZ18) -> 15 | CB18: =VLOOKUP(C18,Theory!B21:BP89,67,FALSE) -> 6 | CC18: =VLOOKUP(C18,Theory!B21:BQ89,68,FALSE) -> 0 | CD18: =VLOOKUP(C18,Theory!B21:BR89,69,FALSE) -> 0 | CE18: =VLOOKUP(C18,Theory!B21:BS89,70,FALSE) -> 0 | CF18: =SUM(CB18:CE18) -> 6 | CG18: =VLOOKUP(C18,Theory!B21:BT89,71,FALSE) -> 1 | CH18: =VLOOKUP(C18,Theory!B21:BU89,72,FALSE) -> 0 | CI18: =VLOOKUP(C18,Theory!B21:BV89,73,FALSE) -> 0 | CJ18: =VLOOKUP(C18,Theory!B21:BW89,74,FALSE) -> 0 | CK18: =SUM(CG18:CJ18) -> 1 | CL18: =VLOOKUP(C18,Theory!B21:BX89,75,FALSE) -> 6 | CM18: =VLOOKUP(C18,Theory!B21:BY89,76,FALSE) -> 0 | CN18: =VLOOKUP(C18,Theory!B21:BZ89,77,FALSE) -> 0 | CO18: =VLOOKUP(C18,Theory!B21:CA89,78,FALSE) -> 0 | CP18: =VLOOKUP(C18,Theory!B21:CB89,79,FALSE) -> 7 | CQ18: =VLOOKUP(C18,Theory!B21:CC89,80,FALSE) -> 0 | CR18: =VLOOKUP(C18,Theory!B21:CD89,81,FALSE) -> 0 | CS18: =VLOOKUP(C18,Theory!B21:CE89,82,FALSE) -> 0 | CT18: =MAX(SUM(CL18:CO18),SUM(CP18:CS18)) -> 7 | CU18: =VLOOKUP(C18,Theory!B21:CF89,83,FALSE) -> 0 | CV18: =VLOOKUP(C18,Theory!B21:CG89,84,FALSE) -> 0 | CW18: =VLOOKUP(C18,Theory!B21:CH89,85,FALSE) -> 0 | CX18: =VLOOKUP(C18,Theory!B21:CI89,86,FALSE) -> 0 | CY18: =VLOOKUP(C18,Theory!B21:CJ89,87,FALSE) -> 0 | CZ18: =VLOOKUP(C18,Theory!B21:CK89,88,FALSE) -> 0 | DA18: =VLOOKUP(C18,Theory!B21:CL89,89,FALSE) -> 0 | DB18: =VLOOKUP(C18,Theory!B21:CM89,90,FALSE) -> 0 | DC18: =MAX(SUM(CU18:CX18),SUM(CY18:DB18)) -> 0 | DD18: =VLOOKUP(C18,Theory!B21:CN89,91,FALSE) -> 0 | DE18: =VLOOKUP(C18,Theory!B21:CO89,92,FALSE) -> 0 | DF18: =VLOOKUP(C18,Theory!B21:CP89,93,FALSE) -> 0 | DG18: =VLOOKUP(C18,Theory!B21:CQ89,94,FALSE) -> 0 | DH18: =VLOOKUP(C18,Theory!B21:CR89,95,FALSE) -> 6 | DI18: =VLOOKUP(C18,Theory!B21:CS89,96,FALSE) -> 0 | DJ18: =VLOOKUP(C18,Theory!B21:CT89,97,FALSE) -> 0 | DK18: =VLOOKUP(C18,Theory!B21:CU89,98,FALSE) -> 0 | DL18: =MAX(SUM(DD18:DG18),SUM(DH18:DK18)) -> 6 | DM18: =SUM(CF18,CK18,CT18,DC18,DL18) -> 20 | DN18: =AO18 -> 20 | DO18: =CA18 -> 15 | DP18: =DM18 -> 20 | DQ18: =ROUND(30*DN18/50,0) -> 12 | DR18: =ROUND(30*DO18/50,0) -> 9 | DS18: =ROUND(30*DP18/50,0) -> 12 | DT18: =ROUND(AVERAGE(DQ18:DS18),0) -> 11 | DU18: =VLOOKUP(C18,Theory!B21:CV89,99,FALSE) -> 10 | DV18: =VLOOKUP(C18,Theory!B21:CW89,100,FALSE) -> 10 | DW18: =SUM(DU18:DV18) -> 20 | DX18: =SUM(DT18:DV18) -> 31 | DY18: =ROUND((30*DX18/50),0) -> 19 | DZ18: =VLOOKUP(C18,Lab!B13:D82,3,FALSE) -> 0 | EA18: =VLOOKUP(C18,Lab!B13:E82,4,FALSE) -> 0 | EB18: =VLOOKUP(C18,Lab!B13:F82,5,FALSE) -> 0 | EC18: =SUM(DZ18:EB18) -> 0 | ED18: =VLOOKUP(C18,Lab!B13:G82,6,FALSE) -> 0 | EE18: =VLOOKUP(C18,Lab!B13:H82,7,FALSE) -> 0 | EF18: =VLOOKUP(C18,Lab!B13:I82,8,FALSE) -> 0 | EG18: =SUM(ED18:EF18) -> 0 | EH18: =SUM(EC18,EG18) -> 0 | EI18: =ROUND((20*EH18/50),0) -> 0 | EJ18: =SUM(DY18,EI18) -> 19 | EK18: 21 | EM18: =VLOOKUP(C18,Theory!B21:DL89,114,FALSE) -> 0 | EN18: =VLOOKUP(C18,Theory!B21:DM89,115,FALSE) -> 0 | EO18: =VLOOKUP(C18,Theory!B21:DN89,116,FALSE) -> 0 | EP18: =VLOOKUP(C18,Theory!B21:DO87,117,FALSE) -> 0 | EQ18: =VLOOKUP(C18,Theory!B21:DP87,118,FALSE) -> 0 | ER18: =VLOOKUP(C18,Theory!B21:DQ87,119,FALSE) -> 0 | ES18: =VLOOKUP(C18,Theory!B21:DR87,120,FALSE) -> 0 | ET18: =SUM(ER18:ES18) -> 0
A19: 6 | B19: =Theory!C22 -> BHARGAVI K | C19: =Theory!B22 -> 1DS21AI009 | D19: =VLOOKUP(C19,Theory!B22:D90,3,FALSE) -> 8 | E19: =VLOOKUP(C19,Theory!B22:E90,4,FALSE) -> 0 | F19: =VLOOKUP(C19,Theory!B22:F90,5,FALSE) -> 0 | G19: =VLOOKUP(C19,Theory!B22:G90,6,FALSE) -> 0 | H19: =SUM(D19:G19) -> 8 | I19: =VLOOKUP(C19,Theory!B22:H90,7,FALSE) -> 6 | J19: =VLOOKUP(C19,Theory!B22:I90,8,FALSE) -> 0 | K19: =VLOOKUP(C19,Theory!B22:J90,9,FALSE) -> 0 | L19: =VLOOKUP(C19,Theory!B22:K90,10,FALSE) -> 0 | M19: =SUM(I19:L19) -> 6 | N19: =VLOOKUP(C19,Theory!B22:L90,11,FALSE) -> 10 | O19: =VLOOKUP(C19,Theory!B22:M90,12,FALSE) -> 0 | P19: =VLOOKUP(C19,Theory!B22:N90,13,FALSE) -> 0 | Q19: =VLOOKUP(C19,Theory!B22:O90,14,FALSE) -> 0 | R19: =VLOOKUP(C19,Theory!B22:P90,15,FALSE) -> 0 | S19: =VLOOKUP(C19,Theory!B22:Q90,16,FALSE) -> 0 | T19: =VLOOKUP(C19,Theory!B22:R90,17,FALSE) -> 0 | U19: =VLOOKUP(C19,Theory!B22:S90,18,FALSE) -> 0 | V19: =MAX(SUM(N19:Q19),SUM(R19:U19)) -> 10 | W19: =VLOOKUP(C19,Theory!B22:T90,19,FALSE) -> 0 | X19: =VLOOKUP(C19,Theory!B22:U90,20,FALSE) -> 0 | Y19: =VLOOKUP(C19,Theory!B22:V90,21,FALSE) -> 0 | Z19: =VLOOKUP(C19,Theory!B22:W90,22,FALSE) -> 0 | AA19: =VLOOKUP(C19,Theory!B22:X90,23,FALSE) -> 9 | AB19: =VLOOKUP(C19,Theory!B22:Y90,24,FALSE) -> 0 | AC19: =VLOOKUP(C19,Theory!B22:Z90,25,FALSE) -> 0 | AD19: =VLOOKUP(C19,Theory!B22:AA90,26,FALSE) -> 0 | AE19: =MAX(SUM(W19:Z19),SUM(AA19:AD19)) -> 9 | AF19: =VLOOKUP(C19,Theory!B22:AB90,27,FALSE) -> 0 | AG19: =VLOOKUP(C19,Theory!B22:AC90,28,FALSE) -> 0 | AH19: =VLOOKUP(C19,Theory!B22:AD90,29,FALSE) -> 0 | AI19: =VLOOKUP(C19,Theory!B22:AE90,30,FALSE) -> 0 | AJ19: =VLOOKUP(C19,Theory!B22:AF90,31,FALSE) -> 9 | AK19: =VLOOKUP(C19,Theory!B22:AG90,32,FALSE) -> 0 | AL19: =VLOOKUP(C19,Theory!B22:AH90,33,FALSE) -> 0 | AM19: =VLOOKUP(C19,Theory!B22:AI90,34,FALSE) -> 0 | AN19: =MAX(SUM(AF19:AI19),SUM(AJ19:AM19)) -> 9 | AO19: =SUM(H19,M19,V19,AE19,AN19) -> 42 | AP19: =VLOOKUP(C19,Theory!B22:AJ90,35,FALSE) -> 10 | AQ19: =VLOOKUP(C19,Theory!B22:AK90,36,FALSE) -> 0 | AR19: =VLOOKUP(C19,Theory!B22:AL90,37,FALSE) -> 0 | AS19: =VLOOKUP(C19,Theory!B22:AM90,38,FALSE) -> 0 | AT19: =SUM(AP19:AS19) -> 10 | AU19: =VLOOKUP(C19,Theory!B22:AN90,39,FALSE) -> 9 | AV19: =VLOOKUP(C19,Theory!B22:AO90,40,FALSE) -> 0 | AW19: =VLOOKUP(C19,Theory!B22:AP90,41,FALSE) -> 0 | AX19: =VLOOKUP(C19,Theory!B22:AQ90,42,FALSE) -> 0 | AY19: =SUM(AU19:AX19) -> 9 | AZ19: =VLOOKUP(C19,Theory!B22:AR90,43,FALSE) -> 9 | BA19: =VLOOKUP(C19,Theory!B22:AS90,44,FALSE) -> 0 | BB19: =VLOOKUP(C19,Theory!B22:AT90,45,FALSE) -> 0 | BC19: =VLOOKUP(C19,Theory!B22:AU90,46,FALSE) -> 0 | BD19: =VLOOKUP(C19,Theory!B22:AV90,47,FALSE) -> 0 | BE19: =VLOOKUP(C19,Theory!B22:AW90,48,FALSE) -> 0 | BF19: =VLOOKUP(C19,Theory!B22:AX90,49,FALSE) -> 0 | BG19: =VLOOKUP(C19,Theory!B22:AY90,50,FALSE) -> 0 | BH19: =MAX(SUM(AZ19:BC19),SUM(BD19:BG19)) -> 9 | BI19: =VLOOKUP(C19,Theory!B22:AZ90,51,FALSE) -> 7 | BJ19: =VLOOKUP(C19,Theory!B22:BA90,52,FALSE) -> 0 | BK19: =VLOOKUP(C19,Theory!B22:BB90,53,FALSE) -> 0 | BL19: =VLOOKUP(C19,Theory!B22:BC90,54,FALSE) -> 0 | BM19: =VLOOKUP(C19,Theory!B22:BD90,55,FALSE) -> 0 | BN19: =VLOOKUP(C19,Theory!B22:BE90,56,FALSE) -> 0 | BO19: =VLOOKUP(C19,Theory!B22:BF90,57,FALSE) -> 0 | BP19: =VLOOKUP(C19,Theory!B22:BG90,58,FALSE) -> 0 | BQ19: =MAX(SUM(BI19:BL19),SUM(BM19:BP19)) -> 7 | BR19: =VLOOKUP(C19,Theory!B22:BH90,59,FALSE) -> 8 | BS19: =VLOOKUP(C19,Theory!B22:BI90,60,FALSE) -> 0 | BT19: =VLOOKUP(C19,Theory!B22:BJ90,61,FALSE) -> 0 | BU19: =VLOOKUP(C19,Theory!B22:BK90,62,FALSE) -> 0 | BV19: =VLOOKUP(C19,Theory!B22:BL90,63,FALSE) -> 0 | BW19: =VLOOKUP(C19,Theory!B22:BM90,64,FALSE) -> 0 | BX19: =VLOOKUP(C19,Theory!B22:BN90,65,FALSE) -> 0 | BY19: =VLOOKUP(C19,Theory!B22:BO90,66,FALSE) -> 0 | BZ19: =MAX(SUM(BR19:BU19),SUM(BV19:BY19)) -> 8 | CA19: =SUM(AT19,AY19,BH19,BQ19,BZ19) -> 43 | CB19: =VLOOKUP(C19,Theory!B22:BP90,67,FALSE) -> 9 | CC19: =VLOOKUP(C19,Theory!B22:BQ90,68,FALSE) -> 0 | CD19: =VLOOKUP(C19,Theory!B22:BR90,69,FALSE) -> 0 | CE19: =VLOOKUP(C19,Theory!B22:BS90,70,FALSE) -> 0 | CF19: =SUM(CB19:CE19) -> 9 | CG19: =VLOOKUP(C19,Theory!B22:BT90,71,FALSE) -> 7 | CH19: =VLOOKUP(C19,Theory!B22:BU90,72,FALSE) -> 0 | CI19: =VLOOKUP(C19,Theory!B22:BV90,73,FALSE) -> 0 | CJ19: =VLOOKUP(C19,Theory!B22:BW90,74,FALSE) -> 0 | CK19: =SUM(CG19:CJ19) -> 7 | CL19: =VLOOKUP(C19,Theory!B22:BX90,75,FALSE) -> 0 | CM19: =VLOOKUP(C19,Theory!B22:BY90,76,FALSE) -> 0 | CN19: =VLOOKUP(C19,Theory!B22:BZ90,77,FALSE) -> 0 | CO19: =VLOOKUP(C19,Theory!B22:CA90,78,FALSE) -> 0 | CP19: =VLOOKUP(C19,Theory!B22:CB90,79,FALSE) -> 10 | CQ19: =VLOOKUP(C19,Theory!B22:CC90,80,FALSE) -> 0 | CR19: =VLOOKUP(C19,Theory!B22:CD90,81,FALSE) -> 0 | CS19: =VLOOKUP(C19,Theory!B22:CE90,82,FALSE) -> 0 | CT19: =MAX(SUM(CL19:CO19),SUM(CP19:CS19)) -> 10 | CU19: =VLOOKUP(C19,Theory!B22:CF90,83,FALSE) -> 10 | CV19: =VLOOKUP(C19,Theory!B22:CG90,84,FALSE) -> 0 | CW19: =VLOOKUP(C19,Theory!B22:CH90,85,FALSE) -> 0 | CX19: =VLOOKUP(C19,Theory!B22:CI90,86,FALSE) -> 0 | CY19: =VLOOKUP(C19,Theory!B22:CJ90,87,FALSE) -> 0 | CZ19: =VLOOKUP(C19,Theory!B22:CK90,88,FALSE) -> 0 | DA19: =VLOOKUP(C19,Theory!B22:CL90,89,FALSE) -> 0 | DB19: =VLOOKUP(C19,Theory!B22:CM90,90,FALSE) -> 0 | DC19: =MAX(SUM(CU19:CX19),SUM(CY19:DB19)) -> 10 | DD19: =VLOOKUP(C19,Theory!B22:CN90,91,FALSE) -> 9 | DE19: =VLOOKUP(C19,Theory!B22:CO90,92,FALSE) -> 0 | DF19: =VLOOKUP(C19,Theory!B22:CP90,93,FALSE) -> 0 | DG19: =VLOOKUP(C19,Theory!B22:CQ90,94,FALSE) -> 0 | DH19: =VLOOKUP(C19,Theory!B22:CR90,95,FALSE) -> 0 | DI19: =VLOOKUP(C19,Theory!B22:CS90,96,FALSE) -> 0 | DJ19: =VLOOKUP(C19,Theory!B22:CT90,97,FALSE) -> 0 | DK19: =VLOOKUP(C19,Theory!B22:CU90,98,FALSE) -> 0 | DL19: =MAX(SUM(DD19:DG19),SUM(DH19:DK19)) -> 9 | DM19: =SUM(CF19,CK19,CT19,DC19,DL19) -> 45 | DN19: =AO19 -> 42 | DO19: =CA19 -> 43 | DP19: =DM19 -> 45 | DQ19: =ROUND(30*DN19/50,0) -> 25 | DR19: =ROUND(30*DO19/50,0) -> 26 | DS19: =ROUND(30*DP19/50,0) -> 27 | DT19: =ROUND(AVERAGE(DQ19:DS19),0) -> 26 | DU19: =VLOOKUP(C19,Theory!B22:CV90,99,FALSE) -> 10 | DV19: =VLOOKUP(C19,Theory!B22:CW90,100,FALSE) -> 10 | DW19: =SUM(DU19:DV19) -> 20 | DX19: =SUM(DT19:DV19) -> 46 | DY19: =ROUND((30*DX19/50),0) -> 28 | DZ19: =VLOOKUP(C19,Lab!B14:D83,3,FALSE) -> 0 | EA19: =VLOOKUP(C19,Lab!B14:E83,4,FALSE) -> 0 | EB19: =VLOOKUP(C19,Lab!B14:F83,5,FALSE) -> 0 | EC19: =SUM(DZ19:EB19) -> 0 | ED19: =VLOOKUP(C19,Lab!B14:G83,6,FALSE) -> 0 | EE19: =VLOOKUP(C19,Lab!B14:H83,7,FALSE) -> 0 | EF19: =VLOOKUP(C19,Lab!B14:I83,8,FALSE) -> 0 | EG19: =SUM(ED19:EF19) -> 0 | EH19: =SUM(EC19,EG19) -> 0 | EI19: =ROUND((20*EH19/50),0) -> 0 | EJ19: =SUM(DY19,EI19) -> 28 | EK19: 43 | EM19: =VLOOKUP(C19,Theory!B22:DL90,114,FALSE) -> 0 | EN19: =VLOOKUP(C19,Theory!B22:DM90,115,FALSE) -> 0 | EO19: =VLOOKUP(C19,Theory!B22:DN90,116,FALSE) -> 0 | EP19: =VLOOKUP(C19,Theory!B22:DO88,117,FALSE) -> 0 | EQ19: =VLOOKUP(C19,Theory!B22:DP88,118,FALSE) -> 0 | ER19: =VLOOKUP(C19,Theory!B22:DQ88,119,FALSE) -> 0 | ES19: =VLOOKUP(C19,Theory!B22:DR88,120,FALSE) -> 0 | ET19: =SUM(ER19:ES19) -> 0
A20: 7 | B20: =Theory!C23 -> DARSHAN R | C20: =Theory!B23 -> 1DS21AI014 | D20: =VLOOKUP(C20,Theory!B23:D91,3,FALSE) -> 8 | E20: =VLOOKUP(C20,Theory!B23:E91,4,FALSE) -> 0 | F20: =VLOOKUP(C20,Theory!B23:F91,5,FALSE) -> 0 | G20: =VLOOKUP(C20,Theory!B23:G91,6,FALSE) -> 0 | H20: =SUM(D20:G20) -> 8 | I20: =VLOOKUP(C20,Theory!B23:H91,7,FALSE) -> 7 | J20: =VLOOKUP(C20,Theory!B23:I91,8,FALSE) -> 0 | K20: =VLOOKUP(C20,Theory!B23:J91,9,FALSE) -> 0 | L20: =VLOOKUP(C20,Theory!B23:K91,10,FALSE) -> 0 | M20: =SUM(I20:L20) -> 7 | N20: =VLOOKUP(C20,Theory!B23:L91,11,FALSE) -> 8 | O20: =VLOOKUP(C20,Theory!B23:M91,12,FALSE) -> 0 | P20: =VLOOKUP(C20,Theory!B23:N91,13,FALSE) -> 0 | Q20: =VLOOKUP(C20,Theory!B23:O91,14,FALSE) -> 0 | R20: =VLOOKUP(C20,Theory!B23:P91,15,FALSE) -> 0 | S20: =VLOOKUP(C20,Theory!B23:Q91,16,FALSE) -> 0 | T20: =VLOOKUP(C20,Theory!B23:R91,17,FALSE) -> 0 | U20: =VLOOKUP(C20,Theory!B23:S91,18,FALSE) -> 0 | V20: =MAX(SUM(N20:Q20),SUM(R20:U20)) -> 8 | W20: =VLOOKUP(C20,Theory!B23:T91,19,FALSE) -> 6 | X20: =VLOOKUP(C20,Theory!B23:U91,20,FALSE) -> 0 | Y20: =VLOOKUP(C20,Theory!B23:V91,21,FALSE) -> 0 | Z20: =VLOOKUP(C20,Theory!B23:W91,22,FALSE) -> 0 | AA20: =VLOOKUP(C20,Theory!B23:X91,23,FALSE) -> 0 | AB20: =VLOOKUP(C20,Theory!B23:Y91,24,FALSE) -> 0 | AC20: =VLOOKUP(C20,Theory!B23:Z91,25,FALSE) -> 0 | AD20: =VLOOKUP(C20,Theory!B23:AA91,26,FALSE) -> 0 | AE20: =MAX(SUM(W20:Z20),SUM(AA20:AD20)) -> 6 | AF20: =VLOOKUP(C20,Theory!B23:AB91,27,FALSE) -> 0 | AG20: =VLOOKUP(C20,Theory!B23:AC91,28,FALSE) -> 0 | AH20: =VLOOKUP(C20,Theory!B23:AD91,29,FALSE) -> 0 | AI20: =VLOOKUP(C20,Theory!B23:AE91,30,FALSE) -> 0 | AJ20: =VLOOKUP(C20,Theory!B23:AF91,31,FALSE) -> 0 | AK20: =VLOOKUP(C20,Theory!B23:AG91,32,FALSE) -> 0 | AL20: =VLOOKUP(C20,Theory!B23:AH91,33,FALSE) -> 0 | AM20: =VLOOKUP(C20,Theory!B23:AI91,34,FALSE) -> 0 | AN20: =MAX(SUM(AF20:AI20),SUM(AJ20:AM20)) -> 0 | AO20: =SUM(H20,M20,V20,AE20,AN20) -> 29 | AP20: =VLOOKUP(C20,Theory!B23:AJ91,35,FALSE) -> 5 | AQ20: =VLOOKUP(C20,Theory!B23:AK91,36,FALSE) -> 0 | AR20: =VLOOKUP(C20,Theory!B23:AL91,37,FALSE) -> 0 | AS20: =VLOOKUP(C20,Theory!B23:AM91,38,FALSE) -> 0 | AT20: =SUM(AP20:AS20) -> 5 | AU20: =VLOOKUP(C20,Theory!B23:AN91,39,FALSE) -> 6 | AV20: =VLOOKUP(C20,Theory!B23:AO91,40,FALSE) -> 0 | AW20: =VLOOKUP(C20,Theory!B23:AP91,41,FALSE) -> 0 | AX20: =VLOOKUP(C20,Theory!B23:AQ91,42,FALSE) -> 0 | AY20: =SUM(AU20:AX20) -> 6 | AZ20: =VLOOKUP(C20,Theory!B23:AR91,43,FALSE) -> 9 | BA20: =VLOOKUP(C20,Theory!B23:AS91,44,FALSE) -> 0 | BB20: =VLOOKUP(C20,Theory!B23:AT91,45,FALSE) -> 0 | BC20: =VLOOKUP(C20,Theory!B23:AU91,46,FALSE) -> 0 | BD20: =VLOOKUP(C20,Theory!B23:AV91,47,FALSE) -> 0 | BE20: =VLOOKUP(C20,Theory!B23:AW91,48,FALSE) -> 0 | BF20: =VLOOKUP(C20,Theory!B23:AX91,49,FALSE) -> 0 | BG20: =VLOOKUP(C20,Theory!B23:AY91,50,FALSE) -> 0 | BH20: =MAX(SUM(AZ20:BC20),SUM(BD20:BG20)) -> 9 | BI20: =VLOOKUP(C20,Theory!B23:AZ91,51,FALSE) -> 0 | BJ20: =VLOOKUP(C20,Theory!B23:BA91,52,FALSE) -> 0 | BK20: =VLOOKUP(C20,Theory!B23:BB91,53,FALSE) -> 0 | BL20: =VLOOKUP(C20,Theory!B23:BC91,54,FALSE) -> 0 | BM20: =VLOOKUP(C20,Theory!B23:BD91,55,FALSE) -> 5 | BN20: =VLOOKUP(C20,Theory!B23:BE91,56,FALSE) -> 0 | BO20: =VLOOKUP(C20,Theory!B23:BF91,57,FALSE) -> 0 | BP20: =VLOOKUP(C20,Theory!B23:BG91,58,FALSE) -> 0 | BQ20: =MAX(SUM(BI20:BL20),SUM(BM20:BP20)) -> 5 | BR20: =VLOOKUP(C20,Theory!B23:BH91,59,FALSE) -> 0 | BS20: =VLOOKUP(C20,Theory!B23:BI91,60,FALSE) -> 0 | BT20: =VLOOKUP(C20,Theory!B23:BJ91,61,FALSE) -> 0 | BU20: =VLOOKUP(C20,Theory!B23:BK91,62,FALSE) -> 0 | BV20: =VLOOKUP(C20,Theory!B23:BL91,63,FALSE) -> 8 | BW20: =VLOOKUP(C20,Theory!B23:BM91,64,FALSE) -> 0 | BX20: =VLOOKUP(C20,Theory!B23:BN91,65,FALSE) -> 0 | BY20: =VLOOKUP(C20,Theory!B23:BO91,66,FALSE) -> 0 | BZ20: =MAX(SUM(BR20:BU20),SUM(BV20:BY20)) -> 8 | CA20: =SUM(AT20,AY20,BH20,BQ20,BZ20) -> 33 | CB20: =VLOOKUP(C20,Theory!B23:BP91,67,FALSE) -> 9 | CC20: =VLOOKUP(C20,Theory!B23:BQ91,68,FALSE) -> 0 | CD20: =VLOOKUP(C20,Theory!B23:BR91,69,FALSE) -> 0 | CE20: =VLOOKUP(C20,Theory!B23:BS91,70,FALSE) -> 0 | CF20: =SUM(CB20:CE20) -> 9 | CG20: =VLOOKUP(C20,Theory!B23:BT91,71,FALSE) -> 7 | CH20: =VLOOKUP(C20,Theory!B23:BU91,72,FALSE) -> 0 | CI20: =VLOOKUP(C20,Theory!B23:BV91,73,FALSE) -> 0 | CJ20: =VLOOKUP(C20,Theory!B23:BW91,74,FALSE) -> 0 | CK20: =SUM(CG20:CJ20) -> 7 | CL20: =VLOOKUP(C20,Theory!B23:BX91,75,FALSE) -> 9 | CM20: =VLOOKUP(C20,Theory!B23:BY91,76,FALSE) -> 0 | CN20: =VLOOKUP(C20,Theory!B23:BZ91,77,FALSE) -> 0 | CO20: =VLOOKUP(C20,Theory!B23:CA91,78,FALSE) -> 0 | CP20: =VLOOKUP(C20,Theory!B23:CB91,79,FALSE) -> 0 | CQ20: =VLOOKUP(C20,Theory!B23:CC91,80,FALSE) -> 0 | CR20: =VLOOKUP(C20,Theory!B23:CD91,81,FALSE) -> 0 | CS20: =VLOOKUP(C20,Theory!B23:CE91,82,FALSE) -> 0 | CT20: =MAX(SUM(CL20:CO20),SUM(CP20:CS20)) -> 9 | CU20: =VLOOKUP(C20,Theory!B23:CF91,83,FALSE) -> 0 | CV20: =VLOOKUP(C20,Theory!B23:CG91,84,FALSE) -> 0 | CW20: =VLOOKUP(C20,Theory!B23:CH91,85,FALSE) -> 0 | CX20: =VLOOKUP(C20,Theory!B23:CI91,86,FALSE) -> 0 | CY20: =VLOOKUP(C20,Theory!B23:CJ91,87,FALSE) -> 8 | CZ20: =VLOOKUP(C20,Theory!B23:CK91,88,FALSE) -> 0 | DA20: =VLOOKUP(C20,Theory!B23:CL91,89,FALSE) -> 0 | DB20: =VLOOKUP(C20,Theory!B23:CM91,90,FALSE) -> 0 | DC20: =MAX(SUM(CU20:CX20),SUM(CY20:DB20)) -> 8 | DD20: =VLOOKUP(C20,Theory!B23:CN91,91,FALSE) -> 0 | DE20: =VLOOKUP(C20,Theory!B23:CO91,92,FALSE) -> 0 | DF20: =VLOOKUP(C20,Theory!B23:CP91,93,FALSE) -> 0 | DG20: =VLOOKUP(C20,Theory!B23:CQ91,94,FALSE) -> 0 | DH20: =VLOOKUP(C20,Theory!B23:CR91,95,FALSE) -> 9 | DI20: =VLOOKUP(C20,Theory!B23:CS91,96,FALSE) -> 0 | DJ20: =VLOOKUP(C20,Theory!B23:CT91,97,FALSE) -> 0 | DK20: =VLOOKUP(C20,Theory!B23:CU91,98,FALSE) -> 0 | DL20: =MAX(SUM(DD20:DG20),SUM(DH20:DK20)) -> 9 | DM20: =SUM(CF20,CK20,CT20,DC20,DL20) -> 42 | DN20: =AO20 -> 29 | DO20: =CA20 -> 33 | DP20: =DM20 -> 42 | DQ20: =ROUND(30*DN20/50,0) -> 17 | DR20: =ROUND(30*DO20/50,0) -> 20 | DS20: =ROUND(30*DP20/50,0) -> 25 | DT20: =ROUND(AVERAGE(DQ20:DS20),0) -> 21 | DU20: =VLOOKUP(C20,Theory!B23:CV91,99,FALSE) -> 10 | DV20: =VLOOKUP(C20,Theory!B23:CW91,100,FALSE) -> 10 | DW20: =SUM(DU20:DV20) -> 20 | DX20: =SUM(DT20:DV20) -> 41 | DY20: =ROUND((30*DX20/50),0) -> 25 | DZ20: =VLOOKUP(C20,Lab!B15:D84,3,FALSE) -> 0 | EA20: =VLOOKUP(C20,Lab!B15:E84,4,FALSE) -> 0 | EB20: =VLOOKUP(C20,Lab!B15:F84,5,FALSE) -> 0 | EC20: =SUM(DZ20:EB20) -> 0 | ED20: =VLOOKUP(C20,Lab!B15:G84,6,FALSE) -> 0 | EE20: =VLOOKUP(C20,Lab!B15:H84,7,FALSE) -> 0 | EF20: =VLOOKUP(C20,Lab!B15:I84,8,FALSE) -> 0 | EG20: =SUM(ED20:EF20) -> 0 | EH20: =SUM(EC20,EG20) -> 0 | EI20: =ROUND((20*EH20/50),0) -> 0 | EJ20: =SUM(DY20,EI20) -> 25 | EK20: 35 | EM20: =VLOOKUP(C20,Theory!B23:DL91,114,FALSE) -> 0 | EN20: =VLOOKUP(C20,Theory!B23:DM91,115,FALSE) -> 0 | EO20: =VLOOKUP(C20,Theory!B23:DN91,116,FALSE) -> 0 | EP20: =VLOOKUP(C20,Theory!B23:DO89,117,FALSE) -> 0 | EQ20: =VLOOKUP(C20,Theory!B23:DP89,118,FALSE) -> 0 | ER20: =VLOOKUP(C20,Theory!B23:DQ89,119,FALSE) -> 0 | ES20: =VLOOKUP(C20,Theory!B23:DR89,120,FALSE) -> 0 | ET20: =SUM(ER20:ES20) -> 0
A21: 8 | B21: =Theory!C24 -> FATIMA ANEES MULLA | C21: =Theory!B24 -> 1DS21AI017 | D21: =VLOOKUP(C21,Theory!B24:D92,3,FALSE) -> 6 | E21: =VLOOKUP(C21,Theory!B24:E92,4,FALSE) -> 0 | F21: =VLOOKUP(C21,Theory!B24:F92,5,FALSE) -> 0 | G21: =VLOOKUP(C21,Theory!B24:G92,6,FALSE) -> 0 | H21: =SUM(D21:G21) -> 6 | I21: =VLOOKUP(C21,Theory!B24:H92,7,FALSE) -> 7 | J21: =VLOOKUP(C21,Theory!B24:I92,8,FALSE) -> 0 | K21: =VLOOKUP(C21,Theory!B24:J92,9,FALSE) -> 0 | L21: =VLOOKUP(C21,Theory!B24:K92,10,FALSE) -> 0 | M21: =SUM(I21:L21) -> 7 | N21: =VLOOKUP(C21,Theory!B24:L92,11,FALSE) -> 9 | O21: =VLOOKUP(C21,Theory!B24:M92,12,FALSE) -> 0 | P21: =VLOOKUP(C21,Theory!B24:N92,13,FALSE) -> 0 | Q21: =VLOOKUP(C21,Theory!B24:O92,14,FALSE) -> 0 | R21: =VLOOKUP(C21,Theory!B24:P92,15,FALSE) -> 0 | S21: =VLOOKUP(C21,Theory!B24:Q92,16,FALSE) -> 0 | T21: =VLOOKUP(C21,Theory!B24:R92,17,FALSE) -> 0 | U21: =VLOOKUP(C21,Theory!B24:S92,18,FALSE) -> 0 | V21: =MAX(SUM(N21:Q21),SUM(R21:U21)) -> 9 | W21: =VLOOKUP(C21,Theory!B24:T92,19,FALSE) -> 0 | X21: =VLOOKUP(C21,Theory!B24:U92,20,FALSE) -> 0 | Y21: =VLOOKUP(C21,Theory!B24:V92,21,FALSE) -> 0 | Z21: =VLOOKUP(C21,Theory!B24:W92,22,FALSE) -> 0 | AA21: =VLOOKUP(C21,Theory!B24:X92,23,FALSE) -> 9 | AB21: =VLOOKUP(C21,Theory!B24:Y92,24,FALSE) -> 0 | AC21: =VLOOKUP(C21,Theory!B24:Z92,25,FALSE) -> 0 | AD21: =VLOOKUP(C21,Theory!B24:AA92,26,FALSE) -> 0 | AE21: =MAX(SUM(W21:Z21),SUM(AA21:AD21)) -> 9 | AF21: =VLOOKUP(C21,Theory!B24:AB92,27,FALSE) -> 0 | AG21: =VLOOKUP(C21,Theory!B24:AC92,28,FALSE) -> 0 | AH21: =VLOOKUP(C21,Theory!B24:AD92,29,FALSE) -> 0 | AI21: =VLOOKUP(C21,Theory!B24:AE92,30,FALSE) -> 0 | AJ21: =VLOOKUP(C21,Theory!B24:AF92,31,FALSE) -> 8 | AK21: =VLOOKUP(C21,Theory!B24:AG92,32,FALSE) -> 0 | AL21: =VLOOKUP(C21,Theory!B24:AH92,33,FALSE) -> 0 | AM21: =VLOOKUP(C21,Theory!B24:AI92,34,FALSE) -> 0 | AN21: =MAX(SUM(AF21:AI21),SUM(AJ21:AM21)) -> 8 | AO21: =SUM(H21,M21,V21,AE21,AN21) -> 39 | AP21: =VLOOKUP(C21,Theory!B24:AJ92,35,FALSE) -> 7 | AQ21: =VLOOKUP(C21,Theory!B24:AK92,36,FALSE) -> 0 | AR21: =VLOOKUP(C21,Theory!B24:AL92,37,FALSE) -> 0 | AS21: =VLOOKUP(C21,Theory!B24:AM92,38,FALSE) -> 0 | AT21: =SUM(AP21:AS21) -> 7 | AU21: =VLOOKUP(C21,Theory!B24:AN92,39,FALSE) -> 8 | AV21: =VLOOKUP(C21,Theory!B24:AO92,40,FALSE) -> 0 | AW21: =VLOOKUP(C21,Theory!B24:AP92,41,FALSE) -> 0 | AX21: =VLOOKUP(C21,Theory!B24:AQ92,42,FALSE) -> 0 | AY21: =SUM(AU21:AX21) -> 8 | AZ21: =VLOOKUP(C21,Theory!B24:AR92,43,FALSE) -> 9 | BA21: =VLOOKUP(C21,Theory!B24:AS92,44,FALSE) -> 0 | BB21: =VLOOKUP(C21,Theory!B24:AT92,45,FALSE) -> 0 | BC21: =VLOOKUP(C21,Theory!B24:AU92,46,FALSE) -> 0 | BD21: =VLOOKUP(C21,Theory!B24:AV92,47,FALSE) -> 0 | BE21: =VLOOKUP(C21,Theory!B24:AW92,48,FALSE) -> 0 | BF21: =VLOOKUP(C21,Theory!B24:AX92,49,FALSE) -> 0 | BG21: =VLOOKUP(C21,Theory!B24:AY92,50,FALSE) -> 0 | BH21: =MAX(SUM(AZ21:BC21),SUM(BD21:BG21)) -> 9 | BI21: =VLOOKUP(C21,Theory!B24:AZ92,51,FALSE) -> 7 | BJ21: =VLOOKUP(C21,Theory!B24:BA92,52,FALSE) -> 0 | BK21: =VLOOKUP(C21,Theory!B24:BB92,53,FALSE) -> 0 | BL21: =VLOOKUP(C21,Theory!B24:BC92,54,FALSE) -> 0 | BM21: =VLOOKUP(C21,Theory!B24:BD92,55,FALSE) -> 0 | BN21: =VLOOKUP(C21,Theory!B24:BE92,56,FALSE) -> 0 | BO21: =VLOOKUP(C21,Theory!B24:BF92,57,FALSE) -> 0 | BP21: =VLOOKUP(C21,Theory!B24:BG92,58,FALSE) -> 0 | BQ21: =MAX(SUM(BI21:BL21),SUM(BM21:BP21)) -> 7 | BR21: =VLOOKUP(C21,Theory!B24:BH92,59,FALSE) -> 9 | BS21: =VLOOKUP(C21,Theory!B24:BI92,60,FALSE) -> 0 | BT21: =VLOOKUP(C21,Theory!B24:BJ92,61,FALSE) -> 0 | BU21: =VLOOKUP(C21,Theory!B24:BK92,62,FALSE) -> 0 | BV21: =VLOOKUP(C21,Theory!B24:BL92,63,FALSE) -> 0 | BW21: =VLOOKUP(C21,Theory!B24:BM92,64,FALSE) -> 0 | BX21: =VLOOKUP(C21,Theory!B24:BN92,65,FALSE) -> 0 | BY21: =VLOOKUP(C21,Theory!B24:BO92,66,FALSE) -> 0 | BZ21: =MAX(SUM(BR21:BU21),SUM(BV21:BY21)) -> 9 | CA21: =SUM(AT21,AY21,BH21,BQ21,BZ21) -> 40 | CB21: =VLOOKUP(C21,Theory!B24:BP92,67,FALSE) -> 9 | CC21: =VLOOKUP(C21,Theory!B24:BQ92,68,FALSE) -> 0 | CD21: =VLOOKUP(C21,Theory!B24:BR92,69,FALSE) -> 0 | CE21: =VLOOKUP(C21,Theory!B24:BS92,70,FALSE) -> 0 | CF21: =SUM(CB21:CE21) -> 9 | CG21: =VLOOKUP(C21,Theory!B24:BT92,71,FALSE) -> 8 | CH21: =VLOOKUP(C21,Theory!B24:BU92,72,FALSE) -> 0 | CI21: =VLOOKUP(C21,Theory!B24:BV92,73,FALSE) -> 0 | CJ21: =VLOOKUP(C21,Theory!B24:BW92,74,FALSE) -> 0 | CK21: =SUM(CG21:CJ21) -> 8 | CL21: =VLOOKUP(C21,Theory!B24:BX92,75,FALSE) -> 0 | CM21: =VLOOKUP(C21,Theory!B24:BY92,76,FALSE) -> 0 | CN21: =VLOOKUP(C21,Theory!B24:BZ92,77,FALSE) -> 0 | CO21: =VLOOKUP(C21,Theory!B24:CA92,78,FALSE) -> 0 | CP21: =VLOOKUP(C21,Theory!B24:CB92,79,FALSE) -> 9 | CQ21: =VLOOKUP(C21,Theory!B24:CC92,80,FALSE) -> 0 | CR21: =VLOOKUP(C21,Theory!B24:CD92,81,FALSE) -> 0 | CS21: =VLOOKUP(C21,Theory!B24:CE92,82,FALSE) -> 0 | CT21: =MAX(SUM(CL21:CO21),SUM(CP21:CS21)) -> 9 | CU21: =VLOOKUP(C21,Theory!B24:CF92,83,FALSE) -> 9 | CV21: =VLOOKUP(C21,Theory!B24:CG92,84,FALSE) -> 0 | CW21: =VLOOKUP(C21,Theory!B24:CH92,85,FALSE) -> 0 | CX21: =VLOOKUP(C21,Theory!B24:CI92,86,FALSE) -> 0 | CY21: =VLOOKUP(C21,Theory!B24:CJ92,87,FALSE) -> 0 | CZ21: =VLOOKUP(C21,Theory!B24:CK92,88,FALSE) -> 0 | DA21: =VLOOKUP(C21,Theory!B24:CL92,89,FALSE) -> 0 | DB21: =VLOOKUP(C21,Theory!B24:CM92,90,FALSE) -> 0 | DC21: =MAX(SUM(CU21:CX21),SUM(CY21:DB21)) -> 9 | DD21: =VLOOKUP(C21,Theory!B24:CN92,91,FALSE) -> 0 | DE21: =VLOOKUP(C21,Theory!B24:CO92,92,FALSE) -> 0 | DF21: =VLOOKUP(C21,Theory!B24:CP92,93,FALSE) -> 0 | DG21: =VLOOKUP(C21,Theory!B24:CQ92,94,FALSE) -> 0 | DH21: =VLOOKUP(C21,Theory!B24:CR92,95,FALSE) -> 10 | DI21: =VLOOKUP(C21,Theory!B24:CS92,96,FALSE) -> 0 | DJ21: =VLOOKUP(C21,Theory!B24:CT92,97,FALSE) -> 0 | DK21: =VLOOKUP(C21,Theory!B24:CU92,98,FALSE) -> 0 | DL21: =MAX(SUM(DD21:DG21),SUM(DH21:DK21)) -> 10 | DM21: =SUM(CF21,CK21,CT21,DC21,DL21) -> 45 | DN21: =AO21 -> 39 | DO21: =CA21 -> 40 | DP21: =DM21 -> 45 | DQ21: =ROUND(30*DN21/50,0) -> 23 | DR21: =ROUND(30*DO21/50,0) -> 24 | DS21: =ROUND(30*DP21/50,0) -> 27 | DT21: =ROUND(AVERAGE(DQ21:DS21),0) -> 25 | DU21: =VLOOKUP(C21,Theory!B24:CV92,99,FALSE) -> 10 | DV21: =VLOOKUP(C21,Theory!B24:CW92,100,FALSE) -> 10 | DW21: =SUM(DU21:DV21) -> 20 | DX21: =SUM(DT21:DV21) -> 45 | DY21: =ROUND((30*DX21/50),0) -> 27 | DZ21: =VLOOKUP(C21,Lab!B16:D85,3,FALSE) -> 0 | EA21: =VLOOKUP(C21,Lab!B16:E85,4,FALSE) -> 0 | EB21: =VLOOKUP(C21,Lab!B16:F85,5,FALSE) -> 0 | EC21: =SUM(DZ21:EB21) -> 0 | ED21: =VLOOKUP(C21,Lab!B16:G85,6,FALSE) -> 0 | EE21: =VLOOKUP(C21,Lab!B16:H85,7,FALSE) -> 0 | EF21: =VLOOKUP(C21,Lab!B16:I85,8,FALSE) -> 0 | EG21: =SUM(ED21:EF21) -> 0 | EH21: =SUM(EC21,EG21) -> 0 | EI21: =ROUND((20*EH21/50),0) -> 0 | EJ21: =SUM(DY21,EI21) -> 27 | EK21: 45 | EM21: =VLOOKUP(C21,Theory!B24:DL92,114,FALSE) -> 0 | EN21: =VLOOKUP(C21,Theory!B24:DM92,115,FALSE) -> 0 | EO21: =VLOOKUP(C21,Theory!B24:DN92,116,FALSE) -> 0 | EP21: =VLOOKUP(C21,Theory!B24:DO90,117,FALSE) -> 0 | EQ21: =VLOOKUP(C21,Theory!B24:DP90,118,FALSE) -> 0 | ER21: =VLOOKUP(C21,Theory!B24:DQ90,119,FALSE) -> 0 | ES21: =VLOOKUP(C21,Theory!B24:DR90,120,FALSE) -> 0 | ET21: =SUM(ER21:ES21) -> 0
A22: 9 | B22: =Theory!C25 -> HARIKRISHNA M | C22: =Theory!B25 -> 1DS21AI019 | D22: =VLOOKUP(C22,Theory!B25:D93,3,FALSE) -> 5 | E22: =VLOOKUP(C22,Theory!B25:E93,4,FALSE) -> 0 | F22: =VLOOKUP(C22,Theory!B25:F93,5,FALSE) -> 0 | G22: =VLOOKUP(C22,Theory!B25:G93,6,FALSE) -> 0 | H22: =SUM(D22:G22) -> 5 | I22: =VLOOKUP(C22,Theory!B25:H93,7,FALSE) -> 5 | J22: =VLOOKUP(C22,Theory!B25:I93,8,FALSE) -> 0 | K22: =VLOOKUP(C22,Theory!B25:J93,9,FALSE) -> 0 | L22: =VLOOKUP(C22,Theory!B25:K93,10,FALSE) -> 0 | M22: =SUM(I22:L22) -> 5 | N22: =VLOOKUP(C22,Theory!B25:L93,11,FALSE) -> 5 | O22: =VLOOKUP(C22,Theory!B25:M93,12,FALSE) -> 0 | P22: =VLOOKUP(C22,Theory!B25:N93,13,FALSE) -> 0 | Q22: =VLOOKUP(C22,Theory!B25:O93,14,FALSE) -> 0 | R22: =VLOOKUP(C22,Theory!B25:P93,15,FALSE) -> 0 | S22: =VLOOKUP(C22,Theory!B25:Q93,16,FALSE) -> 0 | T22: =VLOOKUP(C22,Theory!B25:R93,17,FALSE) -> 0 | U22: =VLOOKUP(C22,Theory!B25:S93,18,FALSE) -> 0 | V22: =MAX(SUM(N22:Q22),SUM(R22:U22)) -> 5 | W22: =VLOOKUP(C22,Theory!B25:T93,19,FALSE) -> 4 | X22: =VLOOKUP(C22,Theory!B25:U93,20,FALSE) -> 0 | Y22: =VLOOKUP(C22,Theory!B25:V93,21,FALSE) -> 0 | Z22: =VLOOKUP(C22,Theory!B25:W93,22,FALSE) -> 0 | AA22: =VLOOKUP(C22,Theory!B25:X93,23,FALSE) -> 0 | AB22: =VLOOKUP(C22,Theory!B25:Y93,24,FALSE) -> 0 | AC22: =VLOOKUP(C22,Theory!B25:Z93,25,FALSE) -> 0 | AD22: =VLOOKUP(C22,Theory!B25:AA93,26,FALSE) -> 0 | AE22: =MAX(SUM(W22:Z22),SUM(AA22:AD22)) -> 4 | AF22: =VLOOKUP(C22,Theory!B25:AB93,27,FALSE) -> 4 | AG22: =VLOOKUP(C22,Theory!B25:AC93,28,FALSE) -> 0 | AH22: =VLOOKUP(C22,Theory!B25:AD93,29,FALSE) -> 0 | AI22: =VLOOKUP(C22,Theory!B25:AE93,30,FALSE) -> 0 | AJ22: =VLOOKUP(C22,Theory!B25:AF93,31,FALSE) -> 0 | AK22: =VLOOKUP(C22,Theory!B25:AG93,32,FALSE) -> 0 | AL22: =VLOOKUP(C22,Theory!B25:AH93,33,FALSE) -> 0 | AM22: =VLOOKUP(C22,Theory!B25:AI93,34,FALSE) -> 0 | AN22: =MAX(SUM(AF22:AI22),SUM(AJ22:AM22)) -> 4 | AO22: =SUM(H22,M22,V22,AE22,AN22) -> 23 | AP22: =VLOOKUP(C22,Theory!B25:AJ93,35,FALSE) -> 3 | AQ22: =VLOOKUP(C22,Theory!B25:AK93,36,FALSE) -> 0 | AR22: =VLOOKUP(C22,Theory!B25:AL93,37,FALSE) -> 0 | AS22: =VLOOKUP(C22,Theory!B25:AM93,38,FALSE) -> 0 | AT22: =SUM(AP22:AS22) -> 3 | AU22: =VLOOKUP(C22,Theory!B25:AN93,39,FALSE) -> 4 | AV22: =VLOOKUP(C22,Theory!B25:AO93,40,FALSE) -> 0 | AW22: =VLOOKUP(C22,Theory!B25:AP93,41,FALSE) -> 0 | AX22: =VLOOKUP(C22,Theory!B25:AQ93,42,FALSE) -> 0 | AY22: =SUM(AU22:AX22) -> 4 | AZ22: =VLOOKUP(C22,Theory!B25:AR93,43,FALSE) -> 7 | BA22: =VLOOKUP(C22,Theory!B25:AS93,44,FALSE) -> 0 | BB22: =VLOOKUP(C22,Theory!B25:AT93,45,FALSE) -> 0 | BC22: =VLOOKUP(C22,Theory!B25:AU93,46,FALSE) -> 0 | BD22: =VLOOKUP(C22,Theory!B25:AV93,47,FALSE) -> 0 | BE22: =VLOOKUP(C22,Theory!B25:AW93,48,FALSE) -> 0 | BF22: =VLOOKUP(C22,Theory!B25:AX93,49,FALSE) -> 0 | BG22: =VLOOKUP(C22,Theory!B25:AY93,50,FALSE) -> 0 | BH22: =MAX(SUM(AZ22:BC22),SUM(BD22:BG22)) -> 7 | BI22: =VLOOKUP(C22,Theory!B25:AZ93,51,FALSE) -> 0 | BJ22: =VLOOKUP(C22,Theory!B25:BA93,52,FALSE) -> 0 | BK22: =VLOOKUP(C22,Theory!B25:BB93,53,FALSE) -> 0 | BL22: =VLOOKUP(C22,Theory!B25:BC93,54,FALSE) -> 0 | BM22: =VLOOKUP(C22,Theory!B25:BD93,55,FALSE) -> 5 | BN22: =VLOOKUP(C22,Theory!B25:BE93,56,FALSE) -> 0 | BO22: =VLOOKUP(C22,Theory!B25:BF93,57,FALSE) -> 0 | BP22: =VLOOKUP(C22,Theory!B25:BG93,58,FALSE) -> 0 | BQ22: =MAX(SUM(BI22:BL22),SUM(BM22:BP22)) -> 5 | BR22: =VLOOKUP(C22,Theory!B25:BH93,59,FALSE) -> 0 | BS22: =VLOOKUP(C22,Theory!B25:BI93,60,FALSE) -> 0 | BT22: =VLOOKUP(C22,Theory!B25:BJ93,61,FALSE) -> 0 | BU22: =VLOOKUP(C22,Theory!B25:BK93,62,FALSE) -> 0 | BV22: =VLOOKUP(C22,Theory!B25:BL93,63,FALSE) -> 5 | BW22: =VLOOKUP(C22,Theory!B25:BM93,64,FALSE) -> 0 | BX22: =VLOOKUP(C22,Theory!B25:BN93,65,FALSE) -> 0 | BY22: =VLOOKUP(C22,Theory!B25:BO93,66,FALSE) -> 0 | BZ22: =MAX(SUM(BR22:BU22),SUM(BV22:BY22)) -> 5 | CA22: =SUM(AT22,AY22,BH22,BQ22,BZ22) -> 24 | CB22: =VLOOKUP(C22,Theory!B25:BP93,67,FALSE) -> 7 | CC22: =VLOOKUP(C22,Theory!B25:BQ93,68,FALSE) -> 0 | CD22: =VLOOKUP(C22,Theory!B25:BR93,69,FALSE) -> 0 | CE22: =VLOOKUP(C22,Theory!B25:BS93,70,FALSE) -> 0 | CF22: =SUM(CB22:CE22) -> 7 | CG22: =VLOOKUP(C22,Theory!B25:BT93,71,FALSE) -> 6 | CH22: =VLOOKUP(C22,Theory!B25:BU93,72,FALSE) -> 0 | CI22: =VLOOKUP(C22,Theory!B25:BV93,73,FALSE) -> 0 | CJ22: =VLOOKUP(C22,Theory!B25:BW93,74,FALSE) -> 0 | CK22: =SUM(CG22:CJ22) -> 6 | CL22: =VLOOKUP(C22,Theory!B25:BX93,75,FALSE) -> 7 | CM22: =VLOOKUP(C22,Theory!B25:BY93,76,FALSE) -> 0 | CN22: =VLOOKUP(C22,Theory!B25:BZ93,77,FALSE) -> 0 | CO22: =VLOOKUP(C22,Theory!B25:CA93,78,FALSE) -> 0 | CP22: =VLOOKUP(C22,Theory!B25:CB93,79,FALSE) -> 0 | CQ22: =VLOOKUP(C22,Theory!B25:CC93,80,FALSE) -> 0 | CR22: =VLOOKUP(C22,Theory!B25:CD93,81,FALSE) -> 0 | CS22: =VLOOKUP(C22,Theory!B25:CE93,82,FALSE) -> 0 | CT22: =MAX(SUM(CL22:CO22),SUM(CP22:CS22)) -> 7 | CU22: =VLOOKUP(C22,Theory!B25:CF93,83,FALSE) -> 0 | CV22: =VLOOKUP(C22,Theory!B25:CG93,84,FALSE) -> 0 | CW22: =VLOOKUP(C22,Theory!B25:CH93,85,FALSE) -> 0 | CX22: =VLOOKUP(C22,Theory!B25:CI93,86,FALSE) -> 0 | CY22: =VLOOKUP(C22,Theory!B25:CJ93,87,FALSE) -> 6 | CZ22: =VLOOKUP(C22,Theory!B25:CK93,88,FALSE) -> 0 | DA22: =VLOOKUP(C22,Theory!B25:CL93,89,FALSE) -> 0 | DB22: =VLOOKUP(C22,Theory!B25:CM93,90,FALSE) -> 0 | DC22: =MAX(SUM(CU22:CX22),SUM(CY22:DB22)) -> 6 | DD22: =VLOOKUP(C22,Theory!B25:CN93,91,FALSE) -> 5 | DE22: =VLOOKUP(C22,Theory!B25:CO93,92,FALSE) -> 0 | DF22: =VLOOKUP(C22,Theory!B25:CP93,93,FALSE) -> 0 | DG22: =VLOOKUP(C22,Theory!B25:CQ93,94,FALSE) -> 0 | DH22: =VLOOKUP(C22,Theory!B25:CR93,95,FALSE) -> 0 | DI22: =VLOOKUP(C22,Theory!B25:CS93,96,FALSE) -> 0 | DJ22: =VLOOKUP(C22,Theory!B25:CT93,97,FALSE) -> 0 | DK22: =VLOOKUP(C22,Theory!B25:CU93,98,FALSE) -> 0 | DL22: =MAX(SUM(DD22:DG22),SUM(DH22:DK22)) -> 5 | DM22: =SUM(CF22,CK22,CT22,DC22,DL22) -> 31 | DN22: =AO22 -> 23 | DO22: =CA22 -> 24 | DP22: =DM22 -> 31 | DQ22: =ROUND(30*DN22/50,0) -> 14 | DR22: =ROUND(30*DO22/50,0) -> 14 | DS22: =ROUND(30*DP22/50,0) -> 19 | DT22: =ROUND(AVERAGE(DQ22:DS22),0) -> 16 | DU22: =VLOOKUP(C22,Theory!B25:CV93,99,FALSE) -> 10 | DV22: =VLOOKUP(C22,Theory!B25:CW93,100,FALSE) -> 10 | DW22: =SUM(DU22:DV22) -> 20 | DX22: =SUM(DT22:DV22) -> 36 | DY22: =ROUND((30*DX22/50),0) -> 22 | DZ22: =VLOOKUP(C22,Lab!B17:D86,3,FALSE) -> 0 | EA22: =VLOOKUP(C22,Lab!B17:E86,4,FALSE) -> 0 | EB22: =VLOOKUP(C22,Lab!B17:F86,5,FALSE) -> 0 | EC22: =SUM(DZ22:EB22) -> 0 | ED22: =VLOOKUP(C22,Lab!B17:G86,6,FALSE) -> 0 | EE22: =VLOOKUP(C22,Lab!B17:H86,7,FALSE) -> 0 | EF22: =VLOOKUP(C22,Lab!B17:I86,8,FALSE) -> 0 | EG22: =SUM(ED22:EF22) -> 0 | EH22: =SUM(EC22,EG22) -> 0 | EI22: =ROUND((20*EH22/50),0) -> 0 | EJ22: =SUM(DY22,EI22) -> 22 | EK22: 33 | EM22: =VLOOKUP(C22,Theory!B25:DL93,114,FALSE) -> 0 | EN22: =VLOOKUP(C22,Theory!B25:DM93,115,FALSE) -> 0 | EO22: =VLOOKUP(C22,Theory!B25:DN93,116,FALSE) -> 0 | EP22: =VLOOKUP(C22,Theory!B25:DO91,117,FALSE) -> 0 | EQ22: =VLOOKUP(C22,Theory!B25:DP91,118,FALSE) -> 0 | ER22: =VLOOKUP(C22,Theory!B25:DQ91,119,FALSE) -> 0 | ES22: =VLOOKUP(C22,Theory!B25:DR91,120,FALSE) -> 0 | ET22: =SUM(ER22:ES22) -> 0
A23: 10 | B23: =Theory!C26 -> HARSHITHA B | C23: =Theory!B26 -> 1DS21AI020 | D23: =VLOOKUP(C23,Theory!B26:D94,3,FALSE) -> 0 | E23: =VLOOKUP(C23,Theory!B26:E94,4,FALSE) -> 0 | F23: =VLOOKUP(C23,Theory!B26:F94,5,FALSE) -> 0 | G23: =VLOOKUP(C23,Theory!B26:G94,6,FALSE) -> 0 | H23: =SUM(D23:G23) -> 0 | I23: =VLOOKUP(C23,Theory!B26:H94,7,FALSE) -> 0 | J23: =VLOOKUP(C23,Theory!B26:I94,8,FALSE) -> 0 | K23: =VLOOKUP(C23,Theory!B26:J94,9,FALSE) -> 0 | L23: =VLOOKUP(C23,Theory!B26:K94,10,FALSE) -> 0 | M23: =SUM(I23:L23) -> 0 | N23: =VLOOKUP(C23,Theory!B26:L94,11,FALSE) -> 0 | O23: =VLOOKUP(C23,Theory!B26:M94,12,FALSE) -> 0 | P23: =VLOOKUP(C23,Theory!B26:N94,13,FALSE) -> 0 | Q23: =VLOOKUP(C23,Theory!B26:O94,14,FALSE) -> 0 | R23: =VLOOKUP(C23,Theory!B26:P94,15,FALSE) -> 0 | S23: =VLOOKUP(C23,Theory!B26:Q94,16,FALSE) -> 0 | T23: =VLOOKUP(C23,Theory!B26:R94,17,FALSE) -> 0 | U23: =VLOOKUP(C23,Theory!B26:S94,18,FALSE) -> 0 | V23: =MAX(SUM(N23:Q23),SUM(R23:U23)) -> 0 | W23: =VLOOKUP(C23,Theory!B26:T94,19,FALSE) -> 0 | X23: =VLOOKUP(C23,Theory!B26:U94,20,FALSE) -> 0 | Y23: =VLOOKUP(C23,Theory!B26:V94,21,FALSE) -> 0 | Z23: =VLOOKUP(C23,Theory!B26:W94,22,FALSE) -> 0 | AA23: =VLOOKUP(C23,Theory!B26:X94,23,FALSE) -> 0 | AB23: =VLOOKUP(C23,Theory!B26:Y94,24,FALSE) -> 0 | AC23: =VLOOKUP(C23,Theory!B26:Z94,25,FALSE) -> 0 | AD23: =VLOOKUP(C23,Theory!B26:AA94,26,FALSE) -> 0 | AE23: =MAX(SUM(W23:Z23),SUM(AA23:AD23)) -> 0 | AF23: =VLOOKUP(C23,Theory!B26:AB94,27,FALSE) -> 0 | AG23: =VLOOKUP(C23,Theory!B26:AC94,28,FALSE) -> 0 | AH23: =VLOOKUP(C23,Theory!B26:AD94,29,FALSE) -> 0 | AI23: =VLOOKUP(C23,Theory!B26:AE94,30,FALSE) -> 0 | AJ23: =VLOOKUP(C23,Theory!B26:AF94,31,FALSE) -> 0 | AK23: =VLOOKUP(C23,Theory!B26:AG94,32,FALSE) -> 0 | AL23: =VLOOKUP(C23,Theory!B26:AH94,33,FALSE) -> 0 | AM23: =VLOOKUP(C23,Theory!B26:AI94,34,FALSE) -> 0 | AN23: =MAX(SUM(AF23:AI23),SUM(AJ23:AM23)) -> 0 | AO23: =SUM(H23,M23,V23,AE23,AN23) -> 0 | AP23: =VLOOKUP(C23,Theory!B26:AJ94,35,FALSE) -> 0 | AQ23: =VLOOKUP(C23,Theory!B26:AK94,36,FALSE) -> 0 | AR23: =VLOOKUP(C23,Theory!B26:AL94,37,FALSE) -> 0 | AS23: =VLOOKUP(C23,Theory!B26:AM94,38,FALSE) -> 0 | AT23: =SUM(AP23:AS23) -> 0 | AU23: =VLOOKUP(C23,Theory!B26:AN94,39,FALSE) -> 7 | AV23: =VLOOKUP(C23,Theory!B26:AO94,40,FALSE) -> 0 | AW23: =VLOOKUP(C23,Theory!B26:AP94,41,FALSE) -> 0 | AX23: =VLOOKUP(C23,Theory!B26:AQ94,42,FALSE) -> 0 | AY23: =SUM(AU23:AX23) -> 7 | AZ23: =VLOOKUP(C23,Theory!B26:AR94,43,FALSE) -> 9 | BA23: =VLOOKUP(C23,Theory!B26:AS94,44,FALSE) -> 0 | BB23: =VLOOKUP(C23,Theory!B26:AT94,45,FALSE) -> 0 | BC23: =VLOOKUP(C23,Theory!B26:AU94,46,FALSE) -> 0 | BD23: =VLOOKUP(C23,Theory!B26:AV94,47,FALSE) -> 0 | BE23: =VLOOKUP(C23,Theory!B26:AW94,48,FALSE) -> 0 | BF23: =VLOOKUP(C23,Theory!B26:AX94,49,FALSE) -> 0 | BG23: =VLOOKUP(C23,Theory!B26:AY94,50,FALSE) -> 0 | BH23: =MAX(SUM(AZ23:BC23),SUM(BD23:BG23)) -> 9 | BI23: =VLOOKUP(C23,Theory!B26:AZ94,51,FALSE) -> 0 | BJ23: =VLOOKUP(C23,Theory!B26:BA94,52,FALSE) -> 0 | BK23: =VLOOKUP(C23,Theory!B26:BB94,53,FALSE) -> 0 | BL23: =VLOOKUP(C23,Theory!B26:BC94,54,FALSE) -> 0 | BM23: =VLOOKUP(C23,Theory!B26:BD94,55,FALSE) -> 7 | BN23: =VLOOKUP(C23,Theory!B26:BE94,56,FALSE) -> 0 | BO23: =VLOOKUP(C23,Theory!B26:BF94,57,FALSE) -> 0 | BP23: =VLOOKUP(C23,Theory!B26:BG94,58,FALSE) -> 0 | BQ23: =MAX(SUM(BI23:BL23),SUM(BM23:BP23)) -> 7 | BR23: =VLOOKUP(C23,Theory!B26:BH94,59,FALSE) -> 8 | BS23: =VLOOKUP(C23,Theory!B26:BI94,60,FALSE) -> 0 | BT23: =VLOOKUP(C23,Theory!B26:BJ94,61,FALSE) -> 0 | BU23: =VLOOKUP(C23,Theory!B26:BK94,62,FALSE) -> 0 | BV23: =VLOOKUP(C23,Theory!B26:BL94,63,FALSE) -> 0 | BW23: =VLOOKUP(C23,Theory!B26:BM94,64,FALSE) -> 0 | BX23: =VLOOKUP(C23,Theory!B26:BN94,65,FALSE) -> 0 | BY23: =VLOOKUP(C23,Theory!B26:BO94,66,FALSE) -> 0 | BZ23: =MAX(SUM(BR23:BU23),SUM(BV23:BY23)) -> 8 | CA23: =SUM(AT23,AY23,BH23,BQ23,BZ23) -> 31 | CB23: =VLOOKUP(C23,Theory!B26:BP94,67,FALSE) -> 0 | CC23: =VLOOKUP(C23,Theory!B26:BQ94,68,FALSE) -> 0 | CD23: =VLOOKUP(C23,Theory!B26:BR94,69,FALSE) -> 0 | CE23: =VLOOKUP(C23,Theory!B26:BS94,70,FALSE) -> 0 | CF23: =SUM(CB23:CE23) -> 0 | CG23: =VLOOKUP(C23,Theory!B26:BT94,71,FALSE) -> 3 | CH23: =VLOOKUP(C23,Theory!B26:BU94,72,FALSE) -> 0 | CI23: =VLOOKUP(C23,Theory!B26:BV94,73,FALSE) -> 0 | CJ23: =VLOOKUP(C23,Theory!B26:BW94,74,FALSE) -> 0 | CK23: =SUM(CG23:CJ23) -> 3 | CL23: =VLOOKUP(C23,Theory!B26:BX94,75,FALSE) -> 8 | CM23: =VLOOKUP(C23,Theory!B26:BY94,76,FALSE) -> 0 | CN23: =VLOOKUP(C23,Theory!B26:BZ94,77,FALSE) -> 0 | CO23: =VLOOKUP(C23,Theory!B26:CA94,78,FALSE) -> 0 | CP23: =VLOOKUP(C23,Theory!B26:CB94,79,FALSE) -> 0 | CQ23: =VLOOKUP(C23,Theory!B26:CC94,80,FALSE) -> 0 | CR23: =VLOOKUP(C23,Theory!B26:CD94,81,FALSE) -> 0 | CS23: =VLOOKUP(C23,Theory!B26:CE94,82,FALSE) -> 0 | CT23: =MAX(SUM(CL23:CO23),SUM(CP23:CS23)) -> 8 | CU23: =VLOOKUP(C23,Theory!B26:CF94,83,FALSE) -> 8 | CV23: =VLOOKUP(C23,Theory!B26:CG94,84,FALSE) -> 0 | CW23: =VLOOKUP(C23,Theory!B26:CH94,85,FALSE) -> 0 | CX23: =VLOOKUP(C23,Theory!B26:CI94,86,FALSE) -> 0 | CY23: =VLOOKUP(C23,Theory!B26:CJ94,87,FALSE) -> 0 | CZ23: =VLOOKUP(C23,Theory!B26:CK94,88,FALSE) -> 0 | DA23: =VLOOKUP(C23,Theory!B26:CL94,89,FALSE) -> 0 | DB23: =VLOOKUP(C23,Theory!B26:CM94,90,FALSE) -> 0 | DC23: =MAX(SUM(CU23:CX23),SUM(CY23:DB23)) -> 8 | DD23: =VLOOKUP(C23,Theory!B26:CN94,91,FALSE) -> 7 | DE23: =VLOOKUP(C23,Theory!B26:CO94,92,FALSE) -> 0 | DF23: =VLOOKUP(C23,Theory!B26:CP94,93,FALSE) -> 0 | DG23: =VLOOKUP(C23,Theory!B26:CQ94,94,FALSE) -> 0 | DH23: =VLOOKUP(C23,Theory!B26:CR94,95,FALSE) -> 0 | DI23: =VLOOKUP(C23,Theory!B26:CS94,96,FALSE) -> 0 | DJ23: =VLOOKUP(C23,Theory!B26:CT94,97,FALSE) -> 0 | DK23: =VLOOKUP(C23,Theory!B26:CU94,98,FALSE) -> 0 | DL23: =MAX(SUM(DD23:DG23),SUM(DH23:DK23)) -> 7 | DM23: =SUM(CF23,CK23,CT23,DC23,DL23) -> 26 | DN23: =AO23 -> 0 | DO23: =CA23 -> 31 | DP23: =DM23 -> 26 | DQ23: =ROUND(30*DN23/50,0) -> 0 | DR23: =ROUND(30*DO23/50,0) -> 19 | DS23: =ROUND(30*DP23/50,0) -> 16 | DT23: =ROUND(AVERAGE(DQ23:DS23),0) -> 12 | DU23: =VLOOKUP(C23,Theory!B26:CV94,99,FALSE) -> 10 | DV23: =VLOOKUP(C23,Theory!B26:CW94,100,FALSE) -> 10 | DW23: =SUM(DU23:DV23) -> 20 | DX23: =SUM(DT23:DV23) -> 32 | DY23: =ROUND((30*DX23/50),0) -> 19 | DZ23: =VLOOKUP(C23,Lab!B18:D87,3,FALSE) -> 0 | EA23: =VLOOKUP(C23,Lab!B18:E87,4,FALSE) -> 0 | EB23: =VLOOKUP(C23,Lab!B18:F87,5,FALSE) -> 0 | EC23: =SUM(DZ23:EB23) -> 0 | ED23: =VLOOKUP(C23,Lab!B18:G87,6,FALSE) -> 0 | EE23: =VLOOKUP(C23,Lab!B18:H87,7,FALSE) -> 0 | EF23: =VLOOKUP(C23,Lab!B18:I87,8,FALSE) -> 0 | EG23: =SUM(ED23:EF23) -> 0 | EH23: =SUM(EC23,EG23) -> 0 | EI23: =ROUND((20*EH23/50),0) -> 0 | EJ23: =SUM(DY23,EI23) -> 19 | EK23: 33 | EM23: =VLOOKUP(C23,Theory!B26:DL94,114,FALSE) -> 0 | EN23: =VLOOKUP(C23,Theory!B26:DM94,115,FALSE) -> 0 | EO23: =VLOOKUP(C23,Theory!B26:DN94,116,FALSE) -> 0 | EP23: =VLOOKUP(C23,Theory!B26:DO92,117,FALSE) -> 0 | EQ23: =VLOOKUP(C23,Theory!B26:DP92,118,FALSE) -> 0 | ER23: =VLOOKUP(C23,Theory!B26:DQ92,119,FALSE) -> 0 | ES23: =VLOOKUP(C23,Theory!B26:DR92,120,FALSE) -> 0 | ET23: =SUM(ER23:ES23) -> 0
A24: 11 | B24: =Theory!C27 -> HARSHITHA S | C24: =Theory!B27 -> 1DS21AI021 | D24: =VLOOKUP(C24,Theory!B27:D95,3,FALSE) -> 8 | E24: =VLOOKUP(C24,Theory!B27:E95,4,FALSE) -> 0 | F24: =VLOOKUP(C24,Theory!B27:F95,5,FALSE) -> 0 | G24: =VLOOKUP(C24,Theory!B27:G95,6,FALSE) -> 0 | H24: =SUM(D24:G24) -> 8 | I24: =VLOOKUP(C24,Theory!B27:H95,7,FALSE) -> 9 | J24: =VLOOKUP(C24,Theory!B27:I95,8,FALSE) -> 0 | K24: =VLOOKUP(C24,Theory!B27:J95,9,FALSE) -> 0 | L24: =VLOOKUP(C24,Theory!B27:K95,10,FALSE) -> 0 | M24: =SUM(I24:L24) -> 9 | N24: =VLOOKUP(C24,Theory!B27:L95,11,FALSE) -> 8 | O24: =VLOOKUP(C24,Theory!B27:M95,12,FALSE) -> 0 | P24: =VLOOKUP(C24,Theory!B27:N95,13,FALSE) -> 0 | Q24: =VLOOKUP(C24,Theory!B27:O95,14,FALSE) -> 0 | R24: =VLOOKUP(C24,Theory!B27:P95,15,FALSE) -> 0 | S24: =VLOOKUP(C24,Theory!B27:Q95,16,FALSE) -> 0 | T24: =VLOOKUP(C24,Theory!B27:R95,17,FALSE) -> 0 | U24: =VLOOKUP(C24,Theory!B27:S95,18,FALSE) -> 0 | V24: =MAX(SUM(N24:Q24),SUM(R24:U24)) -> 8 | W24: =VLOOKUP(C24,Theory!B27:T95,19,FALSE) -> 7 | X24: =VLOOKUP(C24,Theory!B27:U95,20,FALSE) -> 0 | Y24: =VLOOKUP(C24,Theory!B27:V95,21,FALSE) -> 0 | Z24: =VLOOKUP(C24,Theory!B27:W95,22,FALSE) -> 0 | AA24: =VLOOKUP(C24,Theory!B27:X95,23,FALSE) -> 0 | AB24: =VLOOKUP(C24,Theory!B27:Y95,24,FALSE) -> 0 | AC24: =VLOOKUP(C24,Theory!B27:Z95,25,FALSE) -> 0 | AD24: =VLOOKUP(C24,Theory!B27:AA95,26,FALSE) -> 0 | AE24: =MAX(SUM(W24:Z24),SUM(AA24:AD24)) -> 7 | AF24: =VLOOKUP(C24,Theory!B27:AB95,27,FALSE) -> 9 | AG24: =VLOOKUP(C24,Theory!B27:AC95,28,FALSE) -> 0 | AH24: =VLOOKUP(C24,Theory!B27:AD95,29,FALSE) -> 0 | AI24: =VLOOKUP(C24,Theory!B27:AE95,30,FALSE) -> 0 | AJ24: =VLOOKUP(C24,Theory!B27:AF95,31,FALSE) -> 0 | AK24: =VLOOKUP(C24,Theory!B27:AG95,32,FALSE) -> 0 | AL24: =VLOOKUP(C24,Theory!B27:AH95,33,FALSE) -> 0 | AM24: =VLOOKUP(C24,Theory!B27:AI95,34,FALSE) -> 0 | AN24: =MAX(SUM(AF24:AI24),SUM(AJ24:AM24)) -> 9 | AO24: =SUM(H24,M24,V24,AE24,AN24) -> 41 | AP24: =VLOOKUP(C24,Theory!B27:AJ95,35,FALSE) -> 0 | AQ24: =VLOOKUP(C24,Theory!B27:AK95,36,FALSE) -> 0 | AR24: =VLOOKUP(C24,Theory!B27:AL95,37,FALSE) -> 0 | AS24: =VLOOKUP(C24,Theory!B27:AM95,38,FALSE) -> 0 | AT24: =SUM(AP24:AS24) -> 0 | AU24: =VLOOKUP(C24,Theory!B27:AN95,39,FALSE) -> 9 | AV24: =VLOOKUP(C24,Theory!B27:AO95,40,FALSE) -> 0 | AW24: =VLOOKUP(C24,Theory!B27:AP95,41,FALSE) -> 0 | AX24: =VLOOKUP(C24,Theory!B27:AQ95,42,FALSE) -> 0 | AY24: =SUM(AU24:AX24) -> 9 | AZ24: =VLOOKUP(C24,Theory!B27:AR95,43,FALSE) -> 10 | BA24: =VLOOKUP(C24,Theory!B27:AS95,44,FALSE) -> 0 | BB24: =VLOOKUP(C24,Theory!B27:AT95,45,FALSE) -> 0 | BC24: =VLOOKUP(C24,Theory!B27:AU95,46,FALSE) -> 0 | BD24: =VLOOKUP(C24,Theory!B27:AV95,47,FALSE) -> 0 | BE24: =VLOOKUP(C24,Theory!B27:AW95,48,FALSE) -> 0 | BF24: =VLOOKUP(C24,Theory!B27:AX95,49,FALSE) -> 0 | BG24: =VLOOKUP(C24,Theory!B27:AY95,50,FALSE) -> 0 | BH24: =MAX(SUM(AZ24:BC24),SUM(BD24:BG24)) -> 10 | BI24: =VLOOKUP(C24,Theory!B27:AZ95,51,FALSE) -> 8 | BJ24: =VLOOKUP(C24,Theory!B27:BA95,52,FALSE) -> 0 | BK24: =VLOOKUP(C24,Theory!B27:BB95,53,FALSE) -> 0 | BL24: =VLOOKUP(C24,Theory!B27:BC95,54,FALSE) -> 0 | BM24: =VLOOKUP(C24,Theory!B27:BD95,55,FALSE) -> 0 | BN24: =VLOOKUP(C24,Theory!B27:BE95,56,FALSE) -> 0 | BO24: =VLOOKUP(C24,Theory!B27:BF95,57,FALSE) -> 0 | BP24: =VLOOKUP(C24,Theory!B27:BG95,58,FALSE) -> 0 | BQ24: =MAX(SUM(BI24:BL24),SUM(BM24:BP24)) -> 8 | BR24: =VLOOKUP(C24,Theory!B27:BH95,59,FALSE) -> 9 | BS24: =VLOOKUP(C24,Theory!B27:BI95,60,FALSE) -> 0 | BT24: =VLOOKUP(C24,Theory!B27:BJ95,61,FALSE) -> 0 | BU24: =VLOOKUP(C24,Theory!B27:BK95,62,FALSE) -> 0 | BV24: =VLOOKUP(C24,Theory!B27:BL95,63,FALSE) -> 0 | BW24: =VLOOKUP(C24,Theory!B27:BM95,64,FALSE) -> 0 | BX24: =VLOOKUP(C24,Theory!B27:BN95,65,FALSE) -> 0 | BY24: =VLOOKUP(C24,Theory!B27:BO95,66,FALSE) -> 0 | BZ24: =MAX(SUM(BR24:BU24),SUM(BV24:BY24)) -> 9 | CA24: =SUM(AT24,AY24,BH24,BQ24,BZ24) -> 36 | CB24: =VLOOKUP(C24,Theory!B27:BP95,67,FALSE) -> 9 | CC24: =VLOOKUP(C24,Theory!B27:BQ95,68,FALSE) -> 0 | CD24: =VLOOKUP(C24,Theory!B27:BR95,69,FALSE) -> 0 | CE24: =VLOOKUP(C24,Theory!B27:BS95,70,FALSE) -> 0 | CF24: =SUM(CB24:CE24) -> 9 | CG24: =VLOOKUP(C24,Theory!B27:BT95,71,FALSE) -> 8 | CH24: =VLOOKUP(C24,Theory!B27:BU95,72,FALSE) -> 0 | CI24: =VLOOKUP(C24,Theory!B27:BV95,73,FALSE) -> 0 | CJ24: =VLOOKUP(C24,Theory!B27:BW95,74,FALSE) -> 0 | CK24: =SUM(CG24:CJ24) -> 8 | CL24: =VLOOKUP(C24,Theory!B27:BX95,75,FALSE) -> 0 | CM24: =VLOOKUP(C24,Theory!B27:BY95,76,FALSE) -> 0 | CN24: =VLOOKUP(C24,Theory!B27:BZ95,77,FALSE) -> 0 | CO24: =VLOOKUP(C24,Theory!B27:CA95,78,FALSE) -> 0 | CP24: =VLOOKUP(C24,Theory!B27:CB95,79,FALSE) -> 8 | CQ24: =VLOOKUP(C24,Theory!B27:CC95,80,FALSE) -> 0 | CR24: =VLOOKUP(C24,Theory!B27:CD95,81,FALSE) -> 0 | CS24: =VLOOKUP(C24,Theory!B27:CE95,82,FALSE) -> 0 | CT24: =MAX(SUM(CL24:CO24),SUM(CP24:CS24)) -> 8 | CU24: =VLOOKUP(C24,Theory!B27:CF95,83,FALSE) -> 10 | CV24: =VLOOKUP(C24,Theory!B27:CG95,84,FALSE) -> 0 | CW24: =VLOOKUP(C24,Theory!B27:CH95,85,FALSE) -> 0 | CX24: =VLOOKUP(C24,Theory!B27:CI95,86,FALSE) -> 0 | CY24: =VLOOKUP(C24,Theory!B27:CJ95,87,FALSE) -> 0 | CZ24: =VLOOKUP(C24,Theory!B27:CK95,88,FALSE) -> 0 | DA24: =VLOOKUP(C24,Theory!B27:CL95,89,FALSE) -> 0 | DB24: =VLOOKUP(C24,Theory!B27:CM95,90,FALSE) -> 0 | DC24: =MAX(SUM(CU24:CX24),SUM(CY24:DB24)) -> 10 | DD24: =VLOOKUP(C24,Theory!B27:CN95,91,FALSE) -> 0 | DE24: =VLOOKUP(C24,Theory!B27:CO95,92,FALSE) -> 0 | DF24: =VLOOKUP(C24,Theory!B27:CP95,93,FALSE) -> 0 | DG24: =VLOOKUP(C24,Theory!B27:CQ95,94,FALSE) -> 0 | DH24: =VLOOKUP(C24,Theory!B27:CR95,95,FALSE) -> 9 | DI24: =VLOOKUP(C24,Theory!B27:CS95,96,FALSE) -> 0 | DJ24: =VLOOKUP(C24,Theory!B27:CT95,97,FALSE) -> 0 | DK24: =VLOOKUP(C24,Theory!B27:CU95,98,FALSE) -> 0 | DL24: =MAX(SUM(DD24:DG24),SUM(DH24:DK24)) -> 9 | DM24: =SUM(CF24,CK24,CT24,DC24,DL24) -> 44 | DN24: =AO24 -> 41 | DO24: =CA24 -> 36 | DP24: =DM24 -> 44 | DQ24: =ROUND(30*DN24/50,0) -> 25 | DR24: =ROUND(30*DO24/50,0) -> 22 | DS24: =ROUND(30*DP24/50,0) -> 26 | DT24: =ROUND(AVERAGE(DQ24:DS24),0) -> 24 | DU24: =VLOOKUP(C24,Theory!B27:CV95,99,FALSE) -> 10 | DV24: =VLOOKUP(C24,Theory!B27:CW95,100,FALSE) -> 10 | DW24: =SUM(DU24:DV24) -> 20 | DX24: =SUM(DT24:DV24) -> 44 | DY24: =ROUND((30*DX24/50),0) -> 26 | DZ24: =VLOOKUP(C24,Lab!B19:D88,3,FALSE) -> 0 | EA24: =VLOOKUP(C24,Lab!B19:E88,4,FALSE) -> 0 | EB24: =VLOOKUP(C24,Lab!B19:F88,5,FALSE) -> 0 | EC24: =SUM(DZ24:EB24) -> 0 | ED24: =VLOOKUP(C24,Lab!B19:G88,6,FALSE) -> 0 | EE24: =VLOOKUP(C24,Lab!B19:H88,7,FALSE) -> 0 | EF24: =VLOOKUP(C24,Lab!B19:I88,8,FALSE) -> 0 | EG24: =SUM(ED24:EF24) -> 0 | EH24: =SUM(EC24,EG24) -> 0 | EI24: =ROUND((20*EH24/50),0) -> 0 | EJ24: =SUM(DY24,EI24) -> 26 | EK24: 41 | EM24: =VLOOKUP(C24,Theory!B27:DL95,114,FALSE) -> 0 | EN24: =VLOOKUP(C24,Theory!B27:DM95,115,FALSE) -> 0 | EO24: =VLOOKUP(C24,Theory!B27:DN95,116,FALSE) -> 0 | EP24: =VLOOKUP(C24,Theory!B27:DO93,117,FALSE) -> 0 | EQ24: =VLOOKUP(C24,Theory!B27:DP93,118,FALSE) -> 0 | ER24: =VLOOKUP(C24,Theory!B27:DQ93,119,FALSE) -> 0 | ES24: =VLOOKUP(C24,Theory!B27:DR93,120,FALSE) -> 0 | ET24: =SUM(ER24:ES24) -> 0
A25: 12 | B25: =Theory!C28 -> HITHA N | C25: =Theory!B28 -> 1DS21AI023 | D25: =VLOOKUP(C25,Theory!B28:D96,3,FALSE) -> 8 | E25: =VLOOKUP(C25,Theory!B28:E96,4,FALSE) -> 0 | F25: =VLOOKUP(C25,Theory!B28:F96,5,FALSE) -> 0 | G25: =VLOOKUP(C25,Theory!B28:G96,6,FALSE) -> 0 | H25: =SUM(D25:G25) -> 8 | I25: =VLOOKUP(C25,Theory!B28:H96,7,FALSE) -> 8 | J25: =VLOOKUP(C25,Theory!B28:I96,8,FALSE) -> 0 | K25: =VLOOKUP(C25,Theory!B28:J96,9,FALSE) -> 0 | L25: =VLOOKUP(C25,Theory!B28:K96,10,FALSE) -> 0 | M25: =SUM(I25:L25) -> 8 | N25: =VLOOKUP(C25,Theory!B28:L96,11,FALSE) -> 10 | O25: =VLOOKUP(C25,Theory!B28:M96,12,FALSE) -> 0 | P25: =VLOOKUP(C25,Theory!B28:N96,13,FALSE) -> 0 | Q25: =VLOOKUP(C25,Theory!B28:O96,14,FALSE) -> 0 | R25: =VLOOKUP(C25,Theory!B28:P96,15,FALSE) -> 0 | S25: =VLOOKUP(C25,Theory!B28:Q96,16,FALSE) -> 0 | T25: =VLOOKUP(C25,Theory!B28:R96,17,FALSE) -> 0 | U25: =VLOOKUP(C25,Theory!B28:S96,18,FALSE) -> 0 | V25: =MAX(SUM(N25:Q25),SUM(R25:U25)) -> 10 | W25: =VLOOKUP(C25,Theory!B28:T96,19,FALSE) -> 8 | X25: =VLOOKUP(C25,Theory!B28:U96,20,FALSE) -> 0 | Y25: =VLOOKUP(C25,Theory!B28:V96,21,FALSE) -> 0 | Z25: =VLOOKUP(C25,Theory!B28:W96,22,FALSE) -> 0 | AA25: =VLOOKUP(C25,Theory!B28:X96,23,FALSE) -> 0 | AB25: =VLOOKUP(C25,Theory!B28:Y96,24,FALSE) -> 0 | AC25: =VLOOKUP(C25,Theory!B28:Z96,25,FALSE) -> 0 | AD25: =VLOOKUP(C25,Theory!B28:AA96,26,FALSE) -> 0 | AE25: =MAX(SUM(W25:Z25),SUM(AA25:AD25)) -> 8 | AF25: =VLOOKUP(C25,Theory!B28:AB96,27,FALSE) -> 10 | AG25: =VLOOKUP(C25,Theory!B28:AC96,28,FALSE) -> 0 | AH25: =VLOOKUP(C25,Theory!B28:AD96,29,FALSE) -> 0 | AI25: =VLOOKUP(C25,Theory!B28:AE96,30,FALSE) -> 0 | AJ25: =VLOOKUP(C25,Theory!B28:AF96,31,FALSE) -> 0 | AK25: =VLOOKUP(C25,Theory!B28:AG96,32,FALSE) -> 0 | AL25: =VLOOKUP(C25,Theory!B28:AH96,33,FALSE) -> 0 | AM25: =VLOOKUP(C25,Theory!B28:AI96,34,FALSE) -> 0 | AN25: =MAX(SUM(AF25:AI25),SUM(AJ25:AM25)) -> 10 | AO25: =SUM(H25,M25,V25,AE25,AN25) -> 44 | AP25: =VLOOKUP(C25,Theory!B28:AJ96,35,FALSE) -> 9 | AQ25: =VLOOKUP(C25,Theory!B28:AK96,36,FALSE) -> 0 | AR25: =VLOOKUP(C25,Theory!B28:AL96,37,FALSE) -> 0 | AS25: =VLOOKUP(C25,Theory!B28:AM96,38,FALSE) -> 0 | AT25: =SUM(AP25:AS25) -> 9 | AU25: =VLOOKUP(C25,Theory!B28:AN96,39,FALSE) -> 9 | AV25: =VLOOKUP(C25,Theory!B28:AO96,40,FALSE) -> 0 | AW25: =VLOOKUP(C25,Theory!B28:AP96,41,FALSE) -> 0 | AX25: =VLOOKUP(C25,Theory!B28:AQ96,42,FALSE) -> 0 | AY25: =SUM(AU25:AX25) -> 9 | AZ25: =VLOOKUP(C25,Theory!B28:AR96,43,FALSE) -> 10 | BA25: =VLOOKUP(C25,Theory!B28:AS96,44,FALSE) -> 0 | BB25: =VLOOKUP(C25,Theory!B28:AT96,45,FALSE) -> 0 | BC25: =VLOOKUP(C25,Theory!B28:AU96,46,FALSE) -> 0 | BD25: =VLOOKUP(C25,Theory!B28:AV96,47,FALSE) -> 0 | BE25: =VLOOKUP(C25,Theory!B28:AW96,48,FALSE) -> 0 | BF25: =VLOOKUP(C25,Theory!B28:AX96,49,FALSE) -> 0 | BG25: =VLOOKUP(C25,Theory!B28:AY96,50,FALSE) -> 0 | BH25: =MAX(SUM(AZ25:BC25),SUM(BD25:BG25)) -> 10 | BI25: =VLOOKUP(C25,Theory!B28:AZ96,51,FALSE) -> 8 | BJ25: =VLOOKUP(C25,Theory!B28:BA96,52,FALSE) -> 0 | BK25: =VLOOKUP(C25,Theory!B28:BB96,53,FALSE) -> 0 | BL25: =VLOOKUP(C25,Theory!B28:BC96,54,FALSE) -> 0 | BM25: =VLOOKUP(C25,Theory!B28:BD96,55,FALSE) -> 0 | BN25: =VLOOKUP(C25,Theory!B28:BE96,56,FALSE) -> 0 | BO25: =VLOOKUP(C25,Theory!B28:BF96,57,FALSE) -> 0 | BP25: =VLOOKUP(C25,Theory!B28:BG96,58,FALSE) -> 0 | BQ25: =MAX(SUM(BI25:BL25),SUM(BM25:BP25)) -> 8 | BR25: =VLOOKUP(C25,Theory!B28:BH96,59,FALSE) -> 10 | BS25: =VLOOKUP(C25,Theory!B28:BI96,60,FALSE) -> 0 | BT25: =VLOOKUP(C25,Theory!B28:BJ96,61,FALSE) -> 0 | BU25: =VLOOKUP(C25,Theory!B28:BK96,62,FALSE) -> 0 | BV25: =VLOOKUP(C25,Theory!B28:BL96,63,FALSE) -> 0 | BW25: =VLOOKUP(C25,Theory!B28:BM96,64,FALSE) -> 0 | BX25: =VLOOKUP(C25,Theory!B28:BN96,65,FALSE) -> 0 | BY25: =VLOOKUP(C25,Theory!B28:BO96,66,FALSE) -> 0 | BZ25: =MAX(SUM(BR25:BU25),SUM(BV25:BY25)) -> 10 | CA25: =SUM(AT25,AY25,BH25,BQ25,BZ25) -> 46 | CB25: =VLOOKUP(C25,Theory!B28:BP96,67,FALSE) -> 10 | CC25: =VLOOKUP(C25,Theory!B28:BQ96,68,FALSE) -> 0 | CD25: =VLOOKUP(C25,Theory!B28:BR96,69,FALSE) -> 0 | CE25: =VLOOKUP(C25,Theory!B28:BS96,70,FALSE) -> 0 | CF25: =SUM(CB25:CE25) -> 10 | CG25: =VLOOKUP(C25,Theory!B28:BT96,71,FALSE) -> 10 | CH25: =VLOOKUP(C25,Theory!B28:BU96,72,FALSE) -> 0 | CI25: =VLOOKUP(C25,Theory!B28:BV96,73,FALSE) -> 0 | CJ25: =VLOOKUP(C25,Theory!B28:BW96,74,FALSE) -> 0 | CK25: =SUM(CG25:CJ25) -> 10 | CL25: =VLOOKUP(C25,Theory!B28:BX96,75,FALSE) -> 0 | CM25: =VLOOKUP(C25,Theory!B28:BY96,76,FALSE) -> 0 | CN25: =VLOOKUP(C25,Theory!B28:BZ96,77,FALSE) -> 0 | CO25: =VLOOKUP(C25,Theory!B28:CA96,78,FALSE) -> 0 | CP25: =VLOOKUP(C25,Theory!B28:CB96,79,FALSE) -> 10 | CQ25: =VLOOKUP(C25,Theory!B28:CC96,80,FALSE) -> 0 | CR25: =VLOOKUP(C25,Theory!B28:CD96,81,FALSE) -> 0 | CS25: =VLOOKUP(C25,Theory!B28:CE96,82,FALSE) -> 0 | CT25: =MAX(SUM(CL25:CO25),SUM(CP25:CS25)) -> 10 | CU25: =VLOOKUP(C25,Theory!B28:CF96,83,FALSE) -> 10 | CV25: =VLOOKUP(C25,Theory!B28:CG96,84,FALSE) -> 0 | CW25: =VLOOKUP(C25,Theory!B28:CH96,85,FALSE) -> 0 | CX25: =VLOOKUP(C25,Theory!B28:CI96,86,FALSE) -> 0 | CY25: =VLOOKUP(C25,Theory!B28:CJ96,87,FALSE) -> 0 | CZ25: =VLOOKUP(C25,Theory!B28:CK96,88,FALSE) -> 0 | DA25: =VLOOKUP(C25,Theory!B28:CL96,89,FALSE) -> 0 | DB25: =VLOOKUP(C25,Theory!B28:CM96,90,FALSE) -> 0 | DC25: =MAX(SUM(CU25:CX25),SUM(CY25:DB25)) -> 10 | DD25: =VLOOKUP(C25,Theory!B28:CN96,91,FALSE) -> 0 | DE25: =VLOOKUP(C25,Theory!B28:CO96,92,FALSE) -> 0 | DF25: =VLOOKUP(C25,Theory!B28:CP96,93,FALSE) -> 0 | DG25: =VLOOKUP(C25,Theory!B28:CQ96,94,FALSE) -> 0 | DH25: =VLOOKUP(C25,Theory!B28:CR96,95,FALSE) -> 10 | DI25: =VLOOKUP(C25,Theory!B28:CS96,96,FALSE) -> 0 | DJ25: =VLOOKUP(C25,Theory!B28:CT96,97,FALSE) -> 0 | DK25: =VLOOKUP(C25,Theory!B28:CU96,98,FALSE) -> 0 | DL25: =MAX(SUM(DD25:DG25),SUM(DH25:DK25)) -> 10 | DM25: =SUM(CF25,CK25,CT25,DC25,DL25) -> 50 | DN25: =AO25 -> 44 | DO25: =CA25 -> 46 | DP25: =DM25 -> 50 | DQ25: =ROUND(30*DN25/50,0) -> 26 | DR25: =ROUND(30*DO25/50,0) -> 28 | DS25: =ROUND(30*DP25/50,0) -> 30 | DT25: =ROUND(AVERAGE(DQ25:DS25),0) -> 28 | DU25: =VLOOKUP(C25,Theory!B28:CV96,99,FALSE) -> 10 | DV25: =VLOOKUP(C25,Theory!B28:CW96,100,FALSE) -> 10 | DW25: =SUM(DU25:DV25) -> 20 | DX25: =SUM(DT25:DV25) -> 48 | DY25: =ROUND((30*DX25/50),0) -> 29 | DZ25: =VLOOKUP(C25,Lab!B20:D89,3,FALSE) -> 0 | EA25: =VLOOKUP(C25,Lab!B20:E89,4,FALSE) -> 0 | EB25: =VLOOKUP(C25,Lab!B20:F89,5,FALSE) -> 0 | EC25: =SUM(DZ25:EB25) -> 0 | ED25: =VLOOKUP(C25,Lab!B20:G89,6,FALSE) -> 0 | EE25: =VLOOKUP(C25,Lab!B20:H89,7,FALSE) -> 0 | EF25: =VLOOKUP(C25,Lab!B20:I89,8,FALSE) -> 0 | EG25: =SUM(ED25:EF25) -> 0 | EH25: =SUM(EC25,EG25) -> 0 | EI25: =ROUND((20*EH25/50),0) -> 0 | EJ25: =SUM(DY25,EI25) -> 29 | EK25: 45 | EM25: =VLOOKUP(C25,Theory!B28:DL96,114,FALSE) -> 0 | EN25: =VLOOKUP(C25,Theory!B28:DM96,115,FALSE) -> 0 | EO25: =VLOOKUP(C25,Theory!B28:DN96,116,FALSE) -> 0 | EP25: =VLOOKUP(C25,Theory!B28:DO94,117,FALSE) -> 0 | EQ25: =VLOOKUP(C25,Theory!B28:DP94,118,FALSE) -> 0 | ER25: =VLOOKUP(C25,Theory!B28:DQ94,119,FALSE) -> 0 | ES25: =VLOOKUP(C25,Theory!B28:DR94,120,FALSE) -> 0 | ET25: =SUM(ER25:ES25) -> 0
A26: 13 | B26: =Theory!C29 -> KAASHIF MERAJ | C26: =Theory!B29 -> 1DS21AI026 | D26: =VLOOKUP(C26,Theory!B29:D97,3,FALSE) -> 2 | E26: =VLOOKUP(C26,Theory!B29:E97,4,FALSE) -> 0 | F26: =VLOOKUP(C26,Theory!B29:F97,5,FALSE) -> 0 | G26: =VLOOKUP(C26,Theory!B29:G97,6,FALSE) -> 0 | H26: =SUM(D26:G26) -> 2 | I26: =VLOOKUP(C26,Theory!B29:H97,7,FALSE) -> 2 | J26: =VLOOKUP(C26,Theory!B29:I97,8,FALSE) -> 0 | K26: =VLOOKUP(C26,Theory!B29:J97,9,FALSE) -> 0 | L26: =VLOOKUP(C26,Theory!B29:K97,10,FALSE) -> 0 | M26: =SUM(I26:L26) -> 2 | N26: =VLOOKUP(C26,Theory!B29:L97,11,FALSE) -> 0 | O26: =VLOOKUP(C26,Theory!B29:M97,12,FALSE) -> 0 | P26: =VLOOKUP(C26,Theory!B29:N97,13,FALSE) -> 0 | Q26: =VLOOKUP(C26,Theory!B29:O97,14,FALSE) -> 0 | R26: =VLOOKUP(C26,Theory!B29:P97,15,FALSE) -> 3 | S26: =VLOOKUP(C26,Theory!B29:Q97,16,FALSE) -> 0 | T26: =VLOOKUP(C26,Theory!B29:R97,17,FALSE) -> 0 | U26: =VLOOKUP(C26,Theory!B29:S97,18,FALSE) -> 0 | V26: =MAX(SUM(N26:Q26),SUM(R26:U26)) -> 3 | W26: =VLOOKUP(C26,Theory!B29:T97,19,FALSE) -> 0 | X26: =VLOOKUP(C26,Theory!B29:U97,20,FALSE) -> 0 | Y26: =VLOOKUP(C26,Theory!B29:V97,21,FALSE) -> 0 | Z26: =VLOOKUP(C26,Theory!B29:W97,22,FALSE) -> 0 | AA26: =VLOOKUP(C26,Theory!B29:X97,23,FALSE) -> 4 | AB26: =VLOOKUP(C26,Theory!B29:Y97,24,FALSE) -> 0 | AC26: =VLOOKUP(C26,Theory!B29:Z97,25,FALSE) -> 0 | AD26: =VLOOKUP(C26,Theory!B29:AA97,26,FALSE) -> 0 | AE26: =MAX(SUM(W26:Z26),SUM(AA26:AD26)) -> 4 | AF26: =VLOOKUP(C26,Theory!B29:AB97,27,FALSE) -> 0 | AG26: =VLOOKUP(C26,Theory!B29:AC97,28,FALSE) -> 0 | AH26: =VLOOKUP(C26,Theory!B29:AD97,29,FALSE) -> 0 | AI26: =VLOOKUP(C26,Theory!B29:AE97,30,FALSE) -> 0 | AJ26: =VLOOKUP(C26,Theory!B29:AF97,31,FALSE) -> 4 | AK26: =VLOOKUP(C26,Theory!B29:AG97,32,FALSE) -> 0 | AL26: =VLOOKUP(C26,Theory!B29:AH97,33,FALSE) -> 0 | AM26: =VLOOKUP(C26,Theory!B29:AI97,34,FALSE) -> 0 | AN26: =MAX(SUM(AF26:AI26),SUM(AJ26:AM26)) -> 4 | AO26: =SUM(H26,M26,V26,AE26,AN26) -> 15 | AP26: =VLOOKUP(C26,Theory!B29:AJ97,35,FALSE) -> 7 | AQ26: =VLOOKUP(C26,Theory!B29:AK97,36,FALSE) -> 0 | AR26: =VLOOKUP(C26,Theory!B29:AL97,37,FALSE) -> 0 | AS26: =VLOOKUP(C26,Theory!B29:AM97,38,FALSE) -> 0 | AT26: =SUM(AP26:AS26) -> 7 | AU26: =VLOOKUP(C26,Theory!B29:AN97,39,FALSE) -> 6 | AV26: =VLOOKUP(C26,Theory!B29:AO97,40,FALSE) -> 0 | AW26: =VLOOKUP(C26,Theory!B29:AP97,41,FALSE) -> 0 | AX26: =VLOOKUP(C26,Theory!B29:AQ97,42,FALSE) -> 0 | AY26: =SUM(AU26:AX26) -> 6 | AZ26: =VLOOKUP(C26,Theory!B29:AR97,43,FALSE) -> 9 | BA26: =VLOOKUP(C26,Theory!B29:AS97,44,FALSE) -> 0 | BB26: =VLOOKUP(C26,Theory!B29:AT97,45,FALSE) -> 0 | BC26: =VLOOKUP(C26,Theory!B29:AU97,46,FALSE) -> 0 | BD26: =VLOOKUP(C26,Theory!B29:AV97,47,FALSE) -> 0 | BE26: =VLOOKUP(C26,Theory!B29:AW97,48,FALSE) -> 0 | BF26: =VLOOKUP(C26,Theory!B29:AX97,49,FALSE) -> 0 | BG26: =VLOOKUP(C26,Theory!B29:AY97,50,FALSE) -> 0 | BH26: =MAX(SUM(AZ26:BC26),SUM(BD26:BG26)) -> 9 | BI26: =VLOOKUP(C26,Theory!B29:AZ97,51,FALSE) -> 0 | BJ26: =VLOOKUP(C26,Theory!B29:BA97,52,FALSE) -> 0 | BK26: =VLOOKUP(C26,Theory!B29:BB97,53,FALSE) -> 0 | BL26: =VLOOKUP(C26,Theory!B29:BC97,54,FALSE) -> 0 | BM26: =VLOOKUP(C26,Theory!B29:BD97,55,FALSE) -> 0 | BN26: =VLOOKUP(C26,Theory!B29:BE97,56,FALSE) -> 0 | BO26: =VLOOKUP(C26,Theory!B29:BF97,57,FALSE) -> 0 | BP26: =VLOOKUP(C26,Theory!B29:BG97,58,FALSE) -> 0 | BQ26: =MAX(SUM(BI26:BL26),SUM(BM26:BP26)) -> 0 | BR26: =VLOOKUP(C26,Theory!B29:BH97,59,FALSE) -> 0 | BS26: =VLOOKUP(C26,Theory!B29:BI97,60,FALSE) -> 0 | BT26: =VLOOKUP(C26,Theory!B29:BJ97,61,FALSE) -> 0 | BU26: =VLOOKUP(C26,Theory!B29:BK97,62,FALSE) -> 0 | BV26: =VLOOKUP(C26,Theory!B29:BL97,63,FALSE) -> 5 | BW26: =VLOOKUP(C26,Theory!B29:BM97,64,FALSE) -> 0 | BX26: =VLOOKUP(C26,Theory!B29:BN97,65,FALSE) -> 0 | BY26: =VLOOKUP(C26,Theory!B29:BO97,66,FALSE) -> 0 | BZ26: =MAX(SUM(BR26:BU26),SUM(BV26:BY26)) -> 5 | CA26: =SUM(AT26,AY26,BH26,BQ26,BZ26) -> 27 | CB26: =VLOOKUP(C26,Theory!B29:BP97,67,FALSE) -> 2 | CC26: =VLOOKUP(C26,Theory!B29:BQ97,68,FALSE) -> 0 | CD26: =VLOOKUP(C26,Theory!B29:BR97,69,FALSE) -> 0 | CE26: =VLOOKUP(C26,Theory!B29:BS97,70,FALSE) -> 0 | CF26: =SUM(CB26:CE26) -> 2 | CG26: =VLOOKUP(C26,Theory!B29:BT97,71,FALSE) -> 8 | CH26: =VLOOKUP(C26,Theory!B29:BU97,72,FALSE) -> 0 | CI26: =VLOOKUP(C26,Theory!B29:BV97,73,FALSE) -> 0 | CJ26: =VLOOKUP(C26,Theory!B29:BW97,74,FALSE) -> 0 | CK26: =SUM(CG26:CJ26) -> 8 | CL26: =VLOOKUP(C26,Theory!B29:BX97,75,FALSE) -> 7 | CM26: =VLOOKUP(C26,Theory!B29:BY97,76,FALSE) -> 0 | CN26: =VLOOKUP(C26,Theory!B29:BZ97,77,FALSE) -> 0 | CO26: =VLOOKUP(C26,Theory!B29:CA97,78,FALSE) -> 0 | CP26: =VLOOKUP(C26,Theory!B29:CB97,79,FALSE) -> 0 | CQ26: =VLOOKUP(C26,Theory!B29:CC97,80,FALSE) -> 0 | CR26: =VLOOKUP(C26,Theory!B29:CD97,81,FALSE) -> 0 | CS26: =VLOOKUP(C26,Theory!B29:CE97,82,FALSE) -> 0 | CT26: =MAX(SUM(CL26:CO26),SUM(CP26:CS26)) -> 7 | CU26: =VLOOKUP(C26,Theory!B29:CF97,83,FALSE) -> 0 | CV26: =VLOOKUP(C26,Theory!B29:CG97,84,FALSE) -> 0 | CW26: =VLOOKUP(C26,Theory!B29:CH97,85,FALSE) -> 0 | CX26: =VLOOKUP(C26,Theory!B29:CI97,86,FALSE) -> 0 | CY26: =VLOOKUP(C26,Theory!B29:CJ97,87,FALSE) -> 7 | CZ26: =VLOOKUP(C26,Theory!B29:CK97,88,FALSE) -> 0 | DA26: =VLOOKUP(C26,Theory!B29:CL97,89,FALSE) -> 0 | DB26: =VLOOKUP(C26,Theory!B29:CM97,90,FALSE) -> 0 | DC26: =MAX(SUM(CU26:CX26),SUM(CY26:DB26)) -> 7 | DD26: =VLOOKUP(C26,Theory!B29:CN97,91,FALSE) -> 7 | DE26: =VLOOKUP(C26,Theory!B29:CO97,92,FALSE) -> 0 | DF26: =VLOOKUP(C26,Theory!B29:CP97,93,FALSE) -> 0 | DG26: =VLOOKUP(C26,Theory!B29:CQ97,94,FALSE) -> 0 | DH26: =VLOOKUP(C26,Theory!B29:CR97,95,FALSE) -> 0 | DI26: =VLOOKUP(C26,Theory!B29:CS97,96,FALSE) -> 0 | DJ26: =VLOOKUP(C26,Theory!B29:CT97,97,FALSE) -> 0 | DK26: =VLOOKUP(C26,Theory!B29:CU97,98,FALSE) -> 0 | DL26: =MAX(SUM(DD26:DG26),SUM(DH26:DK26)) -> 7 | DM26: =SUM(CF26,CK26,CT26,DC26,DL26) -> 31 | DN26: =AO26 -> 15 | DO26: =CA26 -> 27 | DP26: =DM26 -> 31 | DQ26: =ROUND(30*DN26/50,0) -> 9 | DR26: =ROUND(30*DO26/50,0) -> 16 | DS26: =ROUND(30*DP26/50,0) -> 19 | DT26: =ROUND(AVERAGE(DQ26:DS26),0) -> 15 | DU26: =VLOOKUP(C26,Theory!B29:CV97,99,FALSE) -> 10 | DV26: =VLOOKUP(C26,Theory!B29:CW97,100,FALSE) -> 10 | DW26: =SUM(DU26:DV26) -> 20 | DX26: =SUM(DT26:DV26) -> 35 | DY26: =ROUND((30*DX26/50),0) -> 21 | DZ26: =VLOOKUP(C26,Lab!B21:D90,3,FALSE) -> 0 | EA26: =VLOOKUP(C26,Lab!B21:E90,4,FALSE) -> 0 | EB26: =VLOOKUP(C26,Lab!B21:F90,5,FALSE) -> 0 | EC26: =SUM(DZ26:EB26) -> 0 | ED26: =VLOOKUP(C26,Lab!B21:G90,6,FALSE) -> 0 | EE26: =VLOOKUP(C26,Lab!B21:H90,7,FALSE) -> 0 | EF26: =VLOOKUP(C26,Lab!B21:I90,8,FALSE) -> 0 | EG26: =SUM(ED26:EF26) -> 0 | EH26: =SUM(EC26,EG26) -> 0 | EI26: =ROUND((20*EH26/50),0) -> 0 | EJ26: =SUM(DY26,EI26) -> 21 | EK26: 27 | EM26: =VLOOKUP(C26,Theory!B29:DL97,114,FALSE) -> 0 | EN26: =VLOOKUP(C26,Theory!B29:DM97,115,FALSE) -> 0 | EO26: =VLOOKUP(C26,Theory!B29:DN97,116,FALSE) -> 0 | EP26: =VLOOKUP(C26,Theory!B29:DO95,117,FALSE) -> 0 | EQ26: =VLOOKUP(C26,Theory!B29:DP95,118,FALSE) -> 0 | ER26: =VLOOKUP(C26,Theory!B29:DQ95,119,FALSE) -> 0 | ES26: =VLOOKUP(C26,Theory!B29:DR95,120,FALSE) -> 0 | ET26: =SUM(ER26:ES26) -> 0
A27: 14 | B27: =Theory!C30 -> KOTIREDDY CHARAN SIMHA REDDY | C27: =Theory!B30 -> 1DS21AI027 | D27: =VLOOKUP(C27,Theory!B30:D98,3,FALSE) -> 5 | E27: =VLOOKUP(C27,Theory!B30:E98,4,FALSE) -> 0 | F27: =VLOOKUP(C27,Theory!B30:F98,5,FALSE) -> 0 | G27: =VLOOKUP(C27,Theory!B30:G98,6,FALSE) -> 0 | H27: =SUM(D27:G27) -> 5 | I27: =VLOOKUP(C27,Theory!B30:H98,7,FALSE) -> 6 | J27: =VLOOKUP(C27,Theory!B30:I98,8,FALSE) -> 0 | K27: =VLOOKUP(C27,Theory!B30:J98,9,FALSE) -> 0 | L27: =VLOOKUP(C27,Theory!B30:K98,10,FALSE) -> 0 | M27: =SUM(I27:L27) -> 6 | N27: =VLOOKUP(C27,Theory!B30:L98,11,FALSE) -> 7 | O27: =VLOOKUP(C27,Theory!B30:M98,12,FALSE) -> 0 | P27: =VLOOKUP(C27,Theory!B30:N98,13,FALSE) -> 0 | Q27: =VLOOKUP(C27,Theory!B30:O98,14,FALSE) -> 0 | R27: =VLOOKUP(C27,Theory!B30:P98,15,FALSE) -> 0 | S27: =VLOOKUP(C27,Theory!B30:Q98,16,FALSE) -> 0 | T27: =VLOOKUP(C27,Theory!B30:R98,17,FALSE) -> 0 | U27: =VLOOKUP(C27,Theory!B30:S98,18,FALSE) -> 0 | V27: =MAX(SUM(N27:Q27),SUM(R27:U27)) -> 7 | W27: =VLOOKUP(C27,Theory!B30:T98,19,FALSE) -> 5 | X27: =VLOOKUP(C27,Theory!B30:U98,20,FALSE) -> 0 | Y27: =VLOOKUP(C27,Theory!B30:V98,21,FALSE) -> 0 | Z27: =VLOOKUP(C27,Theory!B30:W98,22,FALSE) -> 0 | AA27: =VLOOKUP(C27,Theory!B30:X98,23,FALSE) -> 0 | AB27: =VLOOKUP(C27,Theory!B30:Y98,24,FALSE) -> 0 | AC27: =VLOOKUP(C27,Theory!B30:Z98,25,FALSE) -> 0 | AD27: =VLOOKUP(C27,Theory!B30:AA98,26,FALSE) -> 0 | AE27: =MAX(SUM(W27:Z27),SUM(AA27:AD27)) -> 5 | AF27: =VLOOKUP(C27,Theory!B30:AB98,27,FALSE) -> 7 | AG27: =VLOOKUP(C27,Theory!B30:AC98,28,FALSE) -> 0 | AH27: =VLOOKUP(C27,Theory!B30:AD98,29,FALSE) -> 0 | AI27: =VLOOKUP(C27,Theory!B30:AE98,30,FALSE) -> 0 | AJ27: =VLOOKUP(C27,Theory!B30:AF98,31,FALSE) -> 0 | AK27: =VLOOKUP(C27,Theory!B30:AG98,32,FALSE) -> 0 | AL27: =VLOOKUP(C27,Theory!B30:AH98,33,FALSE) -> 0 | AM27: =VLOOKUP(C27,Theory!B30:AI98,34,FALSE) -> 0 | AN27: =MAX(SUM(AF27:AI27),SUM(AJ27:AM27)) -> 7 | AO27: =SUM(H27,M27,V27,AE27,AN27) -> 30 | AP27: =VLOOKUP(C27,Theory!B30:AJ98,35,FALSE) -> 6 | AQ27: =VLOOKUP(C27,Theory!B30:AK98,36,FALSE) -> 0 | AR27: =VLOOKUP(C27,Theory!B30:AL98,37,FALSE) -> 0 | AS27: =VLOOKUP(C27,Theory!B30:AM98,38,FALSE) -> 0 | AT27: =SUM(AP27:AS27) -> 6 | AU27: =VLOOKUP(C27,Theory!B30:AN98,39,FALSE) -> 5 | AV27: =VLOOKUP(C27,Theory!B30:AO98,40,FALSE) -> 0 | AW27: =VLOOKUP(C27,Theory!B30:AP98,41,FALSE) -> 0 | AX27: =VLOOKUP(C27,Theory!B30:AQ98,42,FALSE) -> 0 | AY27: =SUM(AU27:AX27) -> 5 | AZ27: =VLOOKUP(C27,Theory!B30:AR98,43,FALSE) -> 8 | BA27: =VLOOKUP(C27,Theory!B30:AS98,44,FALSE) -> 0 | BB27: =VLOOKUP(C27,Theory!B30:AT98,45,FALSE) -> 0 | BC27: =VLOOKUP(C27,Theory!B30:AU98,46,FALSE) -> 0 | BD27: =VLOOKUP(C27,Theory!B30:AV98,47,FALSE) -> 0 | BE27: =VLOOKUP(C27,Theory!B30:AW98,48,FALSE) -> 0 | BF27: =VLOOKUP(C27,Theory!B30:AX98,49,FALSE) -> 0 | BG27: =VLOOKUP(C27,Theory!B30:AY98,50,FALSE) -> 0 | BH27: =MAX(SUM(AZ27:BC27),SUM(BD27:BG27)) -> 8 | BI27: =VLOOKUP(C27,Theory!B30:AZ98,51,FALSE) -> 0 | BJ27: =VLOOKUP(C27,Theory!B30:BA98,52,FALSE) -> 0 | BK27: =VLOOKUP(C27,Theory!B30:BB98,53,FALSE) -> 0 | BL27: =VLOOKUP(C27,Theory!B30:BC98,54,FALSE) -> 0 | BM27: =VLOOKUP(C27,Theory!B30:BD98,55,FALSE) -> 5 | BN27: =VLOOKUP(C27,Theory!B30:BE98,56,FALSE) -> 0 | BO27: =VLOOKUP(C27,Theory!B30:BF98,57,FALSE) -> 0 | BP27: =VLOOKUP(C27,Theory!B30:BG98,58,FALSE) -> 0 | BQ27: =MAX(SUM(BI27:BL27),SUM(BM27:BP27)) -> 5 | BR27: =VLOOKUP(C27,Theory!B30:BH98,59,FALSE) -> 0 | BS27: =VLOOKUP(C27,Theory!B30:BI98,60,FALSE) -> 0 | BT27: =VLOOKUP(C27,Theory!B30:BJ98,61,FALSE) -> 0 | BU27: =VLOOKUP(C27,Theory!B30:BK98,62,FALSE) -> 0 | BV27: =VLOOKUP(C27,Theory!B30:BL98,63,FALSE) -> 6 | BW27: =VLOOKUP(C27,Theory!B30:BM98,64,FALSE) -> 0 | BX27: =VLOOKUP(C27,Theory!B30:BN98,65,FALSE) -> 0 | BY27: =VLOOKUP(C27,Theory!B30:BO98,66,FALSE) -> 0 | BZ27: =MAX(SUM(BR27:BU27),SUM(BV27:BY27)) -> 6 | CA27: =SUM(AT27,AY27,BH27,BQ27,BZ27) -> 30 | CB27: =VLOOKUP(C27,Theory!B30:BP98,67,FALSE) -> 5 | CC27: =VLOOKUP(C27,Theory!B30:BQ98,68,FALSE) -> 0 | CD27: =VLOOKUP(C27,Theory!B30:BR98,69,FALSE) -> 0 | CE27: =VLOOKUP(C27,Theory!B30:BS98,70,FALSE) -> 0 | CF27: =SUM(CB27:CE27) -> 5 | CG27: =VLOOKUP(C27,Theory!B30:BT98,71,FALSE) -> 7 | CH27: =VLOOKUP(C27,Theory!B30:BU98,72,FALSE) -> 0 | CI27: =VLOOKUP(C27,Theory!B30:BV98,73,FALSE) -> 0 | CJ27: =VLOOKUP(C27,Theory!B30:BW98,74,FALSE) -> 0 | CK27: =SUM(CG27:CJ27) -> 7 | CL27: =VLOOKUP(C27,Theory!B30:BX98,75,FALSE) -> 0 | CM27: =VLOOKUP(C27,Theory!B30:BY98,76,FALSE) -> 0 | CN27: =VLOOKUP(C27,Theory!B30:BZ98,77,FALSE) -> 0 | CO27: =VLOOKUP(C27,Theory!B30:CA98,78,FALSE) -> 0 | CP27: =VLOOKUP(C27,Theory!B30:CB98,79,FALSE) -> 7 | CQ27: =VLOOKUP(C27,Theory!B30:CC98,80,FALSE) -> 0 | CR27: =VLOOKUP(C27,Theory!B30:CD98,81,FALSE) -> 0 | CS27: =VLOOKUP(C27,Theory!B30:CE98,82,FALSE) -> 0 | CT27: =MAX(SUM(CL27:CO27),SUM(CP27:CS27)) -> 7 | CU27: =VLOOKUP(C27,Theory!B30:CF98,83,FALSE) -> 6 | CV27: =VLOOKUP(C27,Theory!B30:CG98,84,FALSE) -> 0 | CW27: =VLOOKUP(C27,Theory!B30:CH98,85,FALSE) -> 0 | CX27: =VLOOKUP(C27,Theory!B30:CI98,86,FALSE) -> 0 | CY27: =VLOOKUP(C27,Theory!B30:CJ98,87,FALSE) -> 0 | CZ27: =VLOOKUP(C27,Theory!B30:CK98,88,FALSE) -> 0 | DA27: =VLOOKUP(C27,Theory!B30:CL98,89,FALSE) -> 0 | DB27: =VLOOKUP(C27,Theory!B30:CM98,90,FALSE) -> 0 | DC27: =MAX(SUM(CU27:CX27),SUM(CY27:DB27)) -> 6 | DD27: =VLOOKUP(C27,Theory!B30:CN98,91,FALSE) -> 0 | DE27: =VLOOKUP(C27,Theory!B30:CO98,92,FALSE) -> 0 | DF27: =VLOOKUP(C27,Theory!B30:CP98,93,FALSE) -> 0 | DG27: =VLOOKUP(C27,Theory!B30:CQ98,94,FALSE) -> 0 | DH27: =VLOOKUP(C27,Theory!B30:CR98,95,FALSE) -> 6 | DI27: =VLOOKUP(C27,Theory!B30:CS98,96,FALSE) -> 0 | DJ27: =VLOOKUP(C27,Theory!B30:CT98,97,FALSE) -> 0 | DK27: =VLOOKUP(C27,Theory!B30:CU98,98,FALSE) -> 0 | DL27: =MAX(SUM(DD27:DG27),SUM(DH27:DK27)) -> 6 | DM27: =SUM(CF27,CK27,CT27,DC27,DL27) -> 31 | DN27: =AO27 -> 30 | DO27: =CA27 -> 30 | DP27: =DM27 -> 31 | DQ27: =ROUND(30*DN27/50,0) -> 18 | DR27: =ROUND(30*DO27/50,0) -> 18 | DS27: =ROUND(30*DP27/50,0) -> 19 | DT27: =ROUND(AVERAGE(DQ27:DS27),0) -> 18 | DU27: =VLOOKUP(C27,Theory!B30:CV98,99,FALSE) -> 10 | DV27: =VLOOKUP(C27,Theory!B30:CW98,100,FALSE) -> 10 | DW27: =SUM(DU27:DV27) -> 20 | DX27: =SUM(DT27:DV27) -> 38 | DY27: =ROUND((30*DX27/50),0) -> 23 | DZ27: =VLOOKUP(C27,Lab!B22:D91,3,FALSE) -> 0 | EA27: =VLOOKUP(C27,Lab!B22:E91,4,FALSE) -> 0 | EB27: =VLOOKUP(C27,Lab!B22:F91,5,FALSE) -> 0 | EC27: =SUM(DZ27:EB27) -> 0 | ED27: =VLOOKUP(C27,Lab!B22:G91,6,FALSE) -> 0 | EE27: =VLOOKUP(C27,Lab!B22:H91,7,FALSE) -> 0 | EF27: =VLOOKUP(C27,Lab!B22:I91,8,FALSE) -> 0 | EG27: =SUM(ED27:EF27) -> 0 | EH27: =SUM(EC27,EG27) -> 0 | EI27: =ROUND((20*EH27/50),0) -> 0 | EJ27: =SUM(DY27,EI27) -> 23 | EK27: 32 | EM27: =VLOOKUP(C27,Theory!B30:DL98,114,FALSE) -> 0 | EN27: =VLOOKUP(C27,Theory!B30:DM98,115,FALSE) -> 0 | EO27: =VLOOKUP(C27,Theory!B30:DN98,116,FALSE) -> 0 | EP27: =VLOOKUP(C27,Theory!B30:DO96,117,FALSE) -> 0 | EQ27: =VLOOKUP(C27,Theory!B30:DP96,118,FALSE) -> 0 | ER27: =VLOOKUP(C27,Theory!B30:DQ96,119,FALSE) -> 0 | ES27: =VLOOKUP(C27,Theory!B30:DR96,120,FALSE) -> 0 | ET27: =SUM(ER27:ES27) -> 0
A28: 15 | B28: =Theory!C31 -> KRUTIKA R SINNUR | C28: =Theory!B31 -> 1DS21AI028 | D28: =VLOOKUP(C28,Theory!B31:D99,3,FALSE) -> 8 | E28: =VLOOKUP(C28,Theory!B31:E99,4,FALSE) -> 0 | F28: =VLOOKUP(C28,Theory!B31:F99,5,FALSE) -> 0 | G28: =VLOOKUP(C28,Theory!B31:G99,6,FALSE) -> 0 | H28: =SUM(D28:G28) -> 8 | I28: =VLOOKUP(C28,Theory!B31:H99,7,FALSE) -> 7 | J28: =VLOOKUP(C28,Theory!B31:I99,8,FALSE) -> 0 | K28: =VLOOKUP(C28,Theory!B31:J99,9,FALSE) -> 0 | L28: =VLOOKUP(C28,Theory!B31:K99,10,FALSE) -> 0 | M28: =SUM(I28:L28) -> 7 | N28: =VLOOKUP(C28,Theory!B31:L99,11,FALSE) -> 10 | O28: =VLOOKUP(C28,Theory!B31:M99,12,FALSE) -> 0 | P28: =VLOOKUP(C28,Theory!B31:N99,13,FALSE) -> 0 | Q28: =VLOOKUP(C28,Theory!B31:O99,14,FALSE) -> 0 | R28: =VLOOKUP(C28,Theory!B31:P99,15,FALSE) -> 0 | S28: =VLOOKUP(C28,Theory!B31:Q99,16,FALSE) -> 0 | T28: =VLOOKUP(C28,Theory!B31:R99,17,FALSE) -> 0 | U28: =VLOOKUP(C28,Theory!B31:S99,18,FALSE) -> 0 | V28: =MAX(SUM(N28:Q28),SUM(R28:U28)) -> 10 | W28: =VLOOKUP(C28,Theory!B31:T99,19,FALSE) -> 10 | X28: =VLOOKUP(C28,Theory!B31:U99,20,FALSE) -> 0 | Y28: =VLOOKUP(C28,Theory!B31:V99,21,FALSE) -> 0 | Z28: =VLOOKUP(C28,Theory!B31:W99,22,FALSE) -> 0 | AA28: =VLOOKUP(C28,Theory!B31:X99,23,FALSE) -> 0 | AB28: =VLOOKUP(C28,Theory!B31:Y99,24,FALSE) -> 0 | AC28: =VLOOKUP(C28,Theory!B31:Z99,25,FALSE) -> 0 | AD28: =VLOOKUP(C28,Theory!B31:AA99,26,FALSE) -> 0 | AE28: =MAX(SUM(W28:Z28),SUM(AA28:AD28)) -> 10 | AF28: =VLOOKUP(C28,Theory!B31:AB99,27,FALSE) -> 9 | AG28: =VLOOKUP(C28,Theory!B31:AC99,28,FALSE) -> 0 | AH28: =VLOOKUP(C28,Theory!B31:AD99,29,FALSE) -> 0 | AI28: =VLOOKUP(C28,Theory!B31:AE99,30,FALSE) -> 0 | AJ28: =VLOOKUP(C28,Theory!B31:AF99,31,FALSE) -> 0 | AK28: =VLOOKUP(C28,Theory!B31:AG99,32,FALSE) -> 0 | AL28: =VLOOKUP(C28,Theory!B31:AH99,33,FALSE) -> 0 | AM28: =VLOOKUP(C28,Theory!B31:AI99,34,FALSE) -> 0 | AN28: =MAX(SUM(AF28:AI28),SUM(AJ28:AM28)) -> 9 | AO28: =SUM(H28,M28,V28,AE28,AN28) -> 44 | AP28: =VLOOKUP(C28,Theory!B31:AJ99,35,FALSE) -> 10 | AQ28: =VLOOKUP(C28,Theory!B31:AK99,36,FALSE) -> 0 | AR28: =VLOOKUP(C28,Theory!B31:AL99,37,FALSE) -> 0 | AS28: =VLOOKUP(C28,Theory!B31:AM99,38,FALSE) -> 0 | AT28: =SUM(AP28:AS28) -> 10 | AU28: =VLOOKUP(C28,Theory!B31:AN99,39,FALSE) -> 10 | AV28: =VLOOKUP(C28,Theory!B31:AO99,40,FALSE) -> 0 | AW28: =VLOOKUP(C28,Theory!B31:AP99,41,FALSE) -> 0 | AX28: =VLOOKUP(C28,Theory!B31:AQ99,42,FALSE) -> 0 | AY28: =SUM(AU28:AX28) -> 10 | AZ28: =VLOOKUP(C28,Theory!B31:AR99,43,FALSE) -> 10 | BA28: =VLOOKUP(C28,Theory!B31:AS99,44,FALSE) -> 0 | BB28: =VLOOKUP(C28,Theory!B31:AT99,45,FALSE) -> 0 | BC28: =VLOOKUP(C28,Theory!B31:AU99,46,FALSE) -> 0 | BD28: =VLOOKUP(C28,Theory!B31:AV99,47,FALSE) -> 0 | BE28: =VLOOKUP(C28,Theory!B31:AW99,48,FALSE) -> 0 | BF28: =VLOOKUP(C28,Theory!B31:AX99,49,FALSE) -> 0 | BG28: =VLOOKUP(C28,Theory!B31:AY99,50,FALSE) -> 0 | BH28: =MAX(SUM(AZ28:BC28),SUM(BD28:BG28)) -> 10 | BI28: =VLOOKUP(C28,Theory!B31:AZ99,51,FALSE) -> 8 | BJ28: =VLOOKUP(C28,Theory!B31:BA99,52,FALSE) -> 0 | BK28: =VLOOKUP(C28,Theory!B31:BB99,53,FALSE) -> 0 | BL28: =VLOOKUP(C28,Theory!B31:BC99,54,FALSE) -> 0 | BM28: =VLOOKUP(C28,Theory!B31:BD99,55,FALSE) -> 0 | BN28: =VLOOKUP(C28,Theory!B31:BE99,56,FALSE) -> 0 | BO28: =VLOOKUP(C28,Theory!B31:BF99,57,FALSE) -> 0 | BP28: =VLOOKUP(C28,Theory!B31:BG99,58,FALSE) -> 0 | BQ28: =MAX(SUM(BI28:BL28),SUM(BM28:BP28)) -> 8 | BR28: =VLOOKUP(C28,Theory!B31:BH99,59,FALSE) -> 10 | BS28: =VLOOKUP(C28,Theory!B31:BI99,60,FALSE) -> 0 | BT28: =VLOOKUP(C28,Theory!B31:BJ99,61,FALSE) -> 0 | BU28: =VLOOKUP(C28,Theory!B31:BK99,62,FALSE) -> 0 | BV28: =VLOOKUP(C28,Theory!B31:BL99,63,FALSE) -> 0 | BW28: =VLOOKUP(C28,Theory!B31:BM99,64,FALSE) -> 0 | BX28: =VLOOKUP(C28,Theory!B31:BN99,65,FALSE) -> 0 | BY28: =VLOOKUP(C28,Theory!B31:BO99,66,FALSE) -> 0 | BZ28: =MAX(SUM(BR28:BU28),SUM(BV28:BY28)) -> 10 | CA28: =SUM(AT28,AY28,BH28,BQ28,BZ28) -> 48 | CB28: =VLOOKUP(C28,Theory!B31:BP99,67,FALSE) -> 9 | CC28: =VLOOKUP(C28,Theory!B31:BQ99,68,FALSE) -> 0 | CD28: =VLOOKUP(C28,Theory!B31:BR99,69,FALSE) -> 0 | CE28: =VLOOKUP(C28,Theory!B31:BS99,70,FALSE) -> 0 | CF28: =SUM(CB28:CE28) -> 9 | CG28: =VLOOKUP(C28,Theory!B31:BT99,71,FALSE) -> 9 | CH28: =VLOOKUP(C28,Theory!B31:BU99,72,FALSE) -> 0 | CI28: =VLOOKUP(C28,Theory!B31:BV99,73,FALSE) -> 0 | CJ28: =VLOOKUP(C28,Theory!B31:BW99,74,FALSE) -> 0 | CK28: =SUM(CG28:CJ28) -> 9 | CL28: =VLOOKUP(C28,Theory!B31:BX99,75,FALSE) -> 10 | CM28: =VLOOKUP(C28,Theory!B31:BY99,76,FALSE) -> 0 | CN28: =VLOOKUP(C28,Theory!B31:BZ99,77,FALSE) -> 0 | CO28: =VLOOKUP(C28,Theory!B31:CA99,78,FALSE) -> 0 | CP28: =VLOOKUP(C28,Theory!B31:CB99,79,FALSE) -> 0 | CQ28: =VLOOKUP(C28,Theory!B31:CC99,80,FALSE) -> 0 | CR28: =VLOOKUP(C28,Theory!B31:CD99,81,FALSE) -> 0 | CS28: =VLOOKUP(C28,Theory!B31:CE99,82,FALSE) -> 0 | CT28: =MAX(SUM(CL28:CO28),SUM(CP28:CS28)) -> 10 | CU28: =VLOOKUP(C28,Theory!B31:CF99,83,FALSE) -> 10 | CV28: =VLOOKUP(C28,Theory!B31:CG99,84,FALSE) -> 0 | CW28: =VLOOKUP(C28,Theory!B31:CH99,85,FALSE) -> 0 | CX28: =VLOOKUP(C28,Theory!B31:CI99,86,FALSE) -> 0 | CY28: =VLOOKUP(C28,Theory!B31:CJ99,87,FALSE) -> 0 | CZ28: =VLOOKUP(C28,Theory!B31:CK99,88,FALSE) -> 0 | DA28: =VLOOKUP(C28,Theory!B31:CL99,89,FALSE) -> 0 | DB28: =VLOOKUP(C28,Theory!B31:CM99,90,FALSE) -> 0 | DC28: =MAX(SUM(CU28:CX28),SUM(CY28:DB28)) -> 10 | DD28: =VLOOKUP(C28,Theory!B31:CN99,91,FALSE) -> 0 | DE28: =VLOOKUP(C28,Theory!B31:CO99,92,FALSE) -> 0 | DF28: =VLOOKUP(C28,Theory!B31:CP99,93,FALSE) -> 0 | DG28: =VLOOKUP(C28,Theory!B31:CQ99,94,FALSE) -> 0 | DH28: =VLOOKUP(C28,Theory!B31:CR99,95,FALSE) -> 9 | DI28: =VLOOKUP(C28,Theory!B31:CS99,96,FALSE) -> 0 | DJ28: =VLOOKUP(C28,Theory!B31:CT99,97,FALSE) -> 0 | DK28: =VLOOKUP(C28,Theory!B31:CU99,98,FALSE) -> 0 | DL28: =MAX(SUM(DD28:DG28),SUM(DH28:DK28)) -> 9 | DM28: =SUM(CF28,CK28,CT28,DC28,DL28) -> 47 | DN28: =AO28 -> 44 | DO28: =CA28 -> 48 | DP28: =DM28 -> 47 | DQ28: =ROUND(30*DN28/50,0) -> 26 | DR28: =ROUND(30*DO28/50,0) -> 29 | DS28: =ROUND(30*DP28/50,0) -> 28 | DT28: =ROUND(AVERAGE(DQ28:DS28),0) -> 28 | DU28: =VLOOKUP(C28,Theory!B31:CV99,99,FALSE) -> 10 | DV28: =VLOOKUP(C28,Theory!B31:CW99,100,FALSE) -> 10 | DW28: =SUM(DU28:DV28) -> 20 | DX28: =SUM(DT28:DV28) -> 48 | DY28: =ROUND((30*DX28/50),0) -> 29 | DZ28: =VLOOKUP(C28,Lab!B23:D92,3,FALSE) -> 0 | EA28: =VLOOKUP(C28,Lab!B23:E92,4,FALSE) -> 0 | EB28: =VLOOKUP(C28,Lab!B23:F92,5,FALSE) -> 0 | EC28: =SUM(DZ28:EB28) -> 0 | ED28: =VLOOKUP(C28,Lab!B23:G92,6,FALSE) -> 0 | EE28: =VLOOKUP(C28,Lab!B23:H92,7,FALSE) -> 0 | EF28: =VLOOKUP(C28,Lab!B23:I92,8,FALSE) -> 0 | EG28: =SUM(ED28:EF28) -> 0 | EH28: =SUM(EC28,EG28) -> 0 | EI28: =ROUND((20*EH28/50),0) -> 0 | EJ28: =SUM(DY28,EI28) -> 29 | EK28: 38 | EM28: =VLOOKUP(C28,Theory!B31:DL99,114,FALSE) -> 0 | EN28: =VLOOKUP(C28,Theory!B31:DM99,115,FALSE) -> 0 | EO28: =VLOOKUP(C28,Theory!B31:DN99,116,FALSE) -> 0 | EP28: =VLOOKUP(C28,Theory!B31:DO97,117,FALSE) -> 0 | EQ28: =VLOOKUP(C28,Theory!B31:DP97,118,FALSE) -> 0 | ER28: =VLOOKUP(C28,Theory!B31:DQ97,119,FALSE) -> 0 | ES28: =VLOOKUP(C28,Theory!B31:DR97,120,FALSE) -> 0 | ET28: =SUM(ER28:ES28) -> 0
A29: 16 | B29: =Theory!C32 -> MANAS KALRA | C29: =Theory!B32 -> 1DS21AI030 | D29: =VLOOKUP(C29,Theory!B32:D100,3,FALSE) -> 10 | E29: =VLOOKUP(C29,Theory!B32:E100,4,FALSE) -> 0 | F29: =VLOOKUP(C29,Theory!B32:F100,5,FALSE) -> 0 | G29: =VLOOKUP(C29,Theory!B32:G100,6,FALSE) -> 0 | H29: =SUM(D29:G29) -> 10 | I29: =VLOOKUP(C29,Theory!B32:H100,7,FALSE) -> 7 | J29: =VLOOKUP(C29,Theory!B32:I100,8,FALSE) -> 0 | K29: =VLOOKUP(C29,Theory!B32:J100,9,FALSE) -> 0 | L29: =VLOOKUP(C29,Theory!B32:K100,10,FALSE) -> 0 | M29: =SUM(I29:L29) -> 7 | N29: =VLOOKUP(C29,Theory!B32:L100,11,FALSE) -> 5 | O29: =VLOOKUP(C29,Theory!B32:M100,12,FALSE) -> 0 | P29: =VLOOKUP(C29,Theory!B32:N100,13,FALSE) -> 0 | Q29: =VLOOKUP(C29,Theory!B32:O100,14,FALSE) -> 0 | R29: =VLOOKUP(C29,Theory!B32:P100,15,FALSE) -> 0 | S29: =VLOOKUP(C29,Theory!B32:Q100,16,FALSE) -> 0 | T29: =VLOOKUP(C29,Theory!B32:R100,17,FALSE) -> 0 | U29: =VLOOKUP(C29,Theory!B32:S100,18,FALSE) -> 0 | V29: =MAX(SUM(N29:Q29),SUM(R29:U29)) -> 5 | W29: =VLOOKUP(C29,Theory!B32:T100,19,FALSE) -> 5 | X29: =VLOOKUP(C29,Theory!B32:U100,20,FALSE) -> 0 | Y29: =VLOOKUP(C29,Theory!B32:V100,21,FALSE) -> 0 | Z29: =VLOOKUP(C29,Theory!B32:W100,22,FALSE) -> 0 | AA29: =VLOOKUP(C29,Theory!B32:X100,23,FALSE) -> 0 | AB29: =VLOOKUP(C29,Theory!B32:Y100,24,FALSE) -> 0 | AC29: =VLOOKUP(C29,Theory!B32:Z100,25,FALSE) -> 0 | AD29: =VLOOKUP(C29,Theory!B32:AA100,26,FALSE) -> 0 | AE29: =MAX(SUM(W29:Z29),SUM(AA29:AD29)) -> 5 | AF29: =VLOOKUP(C29,Theory!B32:AB100,27,FALSE) -> 8 | AG29: =VLOOKUP(C29,Theory!B32:AC100,28,FALSE) -> 0 | AH29: =VLOOKUP(C29,Theory!B32:AD100,29,FALSE) -> 0 | AI29: =VLOOKUP(C29,Theory!B32:AE100,30,FALSE) -> 0 | AJ29: =VLOOKUP(C29,Theory!B32:AF100,31,FALSE) -> 0 | AK29: =VLOOKUP(C29,Theory!B32:AG100,32,FALSE) -> 0 | AL29: =VLOOKUP(C29,Theory!B32:AH100,33,FALSE) -> 0 | AM29: =VLOOKUP(C29,Theory!B32:AI100,34,FALSE) -> 0 | AN29: =MAX(SUM(AF29:AI29),SUM(AJ29:AM29)) -> 8 | AO29: =SUM(H29,M29,V29,AE29,AN29) -> 35 | AP29: =VLOOKUP(C29,Theory!B32:AJ100,35,FALSE) -> 7 | AQ29: =VLOOKUP(C29,Theory!B32:AK100,36,FALSE) -> 0 | AR29: =VLOOKUP(C29,Theory!B32:AL100,37,FALSE) -> 0 | AS29: =VLOOKUP(C29,Theory!B32:AM100,38,FALSE) -> 0 | AT29: =SUM(AP29:AS29) -> 7 | AU29: =VLOOKUP(C29,Theory!B32:AN100,39,FALSE) -> 7 | AV29: =VLOOKUP(C29,Theory!B32:AO100,40,FALSE) -> 0 | AW29: =VLOOKUP(C29,Theory!B32:AP100,41,FALSE) -> 0 | AX29: =VLOOKUP(C29,Theory!B32:AQ100,42,FALSE) -> 0 | AY29: =SUM(AU29:AX29) -> 7 | AZ29: =VLOOKUP(C29,Theory!B32:AR100,43,FALSE) -> 8 | BA29: =VLOOKUP(C29,Theory!B32:AS100,44,FALSE) -> 0 | BB29: =VLOOKUP(C29,Theory!B32:AT100,45,FALSE) -> 0 | BC29: =VLOOKUP(C29,Theory!B32:AU100,46,FALSE) -> 0 | BD29: =VLOOKUP(C29,Theory!B32:AV100,47,FALSE) -> 0 | BE29: =VLOOKUP(C29,Theory!B32:AW100,48,FALSE) -> 0 | BF29: =VLOOKUP(C29,Theory!B32:AX100,49,FALSE) -> 0 | BG29: =VLOOKUP(C29,Theory!B32:AY100,50,FALSE) -> 0 | BH29: =MAX(SUM(AZ29:BC29),SUM(BD29:BG29)) -> 8 | BI29: =VLOOKUP(C29,Theory!B32:AZ100,51,FALSE) -> 7 | BJ29: =VLOOKUP(C29,Theory!B32:BA100,52,FALSE) -> 0 | BK29: =VLOOKUP(C29,Theory!B32:BB100,53,FALSE) -> 0 | BL29: =VLOOKUP(C29,Theory!B32:BC100,54,FALSE) -> 0 | BM29: =VLOOKUP(C29,Theory!B32:BD100,55,FALSE) -> 8 | BN29: =VLOOKUP(C29,Theory!B32:BE100,56,FALSE) -> 0 | BO29: =VLOOKUP(C29,Theory!B32:BF100,57,FALSE) -> 0 | BP29: =VLOOKUP(C29,Theory!B32:BG100,58,FALSE) -> 0 | BQ29: =MAX(SUM(BI29:BL29),SUM(BM29:BP29)) -> 8 | BR29: =VLOOKUP(C29,Theory!B32:BH100,59,FALSE) -> 0 | BS29: =VLOOKUP(C29,Theory!B32:BI100,60,FALSE) -> 0 | BT29: =VLOOKUP(C29,Theory!B32:BJ100,61,FALSE) -> 0 | BU29: =VLOOKUP(C29,Theory!B32:BK100,62,FALSE) -> 0 | BV29: =VLOOKUP(C29,Theory!B32:BL100,63,FALSE) -> 0 | BW29: =VLOOKUP(C29,Theory!B32:BM100,64,FALSE) -> 0 | BX29: =VLOOKUP(C29,Theory!B32:BN100,65,FALSE) -> 0 | BY29: =VLOOKUP(C29,Theory!B32:BO100,66,FALSE) -> 0 | BZ29: =MAX(SUM(BR29:BU29),SUM(BV29:BY29)) -> 0 | CA29: =SUM(AT29,AY29,BH29,BQ29,BZ29) -> 30 | CB29: =VLOOKUP(C29,Theory!B32:BP100,67,FALSE) -> 8 | CC29: =VLOOKUP(C29,Theory!B32:BQ100,68,FALSE) -> 0 | CD29: =VLOOKUP(C29,Theory!B32:BR100,69,FALSE) -> 0 | CE29: =VLOOKUP(C29,Theory!B32:BS100,70,FALSE) -> 0 | CF29: =SUM(CB29:CE29) -> 8 | CG29: =VLOOKUP(C29,Theory!B32:BT100,71,FALSE) -> 8 | CH29: =VLOOKUP(C29,Theory!B32:BU100,72,FALSE) -> 0 | CI29: =VLOOKUP(C29,Theory!B32:BV100,73,FALSE) -> 0 | CJ29: =VLOOKUP(C29,Theory!B32:BW100,74,FALSE) -> 0 | CK29: =SUM(CG29:CJ29) -> 8 | CL29: =VLOOKUP(C29,Theory!B32:BX100,75,FALSE) -> 9 | CM29: =VLOOKUP(C29,Theory!B32:BY100,76,FALSE) -> 0 | CN29: =VLOOKUP(C29,Theory!B32:BZ100,77,FALSE) -> 0 | CO29: =VLOOKUP(C29,Theory!B32:CA100,78,FALSE) -> 0 | CP29: =VLOOKUP(C29,Theory!B32:CB100,79,FALSE) -> 0 | CQ29: =VLOOKUP(C29,Theory!B32:CC100,80,FALSE) -> 0 | CR29: =VLOOKUP(C29,Theory!B32:CD100,81,FALSE) -> 0 | CS29: =VLOOKUP(C29,Theory!B32:CE100,82,FALSE) -> 0 | CT29: =MAX(SUM(CL29:CO29),SUM(CP29:CS29)) -> 9 | CU29: =VLOOKUP(C29,Theory!B32:CF100,83,FALSE) -> 0 | CV29: =VLOOKUP(C29,Theory!B32:CG100,84,FALSE) -> 0 | CW29: =VLOOKUP(C29,Theory!B32:CH100,85,FALSE) -> 0 | CX29: =VLOOKUP(C29,Theory!B32:CI100,86,FALSE) -> 0 | CY29: =VLOOKUP(C29,Theory!B32:CJ100,87,FALSE) -> 9 | CZ29: =VLOOKUP(C29,Theory!B32:CK100,88,FALSE) -> 0 | DA29: =VLOOKUP(C29,Theory!B32:CL100,89,FALSE) -> 0 | DB29: =VLOOKUP(C29,Theory!B32:CM100,90,FALSE) -> 0 | DC29: =MAX(SUM(CU29:CX29),SUM(CY29:DB29)) -> 9 | DD29: =VLOOKUP(C29,Theory!B32:CN100,91,FALSE) -> 0 | DE29: =VLOOKUP(C29,Theory!B32:CO100,92,FALSE) -> 0 | DF29: =VLOOKUP(C29,Theory!B32:CP100,93,FALSE) -> 0 | DG29: =VLOOKUP(C29,Theory!B32:CQ100,94,FALSE) -> 0 | DH29: =VLOOKUP(C29,Theory!B32:CR100,95,FALSE) -> 8 | DI29: =VLOOKUP(C29,Theory!B32:CS100,96,FALSE) -> 0 | DJ29: =VLOOKUP(C29,Theory!B32:CT100,97,FALSE) -> 0 | DK29: =VLOOKUP(C29,Theory!B32:CU100,98,FALSE) -> 0 | DL29: =MAX(SUM(DD29:DG29),SUM(DH29:DK29)) -> 8 | DM29: =SUM(CF29,CK29,CT29,DC29,DL29) -> 42 | DN29: =AO29 -> 35 | DO29: =CA29 -> 30 | DP29: =DM29 -> 42 | DQ29: =ROUND(30*DN29/50,0) -> 21 | DR29: =ROUND(30*DO29/50,0) -> 18 | DS29: =ROUND(30*DP29/50,0) -> 25 | DT29: =ROUND(AVERAGE(DQ29:DS29),0) -> 21 | DU29: =VLOOKUP(C29,Theory!B32:CV100,99,FALSE) -> 10 | DV29: =VLOOKUP(C29,Theory!B32:CW100,100,FALSE) -> 10 | DW29: =SUM(DU29:DV29) -> 20 | DX29: =SUM(DT29:DV29) -> 41 | DY29: =ROUND((30*DX29/50),0) -> 25 | DZ29: =VLOOKUP(C29,Lab!B24:D93,3,FALSE) -> 0 | EA29: =VLOOKUP(C29,Lab!B24:E93,4,FALSE) -> 0 | EB29: =VLOOKUP(C29,Lab!B24:F93,5,FALSE) -> 0 | EC29: =SUM(DZ29:EB29) -> 0 | ED29: =VLOOKUP(C29,Lab!B24:G93,6,FALSE) -> 0 | EE29: =VLOOKUP(C29,Lab!B24:H93,7,FALSE) -> 0 | EF29: =VLOOKUP(C29,Lab!B24:I93,8,FALSE) -> 0 | EG29: =SUM(ED29:EF29) -> 0 | EH29: =SUM(EC29,EG29) -> 0 | EI29: =ROUND((20*EH29/50),0) -> 0 | EJ29: =SUM(DY29,EI29) -> 25 | EK29: 41 | EM29: =VLOOKUP(C29,Theory!B32:DL100,114,FALSE) -> 0 | EN29: =VLOOKUP(C29,Theory!B32:DM100,115,FALSE) -> 0 | EO29: =VLOOKUP(C29,Theory!B32:DN100,116,FALSE) -> 0 | EP29: =VLOOKUP(C29,Theory!B32:DO98,117,FALSE) -> 0 | EQ29: =VLOOKUP(C29,Theory!B32:DP98,118,FALSE) -> 0 | ER29: =VLOOKUP(C29,Theory!B32:DQ98,119,FALSE) -> 0 | ES29: =VLOOKUP(C29,Theory!B32:DR98,120,FALSE) -> 0 | ET29: =SUM(ER29:ES29) -> 0
... A80: 67 | B80: =Theory!C83 -> 0 | C80: =Theory!B83 -> 0 | D80: =VLOOKUP(C80,Theory!B83:D151,3,FALSE) -> #N/A | E80: =VLOOKUP(C80,Theory!B83:E151,4,FALSE) -> #N/A | F80: =VLOOKUP(C80,Theory!B83:F151,5,FALSE) -> #N/A | G80: =VLOOKUP(C80,Theory!B83:G151,6,FALSE) -> #N/A | H80: =SUM(D80:G80) -> #N/A | I80: =VLOOKUP(C80,Theory!B83:H151,7,FALSE) -> #N/A | J80: =VLOOKUP(C80,Theory!B83:I151,8,FALSE) -> #N/A | K80: =VLOOKUP(C80,Theory!B83:J151,9,FALSE) -> #N/A | L80: =VLOOKUP(C80,Theory!B83:K151,10,FALSE) -> #N/A | M80: =SUM(I80:L80) -> #N/A | N80: =VLOOKUP(C80,Theory!B83:L151,11,FALSE) -> #N/A | O80: =VLOOKUP(C80,Theory!B83:M151,12,FALSE) -> #N/A | P80: =VLOOKUP(C80,Theory!B83:N151,13,FALSE) -> #N/A | Q80: =VLOOKUP(C80,Theory!B83:O151,14,FALSE) -> #N/A | R80: =VLOOKUP(C80,Theory!B83:P151,15,FALSE) -> #N/A | S80: =VLOOKUP(C80,Theory!B83:Q151,16,FALSE) -> #N/A | T80: =VLOOKUP(C80,Theory!B83:R151,17,FALSE) -> #N/A | U80: =VLOOKUP(C80,Theory!B83:S151,18,FALSE) -> #N/A | V80: =MAX(SUM(N80:Q80),SUM(R80:U80)) -> #N/A | W80: =VLOOKUP(C80,Theory!B83:T151,19,FALSE) -> #N/A | X80: =VLOOKUP(C80,Theory!B83:U151,20,FALSE) -> #N/A | Y80: =VLOOKUP(C80,Theory!B83:V151,21,FALSE) -> #N/A | Z80: =VLOOKUP(C80,Theory!B83:W151,22,FALSE) -> #N/A | AA80: =VLOOKUP(C80,Theory!B83:X151,23,FALSE) -> #N/A | AB80: =VLOOKUP(C80,Theory!B83:Y151,24,FALSE) -> #N/A | AC80: =VLOOKUP(C80,Theory!B83:Z151,25,FALSE) -> #N/A | AD80: =VLOOKUP(C80,Theory!B83:AA151,26,FALSE) -> #N/A | AE80: =MAX(SUM(W80:Z80),SUM(AA80:AD80)) -> #N/A | AF80: =VLOOKUP(C80,Theory!B83:AB151,27,FALSE) -> #N/A | AG80: =VLOOKUP(C80,Theory!B83:AC151,28,FALSE) -> #N/A | AH80: =VLOOKUP(C80,Theory!B83:AD151,29,FALSE) -> #N/A | AI80: =VLOOKUP(C80,Theory!B83:AE151,30,FALSE) -> #N/A | AJ80: =VLOOKUP(C80,Theory!B83:AF151,31,FALSE) -> #N/A | AK80: =VLOOKUP(C80,Theory!B83:AG151,32,FALSE) -> #N/A | AL80: =VLOOKUP(C80,Theory!B83:AH151,33,FALSE) -> #N/A | AM80: =VLOOKUP(C80,Theory!B83:AI151,34,FALSE) -> #N/A | AN80: =MAX(SUM(AF80:AI80),SUM(AJ80:AM80)) -> #N/A | AO80: =SUM(H80,M80,V80,AE80,AN80) -> #N/A | AP80: =VLOOKUP(C80,Theory!B83:AJ151,35,FALSE) -> #N/A | AQ80: =VLOOKUP(C80,Theory!B83:AK151,36,FALSE) -> #N/A | AR80: =VLOOKUP(C80,Theory!B83:AL151,37,FALSE) -> #N/A | AS80: =VLOOKUP(C80,Theory!B83:AM151,38,FALSE) -> #N/A | AT80: =SUM(AP80:AS80) -> #N/A | AU80: =VLOOKUP(C80,Theory!B83:AN151,39,FALSE) -> #N/A | AV80: =VLOOKUP(C80,Theory!B83:AO151,40,FALSE) -> #N/A | AW80: =VLOOKUP(C80,Theory!B83:AP151,41,FALSE) -> #N/A | AX80: =VLOOKUP(C80,Theory!B83:AQ151,42,FALSE) -> #N/A | AY80: =SUM(AU80:AX80) -> #N/A | AZ80: =VLOOKUP(C80,Theory!B83:AR151,43,FALSE) -> #N/A | BA80: =VLOOKUP(C80,Theory!B83:AS151,44,FALSE) -> #N/A | BB80: =VLOOKUP(C80,Theory!B83:AT151,45,FALSE) -> #N/A | BC80: =VLOOKUP(C80,Theory!B83:AU151,46,FALSE) -> #N/A | BD80: =VLOOKUP(C80,Theory!B83:AV151,47,FALSE) -> #N/A | BE80: =VLOOKUP(C80,Theory!B83:AW151,48,FALSE) -> #N/A | BF80: =VLOOKUP(C80,Theory!B83:AX151,49,FALSE) -> #N/A | BG80: =VLOOKUP(C80,Theory!B83:AY151,50,FALSE) -> #N/A | BH80: =MAX(SUM(AZ80:BC80),SUM(BD80:BG80)) -> #N/A | BI80: =VLOOKUP(C80,Theory!B83:AZ151,51,FALSE) -> #N/A | BJ80: =VLOOKUP(C80,Theory!B83:BA151,52,FALSE) -> #N/A | BK80: =VLOOKUP(C80,Theory!B83:BB151,53,FALSE) -> #N/A | BL80: =VLOOKUP(C80,Theory!B83:BC151,54,FALSE) -> #N/A | BM80: =VLOOKUP(C80,Theory!B83:BD151,55,FALSE) -> #N/A | BN80: =VLOOKUP(C80,Theory!B83:BE151,56,FALSE) -> #N/A | BO80: =VLOOKUP(C80,Theory!B83:BF151,57,FALSE) -> #N/A | BP80: =VLOOKUP(C80,Theory!B83:BG151,58,FALSE) -> #N/A | BQ80: =MAX(SUM(BI80:BL80),SUM(BM80:BP80)) -> #N/A | BR80: =VLOOKUP(C80,Theory!B83:BH151,59,FALSE) -> #N/A | BS80: =VLOOKUP(C80,Theory!B83:BI151,60,FALSE) -> #N/A | BT80: =VLOOKUP(C80,Theory!B83:BJ151,61,FALSE) -> #N/A | BU80: =VLOOKUP(C80,Theory!B83:BK151,62,FALSE) -> #N/A | BV80: =VLOOKUP(C80,Theory!B83:BL151,63,FALSE) -> #N/A | BW80: =VLOOKUP(C80,Theory!B83:BM151,64,FALSE) -> #N/A | BX80: =VLOOKUP(C80,Theory!B83:BN151,65,FALSE) -> #N/A | BY80: =VLOOKUP(C80,Theory!B83:BO151,66,FALSE) -> #N/A | BZ80: =MAX(SUM(BR80:BU80),SUM(BV80:BY80)) -> #N/A | CA80: =SUM(AT80,AY80,BH80,BQ80,BZ80) -> #N/A | CB80: =VLOOKUP(C80,Theory!B83:BP151,67,FALSE) -> #N/A | CC80: =VLOOKUP(C80,Theory!B83:BQ151,68,FALSE) -> #N/A | CD80: =VLOOKUP(C80,Theory!B83:BR151,69,FALSE) -> #N/A | CE80: =VLOOKUP(C80,Theory!B83:BS151,70,FALSE) -> #N/A | CF80: =SUM(CB80:CE80) -> #N/A | CG80: =VLOOKUP(C80,Theory!B83:BT151,71,FALSE) -> #N/A | CH80: =VLOOKUP(C80,Theory!B83:BU151,72,FALSE) -> #N/A | CI80: =VLOOKUP(C80,Theory!B83:BV151,73,FALSE) -> #N/A | CJ80: =VLOOKUP(C80,Theory!B83:BW151,74,FALSE) -> #N/A | CK80: =SUM(CG80:CJ80) -> #N/A | CL80: =VLOOKUP(C80,Theory!B83:BX151,75,FALSE) -> #N/A | CM80: =VLOOKUP(C80,Theory!B83:BY151,76,FALSE) -> #N/A | CN80: =VLOOKUP(C80,Theory!B83:BZ151,77,FALSE) -> #N/A | CO80: =VLOOKUP(C80,Theory!B83:CA151,78,FALSE) -> #N/A | CP80: =VLOOKUP(C80,Theory!B83:CB151,79,FALSE) -> #N/A | CQ80: =VLOOKUP(C80,Theory!B83:CC151,80,FALSE) -> #N/A | CR80: =VLOOKUP(C80,Theory!B83:CD151,81,FALSE) -> #N/A | CS80: =VLOOKUP(C80,Theory!B83:CE151,82,FALSE) -> #N/A | CT80: =MAX(SUM(CL80:CO80),SUM(CP80:CS80)) -> #N/A | CU80: =VLOOKUP(C80,Theory!B83:CF151,83,FALSE) -> #N/A | CV80: =VLOOKUP(C80,Theory!B83:CG151,84,FALSE) -> #N/A | CW80: =VLOOKUP(C80,Theory!B83:CH151,85,FALSE) -> #N/A | CX80: =VLOOKUP(C80,Theory!B83:CI151,86,FALSE) -> #N/A | CY80: =VLOOKUP(C80,Theory!B83:CJ151,87,FALSE) -> #N/A | CZ80: =VLOOKUP(C80,Theory!B83:CK151,88,FALSE) -> #N/A | DA80: =VLOOKUP(C80,Theory!B83:CL151,89,FALSE) -> #N/A | DB80: =VLOOKUP(C80,Theory!B83:CM151,90,FALSE) -> #N/A | DC80: =MAX(SUM(CU80:CX80),SUM(CY80:DB80)) -> #N/A | DD80: =VLOOKUP(C80,Theory!B83:CN151,91,FALSE) -> #N/A | DE80: =VLOOKUP(C80,Theory!B83:CO151,92,FALSE) -> #N/A | DF80: =VLOOKUP(C80,Theory!B83:CP151,93,FALSE) -> #N/A | DG80: =VLOOKUP(C80,Theory!B83:CQ151,94,FALSE) -> #N/A | DH80: =VLOOKUP(C80,Theory!B83:CR151,95,FALSE) -> #N/A | DI80: =VLOOKUP(C80,Theory!B83:CS151,96,FALSE) -> #N/A | DJ80: =VLOOKUP(C80,Theory!B83:CT151,97,FALSE) -> #N/A | DK80: =VLOOKUP(C80,Theory!B83:CU151,98,FALSE) -> #N/A | DL80: =MAX(SUM(DD80:DG80),SUM(DH80:DK80)) -> #N/A | DM80: =SUM(CF80,CK80,CT80,DC80,DL80) -> #N/A | DN80: =AO80 -> #N/A | DO80: =CA80 -> #N/A | DP80: =DM80 -> #N/A | DQ80: =ROUND(30*DN80/50,0) -> #N/A | DR80: =ROUND(30*DO80/50,0) -> #N/A | DS80: =ROUND(30*DP80/50,0) -> #N/A | DT80: =ROUND(AVERAGE(DQ80:DS80),0) -> #N/A | DU80: =VLOOKUP(C80,Theory!B83:CV151,99,FALSE) -> #N/A | DV80: =VLOOKUP(C80,Theory!B83:CW151,100,FALSE) -> #N/A | DW80: =SUM(DU80:DV80) -> #N/A | DX80: =SUM(DT80:DV80) -> #N/A | DY80: =ROUND((30*DX80/50),0) -> #N/A | DZ80: =VLOOKUP(C80,Lab!B75:D144,3,FALSE) -> 0 | EA80: =VLOOKUP(C80,Lab!B75:E144,4,FALSE) -> 0 | EB80: =VLOOKUP(C80,Lab!B75:F144,5,FALSE) -> 0 | EC80: =SUM(DZ80:EB80) -> 0 | ED80: =VLOOKUP(C80,Lab!B75:G144,6,FALSE) -> 0 | EE80: =VLOOKUP(C80,Lab!B75:H144,7,FALSE) -> 0 | EF80: =VLOOKUP(C80,Lab!B75:I144,8,FALSE) -> 0 | EG80: =SUM(ED80:EF80) -> 0 | EH80: =SUM(EC80,EG80) -> 0 | EI80: =ROUND((20*EH80/50),0) -> 0 | EJ80: =SUM(DY80,EI80) -> #N/A | EK80: 0 | EM80: =VLOOKUP(C80,Theory!B83:DL151,114,FALSE) -> #N/A | EN80: =VLOOKUP(C80,Theory!B83:DM151,115,FALSE) -> #N/A | EO80: =VLOOKUP(C80,Theory!B83:DN151,116,FALSE) -> #N/A | EP80: =VLOOKUP(C80,Theory!B83:DO149,117,FALSE) -> #N/A | EQ80: =VLOOKUP(C80,Theory!B83:DP149,118,FALSE) -> #N/A | ER80: =VLOOKUP(C80,Theory!B83:DQ149,119,FALSE) -> #N/A | ES80: =VLOOKUP(C80,Theory!B83:DR149,120,FALSE) -> #N/A | ET80: =SUM(ER80:ES80) -> #N/A
A81: 68 | B81: =Theory!#REF! -> #REF! | C81: =Theory!#REF! -> #REF! | D81: =VLOOKUP(C81,Theory!B84:D152,3,FALSE) -> #REF! | E81: =VLOOKUP(C81,Theory!B84:E152,4,FALSE) -> #REF! | F81: =VLOOKUP(C81,Theory!B84:F152,5,FALSE) -> #REF! | G81: =VLOOKUP(C81,Theory!B84:G152,6,FALSE) -> #REF! | H81: =SUM(D81:G81) -> #REF! | I81: =VLOOKUP(C81,Theory!B84:H152,7,FALSE) -> #REF! | J81: =VLOOKUP(C81,Theory!B84:I152,8,FALSE) -> #REF! | K81: =VLOOKUP(C81,Theory!B84:J152,9,FALSE) -> #REF! | L81: =VLOOKUP(C81,Theory!B84:K152,10,FALSE) -> #REF! | M81: =SUM(I81:L81) -> #REF! | N81: =VLOOKUP(C81,Theory!B84:L152,11,FALSE) -> #REF! | O81: =VLOOKUP(C81,Theory!B84:M152,12,FALSE) -> #REF! | P81: =VLOOKUP(C81,Theory!B84:N152,13,FALSE) -> #REF! | Q81: =VLOOKUP(C81,Theory!B84:O152,14,FALSE) -> #REF! | R81: =VLOOKUP(C81,Theory!B84:P152,15,FALSE) -> #REF! | S81: =VLOOKUP(C81,Theory!B84:Q152,16,FALSE) -> #REF! | T81: =VLOOKUP(C81,Theory!B84:R152,17,FALSE) -> #REF! | U81: =VLOOKUP(C81,Theory!B84:S152,18,FALSE) -> #REF! | V81: =MAX(SUM(N81:Q81),SUM(R81:U81)) -> #REF! | W81: =VLOOKUP(C81,Theory!B84:T152,19,FALSE) -> #REF! | X81: =VLOOKUP(C81,Theory!B84:U152,20,FALSE) -> #REF! | Y81: =VLOOKUP(C81,Theory!B84:V152,21,FALSE) -> #REF! | Z81: =VLOOKUP(C81,Theory!B84:W152,22,FALSE) -> #REF! | AA81: =VLOOKUP(C81,Theory!B84:X152,23,FALSE) -> #REF! | AB81: =VLOOKUP(C81,Theory!B84:Y152,24,FALSE) -> #REF! | AC81: =VLOOKUP(C81,Theory!B84:Z152,25,FALSE) -> #REF! | AD81: =VLOOKUP(C81,Theory!B84:AA152,26,FALSE) -> #REF! | AE81: =MAX(SUM(W81:Z81),SUM(AA81:AD81)) -> #REF! | AF81: =VLOOKUP(C81,Theory!B84:AB152,27,FALSE) -> #REF! | AG81: =VLOOKUP(C81,Theory!B84:AC152,28,FALSE) -> #REF! | AH81: =VLOOKUP(C81,Theory!B84:AD152,29,FALSE) -> #REF! | AI81: =VLOOKUP(C81,Theory!B84:AE152,30,FALSE) -> #REF! | AJ81: =VLOOKUP(C81,Theory!B84:AF152,31,FALSE) -> #REF! | AK81: =VLOOKUP(C81,Theory!B84:AG152,32,FALSE) -> #REF! | AL81: =VLOOKUP(C81,Theory!B84:AH152,33,FALSE) -> #REF! | AM81: =VLOOKUP(C81,Theory!B84:AI152,34,FALSE) -> #REF! | AN81: =MAX(SUM(AF81:AI81),SUM(AJ81:AM81)) -> #REF! | AO81: =SUM(H81,M81,V81,AE81,AN81) -> #REF! | AP81: =VLOOKUP(C81,Theory!B84:AJ152,35,FALSE) -> #REF! | AQ81: =VLOOKUP(C81,Theory!B84:AK152,36,FALSE) -> #REF! | AR81: =VLOOKUP(C81,Theory!B84:AL152,37,FALSE) -> #REF! | AS81: =VLOOKUP(C81,Theory!B84:AM152,38,FALSE) -> #REF! | AT81: =SUM(AP81:AS81) -> #REF! | AU81: =VLOOKUP(C81,Theory!B84:AN152,39,FALSE) -> #REF! | AV81: =VLOOKUP(C81,Theory!B84:AO152,40,FALSE) -> #REF! | AW81: =VLOOKUP(C81,Theory!B84:AP152,41,FALSE) -> #REF! | AX81: =VLOOKUP(C81,Theory!B84:AQ152,42,FALSE) -> #REF! | AY81: =SUM(AU81:AX81) -> #REF! | AZ81: =VLOOKUP(C81,Theory!B84:AR152,43,FALSE) -> #REF! | BA81: =VLOOKUP(C81,Theory!B84:AS152,44,FALSE) -> #REF! | BB81: =VLOOKUP(C81,Theory!B84:AT152,45,FALSE) -> #REF! | BC81: =VLOOKUP(C81,Theory!B84:AU152,46,FALSE) -> #REF! | BD81: =VLOOKUP(C81,Theory!B84:AV152,47,FALSE) -> #REF! | BE81: =VLOOKUP(C81,Theory!B84:AW152,48,FALSE) -> #REF! | BF81: =VLOOKUP(C81,Theory!B84:AX152,49,FALSE) -> #REF! | BG81: =VLOOKUP(C81,Theory!B84:AY152,50,FALSE) -> #REF! | BH81: =MAX(SUM(AZ81:BC81),SUM(BD81:BG81)) -> #REF! | BI81: =VLOOKUP(C81,Theory!B84:AZ152,51,FALSE) -> #REF! | BJ81: =VLOOKUP(C81,Theory!B84:BA152,52,FALSE) -> #REF! | BK81: =VLOOKUP(C81,Theory!B84:BB152,53,FALSE) -> #REF! | BL81: =VLOOKUP(C81,Theory!B84:BC152,54,FALSE) -> #REF! | BM81: =VLOOKUP(C81,Theory!B84:BD152,55,FALSE) -> #REF! | BN81: =VLOOKUP(C81,Theory!B84:BE152,56,FALSE) -> #REF! | BO81: =VLOOKUP(C81,Theory!B84:BF152,57,FALSE) -> #REF! | BP81: =VLOOKUP(C81,Theory!B84:BG152,58,FALSE) -> #REF! | BQ81: =MAX(SUM(BI81:BL81),SUM(BM81:BP81)) -> #REF! | BR81: =VLOOKUP(C81,Theory!B84:BH152,59,FALSE) -> #REF! | BS81: =VLOOKUP(C81,Theory!B84:BI152,60,FALSE) -> #REF! | BT81: =VLOOKUP(C81,Theory!B84:BJ152,61,FALSE) -> #REF! | BU81: =VLOOKUP(C81,Theory!B84:BK152,62,FALSE) -> #REF! | BV81: =VLOOKUP(C81,Theory!B84:BL152,63,FALSE) -> #REF! | BW81: =VLOOKUP(C81,Theory!B84:BM152,64,FALSE) -> #REF! | BX81: =VLOOKUP(C81,Theory!B84:BN152,65,FALSE) -> #REF! | BY81: =VLOOKUP(C81,Theory!B84:BO152,66,FALSE) -> #REF! | BZ81: =MAX(SUM(BR81:BU81),SUM(BV81:BY81)) -> #REF! | CA81: =SUM(AT81,AY81,BH81,BQ81,BZ81) -> #REF! | CB81: =VLOOKUP(C81,Theory!B84:BP152,67,FALSE) -> #REF! | CC81: =VLOOKUP(C81,Theory!B84:BQ152,68,FALSE) -> #REF! | CD81: =VLOOKUP(C81,Theory!B84:BR152,69,FALSE) -> #REF! | CE81: =VLOOKUP(C81,Theory!B84:BS152,70,FALSE) -> #REF! | CF81: =SUM(CB81:CE81) -> #REF! | CG81: =VLOOKUP(C81,Theory!B84:BT152,71,FALSE) -> #REF! | CH81: =VLOOKUP(C81,Theory!B84:BU152,72,FALSE) -> #REF! | CI81: =VLOOKUP(C81,Theory!B84:BV152,73,FALSE) -> #REF! | CJ81: =VLOOKUP(C81,Theory!B84:BW152,74,FALSE) -> #REF! | CK81: =SUM(CG81:CJ81) -> #REF! | CL81: =VLOOKUP(C81,Theory!B84:BX152,75,FALSE) -> #REF! | CM81: =VLOOKUP(C81,Theory!B84:BY152,76,FALSE) -> #REF! | CN81: =VLOOKUP(C81,Theory!B84:BZ152,77,FALSE) -> #REF! | CO81: =VLOOKUP(C81,Theory!B84:CA152,78,FALSE) -> #REF! | CP81: =VLOOKUP(C81,Theory!B84:CB152,79,FALSE) -> #REF! | CQ81: =VLOOKUP(C81,Theory!B84:CC152,80,FALSE) -> #REF! | CR81: =VLOOKUP(C81,Theory!B84:CD152,81,FALSE) -> #REF! | CS81: =VLOOKUP(C81,Theory!B84:CE152,82,FALSE) -> #REF! | CT81: =MAX(SUM(CL81:CO81),SUM(CP81:CS81)) -> #REF! | CU81: =VLOOKUP(C81,Theory!B84:CF152,83,FALSE) -> #REF! | CV81: =VLOOKUP(C81,Theory!B84:CG152,84,FALSE) -> #REF! | CW81: =VLOOKUP(C81,Theory!B84:CH152,85,FALSE) -> #REF! | CX81: =VLOOKUP(C81,Theory!B84:CI152,86,FALSE) -> #REF! | CY81: =VLOOKUP(C81,Theory!B84:CJ152,87,FALSE) -> #REF! | CZ81: =VLOOKUP(C81,Theory!B84:CK152,88,FALSE) -> #REF! | DA81: =VLOOKUP(C81,Theory!B84:CL152,89,FALSE) -> #REF! | DB81: =VLOOKUP(C81,Theory!B84:CM152,90,FALSE) -> #REF! | DC81: =MAX(SUM(CU81:CX81),SUM(CY81:DB81)) -> #REF! | DD81: =VLOOKUP(C81,Theory!B84:CN152,91,FALSE) -> #REF! | DE81: =VLOOKUP(C81,Theory!B84:CO152,92,FALSE) -> #REF! | DF81: =VLOOKUP(C81,Theory!B84:CP152,93,FALSE) -> #REF! | DG81: =VLOOKUP(C81,Theory!B84:CQ152,94,FALSE) -> #REF! | DH81: =VLOOKUP(C81,Theory!B84:CR152,95,FALSE) -> #REF! | DI81: =VLOOKUP(C81,Theory!B84:CS152,96,FALSE) -> #REF! | DJ81: =VLOOKUP(C81,Theory!B84:CT152,97,FALSE) -> #REF! | DK81: =VLOOKUP(C81,Theory!B84:CU152,98,FALSE) -> #REF! | DL81: =MAX(SUM(DD81:DG81),SUM(DH81:DK81)) -> #REF! | DM81: =SUM(CF81,CK81,CT81,DC81,DL81) -> #REF! | DN81: =AO81 -> #REF! | DO81: =CA81 -> #REF! | DP81: =DM81 -> #REF! | DQ81: =ROUND(30*DN81/50,0) -> #REF! | DR81: =ROUND(30*DO81/50,0) -> #REF! | DS81: =ROUND(30*DP81/50,0) -> #REF! | DT81: =ROUND(AVERAGE(DQ81:DS81),0) -> #REF! | DU81: =VLOOKUP(C81,Theory!B84:CV152,99,FALSE) -> #REF! | DV81: =VLOOKUP(C81,Theory!B84:CW152,100,FALSE) -> #REF! | DW81: =SUM(DU81:DV81) -> #REF! | DX81: =SUM(DT81:DV81) -> #REF! | DY81: =ROUND((30*DX81/50),0) -> #REF! | DZ81: =VLOOKUP(C81,Lab!B76:D145,3,FALSE) -> #REF! | EA81: =VLOOKUP(C81,Lab!B76:E145,4,FALSE) -> #REF! | EB81: =VLOOKUP(C81,Lab!B76:F145,5,FALSE) -> #REF! | EC81: =SUM(DZ81:EB81) -> #REF! | ED81: =VLOOKUP(C81,Lab!B76:G145,6,FALSE) -> #REF! | EE81: =VLOOKUP(C81,Lab!B76:H145,7,FALSE) -> #REF! | EF81: =VLOOKUP(C81,Lab!B76:I145,8,FALSE) -> #REF! | EG81: =SUM(ED81:EF81) -> #REF! | EH81: =SUM(EC81,EG81) -> #REF! | EI81: =ROUND((20*EH81/50),0) -> #REF! | EJ81: =SUM(DY81,EI81) -> #REF! | EM81: =VLOOKUP(C81,Theory!B84:DL152,114,FALSE) -> #REF! | EN81: =VLOOKUP(C81,Theory!B84:DM152,115,FALSE) -> #REF! | EO81: =VLOOKUP(C81,Theory!B84:DN152,116,FALSE) -> #REF! | EP81: =VLOOKUP(C81,Theory!B84:DO150,117,FALSE) -> #REF! | EQ81: =VLOOKUP(C81,Theory!B84:DP150,118,FALSE) -> #REF! | ER81: =VLOOKUP(C81,Theory!B84:DQ150,119,FALSE) -> #REF! | ES81: =VLOOKUP(C81,Theory!B84:DR150,120,FALSE) -> #REF! | ET81: =SUM(ER81:ES81) -> #REF!
A82: 69 | B82: =Theory!#REF! -> #REF! | C82: =Theory!#REF! -> #REF! | D82: =VLOOKUP(C82,Theory!B84:D153,3,FALSE) -> #REF! | E82: =VLOOKUP(C82,Theory!B84:E153,4,FALSE) -> #REF! | F82: =VLOOKUP(C82,Theory!B84:F153,5,FALSE) -> #REF! | G82: =VLOOKUP(C82,Theory!B84:G153,6,FALSE) -> #REF! | H82: =SUM(D82:G82) -> #REF! | I82: =VLOOKUP(C82,Theory!B84:H153,7,FALSE) -> #REF! | J82: =VLOOKUP(C82,Theory!B84:I153,8,FALSE) -> #REF! | K82: =VLOOKUP(C82,Theory!B84:J153,9,FALSE) -> #REF! | L82: =VLOOKUP(C82,Theory!B84:K153,10,FALSE) -> #REF! | M82: =SUM(I82:L82) -> #REF! | N82: =VLOOKUP(C82,Theory!B84:L153,11,FALSE) -> #REF! | O82: =VLOOKUP(C82,Theory!B84:M153,12,FALSE) -> #REF! | P82: =VLOOKUP(C82,Theory!B84:N153,13,FALSE) -> #REF! | Q82: =VLOOKUP(C82,Theory!B84:O153,14,FALSE) -> #REF! | R82: =VLOOKUP(C82,Theory!B84:P153,15,FALSE) -> #REF! | S82: =VLOOKUP(C82,Theory!B84:Q153,16,FALSE) -> #REF! | T82: =VLOOKUP(C82,Theory!B84:R153,17,FALSE) -> #REF! | U82: =VLOOKUP(C82,Theory!B84:S153,18,FALSE) -> #REF! | V82: =MAX(SUM(N82:Q82),SUM(R82:U82)) -> #REF! | W82: =VLOOKUP(C82,Theory!B84:T153,19,FALSE) -> #REF! | X82: =VLOOKUP(C82,Theory!B84:U153,20,FALSE) -> #REF! | Y82: =VLOOKUP(C82,Theory!B84:V153,21,FALSE) -> #REF! | Z82: =VLOOKUP(C82,Theory!B84:W153,22,FALSE) -> #REF! | AA82: =VLOOKUP(C82,Theory!B84:X153,23,FALSE) -> #REF! | AB82: =VLOOKUP(C82,Theory!B84:Y153,24,FALSE) -> #REF! | AC82: =VLOOKUP(C82,Theory!B84:Z153,25,FALSE) -> #REF! | AD82: =VLOOKUP(C82,Theory!B84:AA153,26,FALSE) -> #REF! | AE82: =MAX(SUM(W82:Z82),SUM(AA82:AD82)) -> #REF! | AF82: =VLOOKUP(C82,Theory!B84:AB153,27,FALSE) -> #REF! | AG82: =VLOOKUP(C82,Theory!B84:AC153,28,FALSE) -> #REF! | AH82: =VLOOKUP(C82,Theory!B84:AD153,29,FALSE) -> #REF! | AI82: =VLOOKUP(C82,Theory!B84:AE153,30,FALSE) -> #REF! | AJ82: =VLOOKUP(C82,Theory!B84:AF153,31,FALSE) -> #REF! | AK82: =VLOOKUP(C82,Theory!B84:AG153,32,FALSE) -> #REF! | AL82: =VLOOKUP(C82,Theory!B84:AH153,33,FALSE) -> #REF! | AM82: =VLOOKUP(C82,Theory!B84:AI153,34,FALSE) -> #REF! | AN82: =MAX(SUM(AF82:AI82),SUM(AJ82:AM82)) -> #REF! | AO82: =SUM(H82,M82,V82,AE82,AN82) -> #REF! | AP82: =VLOOKUP(C82,Theory!B84:AJ153,35,FALSE) -> #REF! | AQ82: =VLOOKUP(C82,Theory!B84:AK153,36,FALSE) -> #REF! | AR82: =VLOOKUP(C82,Theory!B84:AL153,37,FALSE) -> #REF! | AS82: =VLOOKUP(C82,Theory!B84:AM153,38,FALSE) -> #REF! | AT82: =SUM(AP82:AS82) -> #REF! | AU82: =VLOOKUP(C82,Theory!B84:AN153,39,FALSE) -> #REF! | AV82: =VLOOKUP(C82,Theory!B84:AO153,40,FALSE) -> #REF! | AW82: =VLOOKUP(C82,Theory!B84:AP153,41,FALSE) -> #REF! | AX82: =VLOOKUP(C82,Theory!B84:AQ153,42,FALSE) -> #REF! | AY82: =SUM(AU82:AX82) -> #REF! | AZ82: =VLOOKUP(C82,Theory!B84:AR153,43,FALSE) -> #REF! | BA82: =VLOOKUP(C82,Theory!B84:AS153,44,FALSE) -> #REF! | BB82: =VLOOKUP(C82,Theory!B84:AT153,45,FALSE) -> #REF! | BC82: =VLOOKUP(C82,Theory!B84:AU153,46,FALSE) -> #REF! | BD82: =VLOOKUP(C82,Theory!B84:AV153,47,FALSE) -> #REF! | BE82: =VLOOKUP(C82,Theory!B84:AW153,48,FALSE) -> #REF! | BF82: =VLOOKUP(C82,Theory!B84:AX153,49,FALSE) -> #REF! | BG82: =VLOOKUP(C82,Theory!B84:AY153,50,FALSE) -> #REF! | BH82: =MAX(SUM(AZ82:BC82),SUM(BD82:BG82)) -> #REF! | BI82: =VLOOKUP(C82,Theory!B84:AZ153,51,FALSE) -> #REF! | BJ82: =VLOOKUP(C82,Theory!B84:BA153,52,FALSE) -> #REF! | BK82: =VLOOKUP(C82,Theory!B84:BB153,53,FALSE) -> #REF! | BL82: =VLOOKUP(C82,Theory!B84:BC153,54,FALSE) -> #REF! | BM82: =VLOOKUP(C82,Theory!B84:BD153,55,FALSE) -> #REF! | BN82: =VLOOKUP(C82,Theory!B84:BE153,56,FALSE) -> #REF! | BO82: =VLOOKUP(C82,Theory!B84:BF153,57,FALSE) -> #REF! | BP82: =VLOOKUP(C82,Theory!B84:BG153,58,FALSE) -> #REF! | BQ82: =MAX(SUM(BI82:BL82),SUM(BM82:BP82)) -> #REF! | BR82: =VLOOKUP(C82,Theory!B84:BH153,59,FALSE) -> #REF! | BS82: =VLOOKUP(C82,Theory!B84:BI153,60,FALSE) -> #REF! | BT82: =VLOOKUP(C82,Theory!B84:BJ153,61,FALSE) -> #REF! | BU82: =VLOOKUP(C82,Theory!B84:BK153,62,FALSE) -> #REF! | BV82: =VLOOKUP(C82,Theory!B84:BL153,63,FALSE) -> #REF! | BW82: =VLOOKUP(C82,Theory!B84:BM153,64,FALSE) -> #REF! | BX82: =VLOOKUP(C82,Theory!B84:BN153,65,FALSE) -> #REF! | BY82: =VLOOKUP(C82,Theory!B84:BO153,66,FALSE) -> #REF! | BZ82: =MAX(SUM(BR82:BU82),SUM(BV82:BY82)) -> #REF! | CA82: =SUM(AT82,AY82,BH82,BQ82,BZ82) -> #REF! | CB82: =VLOOKUP(C82,Theory!B84:BP153,67,FALSE) -> #REF! | CC82: =VLOOKUP(C82,Theory!B84:BQ153,68,FALSE) -> #REF! | CD82: =VLOOKUP(C82,Theory!B84:BR153,69,FALSE) -> #REF! | CE82: =VLOOKUP(C82,Theory!B84:BS153,70,FALSE) -> #REF! | CF82: =SUM(CB82:CE82) -> #REF! | CG82: =VLOOKUP(C82,Theory!B84:BT153,71,FALSE) -> #REF! | CH82: =VLOOKUP(C82,Theory!B84:BU153,72,FALSE) -> #REF! | CI82: =VLOOKUP(C82,Theory!B84:BV153,73,FALSE) -> #REF! | CJ82: =VLOOKUP(C82,Theory!B84:BW153,74,FALSE) -> #REF! | CK82: =SUM(CG82:CJ82) -> #REF! | CL82: =VLOOKUP(C82,Theory!B84:BX153,75,FALSE) -> #REF! | CM82: =VLOOKUP(C82,Theory!B84:BY153,76,FALSE) -> #REF! | CN82: =VLOOKUP(C82,Theory!B84:BZ153,77,FALSE) -> #REF! | CO82: =VLOOKUP(C82,Theory!B84:CA153,78,FALSE) -> #REF! | CP82: =VLOOKUP(C82,Theory!B84:CB153,79,FALSE) -> #REF! | CQ82: =VLOOKUP(C82,Theory!B84:CC153,80,FALSE) -> #REF! | CR82: =VLOOKUP(C82,Theory!B84:CD153,81,FALSE) -> #REF! | CS82: =VLOOKUP(C82,Theory!B84:CE153,82,FALSE) -> #REF! | CT82: =MAX(SUM(CL82:CO82),SUM(CP82:CS82)) -> #REF! | CU82: =VLOOKUP(C82,Theory!B84:CF153,83,FALSE) -> #REF! | CV82: =VLOOKUP(C82,Theory!B84:CG153,84,FALSE) -> #REF! | CW82: =VLOOKUP(C82,Theory!B84:CH153,85,FALSE) -> #REF! | CX82: =VLOOKUP(C82,Theory!B84:CI153,86,FALSE) -> #REF! | CY82: =VLOOKUP(C82,Theory!B84:CJ153,87,FALSE) -> #REF! | CZ82: =VLOOKUP(C82,Theory!B84:CK153,88,FALSE) -> #REF! | DA82: =VLOOKUP(C82,Theory!B84:CL153,89,FALSE) -> #REF! | DB82: =VLOOKUP(C82,Theory!B84:CM153,90,FALSE) -> #REF! | DC82: =MAX(SUM(CU82:CX82),SUM(CY82:DB82)) -> #REF! | DD82: =VLOOKUP(C82,Theory!B84:CN153,91,FALSE) -> #REF! | DE82: =VLOOKUP(C82,Theory!B84:CO153,92,FALSE) -> #REF! | DF82: =VLOOKUP(C82,Theory!B84:CP153,93,FALSE) -> #REF! | DG82: =VLOOKUP(C82,Theory!B84:CQ153,94,FALSE) -> #REF! | DH82: =VLOOKUP(C82,Theory!B84:CR153,95,FALSE) -> #REF! | DI82: =VLOOKUP(C82,Theory!B84:CS153,96,FALSE) -> #REF! | DJ82: =VLOOKUP(C82,Theory!B84:CT153,97,FALSE) -> #REF! | DK82: =VLOOKUP(C82,Theory!B84:CU153,98,FALSE) -> #REF! | DL82: =MAX(SUM(DD82:DG82),SUM(DH82:DK82)) -> #REF! | DM82: =SUM(CF82,CK82,CT82,DC82,DL82) -> #REF! | DN82: =AO82 -> #REF! | DO82: =CA82 -> #REF! | DP82: =DM82 -> #REF! | DQ82: =ROUND(30*DN82/50,0) -> #REF! | DR82: =ROUND(30*DO82/50,0) -> #REF! | DS82: =ROUND(30*DP82/50,0) -> #REF! | DT82: =ROUND(AVERAGE(DQ82:DS82),0) -> #REF! | DU82: =VLOOKUP(C82,Theory!B84:CV153,99,FALSE) -> #REF! | DV82: =VLOOKUP(C82,Theory!B84:CW153,100,FALSE) -> #REF! | DW82: =SUM(DU82:DV82) -> #REF! | DX82: =SUM(DT82:DV82) -> #REF! | DY82: =ROUND((30*DX82/50),0) -> #REF! | DZ82: =VLOOKUP(C82,Lab!B77:D146,3,FALSE) -> #REF! | EA82: =VLOOKUP(C82,Lab!B77:E146,4,FALSE) -> #REF! | EB82: =VLOOKUP(C82,Lab!B77:F146,5,FALSE) -> #REF! | EC82: =SUM(DZ82:EB82) -> #REF! | ED82: =VLOOKUP(C82,Lab!B77:G146,6,FALSE) -> #REF! | EE82: =VLOOKUP(C82,Lab!B77:H146,7,FALSE) -> #REF! | EF82: =VLOOKUP(C82,Lab!B77:I146,8,FALSE) -> #REF! | EG82: =SUM(ED82:EF82) -> #REF! | EH82: =SUM(EC82,EG82) -> #REF! | EI82: =ROUND((20*EH82/50),0) -> #REF! | EJ82: =SUM(DY82,EI82) -> #REF! | EM82: =VLOOKUP(C82,Theory!B84:DL153,114,FALSE) -> #REF! | EN82: =VLOOKUP(C82,Theory!B84:DM153,115,FALSE) -> #REF! | EO82: =VLOOKUP(C82,Theory!B84:DN153,116,FALSE) -> #REF! | EP82: =VLOOKUP(C82,Theory!B84:DO151,117,FALSE) -> #REF! | EQ82: =VLOOKUP(C82,Theory!B84:DP151,118,FALSE) -> #REF! | ER82: =VLOOKUP(C82,Theory!B84:DQ151,119,FALSE) -> #REF! | ES82: =VLOOKUP(C82,Theory!B84:DR151,120,FALSE) -> #REF! | ET82: =SUM(ER82:ES82) -> #REF!
A83: 70 | B83: =Theory!#REF! -> #REF! | C83: =Theory!#REF! -> #REF! | D83: =VLOOKUP(C83,Theory!B84:D154,3,FALSE) -> #REF! | E83: =VLOOKUP(C83,Theory!B84:E154,4,FALSE) -> #REF! | F83: =VLOOKUP(C83,Theory!B84:F154,5,FALSE) -> #REF! | G83: =VLOOKUP(C83,Theory!B84:G154,6,FALSE) -> #REF! | H83: =SUM(D83:G83) -> #REF! | I83: =VLOOKUP(C83,Theory!B84:H154,7,FALSE) -> #REF! | J83: =VLOOKUP(C83,Theory!B84:I154,8,FALSE) -> #REF! | K83: =VLOOKUP(C83,Theory!B84:J154,9,FALSE) -> #REF! | L83: =VLOOKUP(C83,Theory!B84:K154,10,FALSE) -> #REF! | M83: =SUM(I83:L83) -> #REF! | N83: =VLOOKUP(C83,Theory!B84:L154,11,FALSE) -> #REF! | O83: =VLOOKUP(C83,Theory!B84:M154,12,FALSE) -> #REF! | P83: =VLOOKUP(C83,Theory!B84:N154,13,FALSE) -> #REF! | Q83: =VLOOKUP(C83,Theory!B84:O154,14,FALSE) -> #REF! | R83: =VLOOKUP(C83,Theory!B84:P154,15,FALSE) -> #REF! | S83: =VLOOKUP(C83,Theory!B84:Q154,16,FALSE) -> #REF! | T83: =VLOOKUP(C83,Theory!B84:R154,17,FALSE) -> #REF! | U83: =VLOOKUP(C83,Theory!B84:S154,18,FALSE) -> #REF! | V83: =MAX(SUM(N83:Q83),SUM(R83:U83)) -> #REF! | W83: =VLOOKUP(C83,Theory!B84:T154,19,FALSE) -> #REF! | X83: =VLOOKUP(C83,Theory!B84:U154,20,FALSE) -> #REF! | Y83: =VLOOKUP(C83,Theory!B84:V154,21,FALSE) -> #REF! | Z83: =VLOOKUP(C83,Theory!B84:W154,22,FALSE) -> #REF! | AA83: =VLOOKUP(C83,Theory!B84:X154,23,FALSE) -> #REF! | AB83: =VLOOKUP(C83,Theory!B84:Y154,24,FALSE) -> #REF! | AC83: =VLOOKUP(C83,Theory!B84:Z154,25,FALSE) -> #REF! | AD83: =VLOOKUP(C83,Theory!B84:AA154,26,FALSE) -> #REF! | AE83: =MAX(SUM(W83:Z83),SUM(AA83:AD83)) -> #REF! | AF83: =VLOOKUP(C83,Theory!B84:AB154,27,FALSE) -> #REF! | AG83: =VLOOKUP(C83,Theory!B84:AC154,28,FALSE) -> #REF! | AH83: =VLOOKUP(C83,Theory!B84:AD154,29,FALSE) -> #REF! | AI83: =VLOOKUP(C83,Theory!B84:AE154,30,FALSE) -> #REF! | AJ83: =VLOOKUP(C83,Theory!B84:AF154,31,FALSE) -> #REF! | AK83: =VLOOKUP(C83,Theory!B84:AG154,32,FALSE) -> #REF! | AL83: =VLOOKUP(C83,Theory!B84:AH154,33,FALSE) -> #REF! | AM83: =VLOOKUP(C83,Theory!B84:AI154,34,FALSE) -> #REF! | AN83: =MAX(SUM(AF83:AI83),SUM(AJ83:AM83)) -> #REF! | AO83: =SUM(H83,M83,V83,AE83,AN83) -> #REF! | AP83: =VLOOKUP(C83,Theory!B84:AJ154,35,FALSE) -> #REF! | AQ83: =VLOOKUP(C83,Theory!B84:AK154,36,FALSE) -> #REF! | AR83: =VLOOKUP(C83,Theory!B84:AL154,37,FALSE) -> #REF! | AS83: =VLOOKUP(C83,Theory!B84:AM154,38,FALSE) -> #REF! | AT83: =SUM(AP83:AS83) -> #REF! | AU83: =VLOOKUP(C83,Theory!B84:AN154,39,FALSE) -> #REF! | AV83: =VLOOKUP(C83,Theory!B84:AO154,40,FALSE) -> #REF! | AW83: =VLOOKUP(C83,Theory!B84:AP154,41,FALSE) -> #REF! | AX83: =VLOOKUP(C83,Theory!B84:AQ154,42,FALSE) -> #REF! | AY83: =SUM(AU83:AX83) -> #REF! | AZ83: =VLOOKUP(C83,Theory!B84:AR154,43,FALSE) -> #REF! | BA83: =VLOOKUP(C83,Theory!B84:AS154,44,FALSE) -> #REF! | BB83: =VLOOKUP(C83,Theory!B84:AT154,45,FALSE) -> #REF! | BC83: =VLOOKUP(C83,Theory!B84:AU154,46,FALSE) -> #REF! | BD83: =VLOOKUP(C83,Theory!B84:AV154,47,FALSE) -> #REF! | BE83: =VLOOKUP(C83,Theory!B84:AW154,48,FALSE) -> #REF! | BF83: =VLOOKUP(C83,Theory!B84:AX154,49,FALSE) -> #REF! | BG83: =VLOOKUP(C83,Theory!B84:AY154,50,FALSE) -> #REF! | BH83: =MAX(SUM(AZ83:BC83),SUM(BD83:BG83)) -> #REF! | BI83: =VLOOKUP(C83,Theory!B84:AZ154,51,FALSE) -> #REF! | BJ83: =VLOOKUP(C83,Theory!B84:BA154,52,FALSE) -> #REF! | BK83: =VLOOKUP(C83,Theory!B84:BB154,53,FALSE) -> #REF! | BL83: =VLOOKUP(C83,Theory!B84:BC154,54,FALSE) -> #REF! | BM83: =VLOOKUP(C83,Theory!B84:BD154,55,FALSE) -> #REF! | BN83: =VLOOKUP(C83,Theory!B84:BE154,56,FALSE) -> #REF! | BO83: =VLOOKUP(C83,Theory!B84:BF154,57,FALSE) -> #REF! | BP83: =VLOOKUP(C83,Theory!B84:BG154,58,FALSE) -> #REF! | BQ83: =MAX(SUM(BI83:BL83),SUM(BM83:BP83)) -> #REF! | BR83: =VLOOKUP(C83,Theory!B84:BH154,59,FALSE) -> #REF! | BS83: =VLOOKUP(C83,Theory!B84:BI154,60,FALSE) -> #REF! | BT83: =VLOOKUP(C83,Theory!B84:BJ154,61,FALSE) -> #REF! | BU83: =VLOOKUP(C83,Theory!B84:BK154,62,FALSE) -> #REF! | BV83: =VLOOKUP(C83,Theory!B84:BL154,63,FALSE) -> #REF! | BW83: =VLOOKUP(C83,Theory!B84:BM154,64,FALSE) -> #REF! | BX83: =VLOOKUP(C83,Theory!B84:BN154,65,FALSE) -> #REF! | BY83: =VLOOKUP(C83,Theory!B84:BO154,66,FALSE) -> #REF! | BZ83: =MAX(SUM(BR83:BU83),SUM(BV83:BY83)) -> #REF! | CA83: =SUM(AT83,AY83,BH83,BQ83,BZ83) -> #REF! | CB83: =VLOOKUP(C83,Theory!B84:BP154,67,FALSE) -> #REF! | CC83: =VLOOKUP(C83,Theory!B84:BQ154,68,FALSE) -> #REF! | CD83: =VLOOKUP(C83,Theory!B84:BR154,69,FALSE) -> #REF! | CE83: =VLOOKUP(C83,Theory!B84:BS154,70,FALSE) -> #REF! | CF83: =SUM(CB83:CE83) -> #REF! | CG83: =VLOOKUP(C83,Theory!B84:BT154,71,FALSE) -> #REF! | CH83: =VLOOKUP(C83,Theory!B84:BU154,72,FALSE) -> #REF! | CI83: =VLOOKUP(C83,Theory!B84:BV154,73,FALSE) -> #REF! | CJ83: =VLOOKUP(C83,Theory!B84:BW154,74,FALSE) -> #REF! | CK83: =SUM(CG83:CJ83) -> #REF! | CL83: =VLOOKUP(C83,Theory!B84:BX154,75,FALSE) -> #REF! | CM83: =VLOOKUP(C83,Theory!B84:BY154,76,FALSE) -> #REF! | CN83: =VLOOKUP(C83,Theory!B84:BZ154,77,FALSE) -> #REF! | CO83: =VLOOKUP(C83,Theory!B84:CA154,78,FALSE) -> #REF! | CP83: =VLOOKUP(C83,Theory!B84:CB154,79,FALSE) -> #REF! | CQ83: =VLOOKUP(C83,Theory!B84:CC154,80,FALSE) -> #REF! | CR83: =VLOOKUP(C83,Theory!B84:CD154,81,FALSE) -> #REF! | CS83: =VLOOKUP(C83,Theory!B84:CE154,82,FALSE) -> #REF! | CT83: =MAX(SUM(CL83:CO83),SUM(CP83:CS83)) -> #REF! | CU83: =VLOOKUP(C83,Theory!B84:CF154,83,FALSE) -> #REF! | CV83: =VLOOKUP(C83,Theory!B84:CG154,84,FALSE) -> #REF! | CW83: =VLOOKUP(C83,Theory!B84:CH154,85,FALSE) -> #REF! | CX83: =VLOOKUP(C83,Theory!B84:CI154,86,FALSE) -> #REF! | CY83: =VLOOKUP(C83,Theory!B84:CJ154,87,FALSE) -> #REF! | CZ83: =VLOOKUP(C83,Theory!B84:CK154,88,FALSE) -> #REF! | DA83: =VLOOKUP(C83,Theory!B84:CL154,89,FALSE) -> #REF! | DB83: =VLOOKUP(C83,Theory!B84:CM154,90,FALSE) -> #REF! | DC83: =MAX(SUM(CU83:CX83),SUM(CY83:DB83)) -> #REF! | DD83: =VLOOKUP(C83,Theory!B84:CN154,91,FALSE) -> #REF! | DE83: =VLOOKUP(C83,Theory!B84:CO154,92,FALSE) -> #REF! | DF83: =VLOOKUP(C83,Theory!B84:CP154,93,FALSE) -> #REF! | DG83: =VLOOKUP(C83,Theory!B84:CQ154,94,FALSE) -> #REF! | DH83: =VLOOKUP(C83,Theory!B84:CR154,95,FALSE) -> #REF! | DI83: =VLOOKUP(C83,Theory!B84:CS154,96,FALSE) -> #REF! | DJ83: =VLOOKUP(C83,Theory!B84:CT154,97,FALSE) -> #REF! | DK83: =VLOOKUP(C83,Theory!B84:CU154,98,FALSE) -> #REF! | DL83: =MAX(SUM(DD83:DG83),SUM(DH83:DK83)) -> #REF! | DM83: =SUM(CF83,CK83,CT83,DC83,DL83) -> #REF! | DN83: =AO83 -> #REF! | DO83: =CA83 -> #REF! | DP83: =DM83 -> #REF! | DQ83: =ROUND(30*DN83/50,0) -> #REF! | DR83: =ROUND(30*DO83/50,0) -> #REF! | DS83: =ROUND(30*DP83/50,0) -> #REF! | DT83: =ROUND(AVERAGE(DQ83:DS83),0) -> #REF! | DU83: =VLOOKUP(C83,Theory!B84:CV154,99,FALSE) -> #REF! | DV83: =VLOOKUP(C83,Theory!B84:CW154,100,FALSE) -> #REF! | DW83: =SUM(DU83:DV83) -> #REF! | DX83: =SUM(DT83:DV83) -> #REF! | DY83: =ROUND((30*DX83/50),0) -> #REF! | DZ83: =VLOOKUP(C83,Lab!B78:D147,3,FALSE) -> #REF! | EA83: =VLOOKUP(C83,Lab!B78:E147,4,FALSE) -> #REF! | EB83: =VLOOKUP(C83,Lab!B78:F147,5,FALSE) -> #REF! | EC83: =SUM(DZ83:EB83) -> #REF! | ED83: =VLOOKUP(C83,Lab!B78:G147,6,FALSE) -> #REF! | EE83: =VLOOKUP(C83,Lab!B78:H147,7,FALSE) -> #REF! | EF83: =VLOOKUP(C83,Lab!B78:I147,8,FALSE) -> #REF! | EG83: =SUM(ED83:EF83) -> #REF! | EH83: =SUM(EC83,EG83) -> #REF! | EI83: =ROUND((20*EH83/50),0) -> #REF! | EJ83: =SUM(DY83,EI83) -> #REF! | EM83: =VLOOKUP(C83,Theory!B84:DL154,114,FALSE) -> #REF! | EN83: =VLOOKUP(C83,Theory!B84:DM154,115,FALSE) -> #REF! | EO83: =VLOOKUP(C83,Theory!B84:DN154,116,FALSE) -> #REF! | EP83: =VLOOKUP(C83,Theory!B84:DO152,117,FALSE) -> #REF! | EQ83: =VLOOKUP(C83,Theory!B84:DP152,118,FALSE) -> #REF! | ER83: =VLOOKUP(C83,Theory!B84:DQ152,119,FALSE) -> #REF! | ES83: =VLOOKUP(C83,Theory!B84:DR152,120,FALSE) -> #REF! | ET83: =SUM(ER83:ES83) -> #REF!
DX86: =SUM(DX79:DX83) -> #N/A

Sheet CSV
A1: IPCC | N1: STAND ALONE LAB | S1: STAND ALONE THEORY
A2: IPCC | B2: USN | C2: ATTND (34/40) | D2: TEST (12/30) | E2: AAT (8/20) | F2: ATTND-THEORY (34/40) | G2: ATTND-LAB (11/12) | H2: TEST (12/30) | I2: AAT (8/20) | J2: LAB-CLASS WORK (12/30) | K2: LAB-TEST (8/20) | L2: CIA1-C | M2: Attendance | N2: STAND ALONE LAB | O2: ATTND (11/12) | P2: LAB-CLASS-WORK (12/30) | Q2: LAB-TEST (8/20) | R2: CIA | S2: STAND ALONE THEORY | T2: credit 1 ATTND (11/12) | U2: credit 2 ATTND (11/24) | V2: credit 3 ATTND (34/40) | W2: credit 4 ATTND (45/52) | X2: TEST (12/30) | Y2: AAT (8/20) | Z2: CIA
B3: Total | C3: 40 | D3: 30 | E3: 20 | F3: 40 | G3: 12 | H3: 30 | I3: 20 | J3: 30 | K3: 20 | L3: 50 | M3: =SUM(F3:G3) -> 52 | N3: Total | O3: 12 | P3: 30 | Q3: 20 | R3: =SUM(P3:Q3) -> 50 | S3: Total | T3: 12 | U3: 24 | V3: 40 | W3: 52 | X3: 30 | Y3: 20 | Z3: =SUM(X3:Y3) -> 50
A4: SL# | B4: Min | C4: 34 | D4: 12 | E4: 8 | F4: 34 | G4: 11 | H4: 12 | I4: 8 | J4: 12 | K4: 8 | L4: 20 | M4: =SUM(F4:G4) -> 45 | N4: Min | O4: 11 | P4: 12 | Q4: 8 | R4: =SUM(P4:Q4) -> 20 | S4: Min | T4: 11 | U4: 11 | V4: 34 | W4: 45 | X4: 12 | Y4: 8 | Z4: =SUM(X4:Y4) -> 20
A5: 1 | B5: =Theory!B17 -> 1DS21AI001 | F5: =IF(Theory!D$9="YES",VLOOKUP(B5,'CIA MARKS'!C14:ER83,146,FALSE),"") | G5: =IF(Theory!D$9="YES",VLOOKUP(B5,'CIA MARKS'!C14:ES83,147,FALSE),"") | H5: =IF(Theory!D$9="YES",VLOOKUP(B5,'CIA MARKS'!C14:DT83,122,FALSE),"") | I5: =IF(Theory!D$9="YES",VLOOKUP(B5,'CIA MARKS'!C14:DW83,125,FALSE),"") | J5: =IF(Theory!D$9="YES",VLOOKUP(B5,'CIA MARKS'!C14:EC83,131,FALSE),"") | K5: =IF(Theory!D$9="YES",VLOOKUP(B5,'CIA MARKS'!C14:EG83,135,FALSE),"") | L5: =IF(Theory!D$9="YES",VLOOKUP(B5,'CIA MARKS'!C14:EJ83,138,FALSE),"") | M5: =SUM(F5:G5) -> 0 | O5: =IF(Theory!D$8="YES",VLOOKUP(B5,'CIA MARKS'!C14:ES83,147,FALSE),"") | P5: =IF(Theory!D$8="YES",VLOOKUP(B5,'CIA MARKS'!C14:EC83,131,FALSE),"") | Q5: =IF(Theory!D$8="YES",VLOOKUP(B5,'CIA MARKS'!C14:EG83,135,FALSE),"") | R5: =SUM(P5:Q5) -> 0 | T5: {=IF(Theory!DL14="CREDIT-1",Theory!DL17:DL83,"")} -> 0 | U5: {=IF(Theory!DM14="CREDIT-2",Theory!DM17:DM83,"")} -> 0 | V5: {=IF(Theory!DN14="CREDIT-3",Theory!DN17:DN83,"")} -> 0 | W5: {=IF(Theory!DO14="CREDIT-4",Theory!DO17:DO83,"")} -> 0 | X5: =IF(Theory!D$7="YES",VLOOKUP(B5,'CIA MARKS'!C14:DT83,122,FALSE),"") -> 26 | Y5: =IF(Theory!D$7="YES",VLOOKUP(B5,'CIA MARKS'!C14:DW83,125,FALSE),"") -> 15 | Z5: =SUM(X5:Y5) -> 41
A6: 2 | B6: =Theory!B18 -> 1DS21AI002 | F6: =IF(Theory!D$9="YES",VLOOKUP(B6,'CIA MARKS'!C15:ER84,146,FALSE),"") | G6: =IF(Theory!D$9="YES",VLOOKUP(B6,'CIA MARKS'!C15:ES84,147,FALSE),"") | H6: =IF(Theory!D$9="YES",VLOOKUP(B6,'CIA MARKS'!C15:DT84,122,FALSE),"") | I6: =IF(Theory!D$9="YES",VLOOKUP(B6,'CIA MARKS'!C15:DW84,125,FALSE),"") | J6: =IF(Theory!D$9="YES",VLOOKUP(B6,'CIA MARKS'!C15:EC84,131,FALSE),"") | K6: =IF(Theory!D$9="YES",VLOOKUP(B6,'CIA MARKS'!C15:EG84,135,FALSE),"") | L6: =IF(Theory!D$9="YES",VLOOKUP(B6,'CIA MARKS'!C15:EJ84,138,FALSE),"") | M6: =SUM(F6:G6) -> 0 | O6: =IF(Theory!D$8="YES",VLOOKUP(B6,'CIA MARKS'!C15:ES84,147,FALSE),"") | P6: =IF(Theory!D$8="YES",VLOOKUP(B6,'CIA MARKS'!C15:EC84,131,FALSE),"") | Q6: =IF(Theory!D$8="YES",VLOOKUP(B6,'CIA MARKS'!C15:EG84,135,FALSE),"") | R6: =SUM(P6:Q6) -> 0 | T6: 0 | U6: 0 | V6: 0 | W6: 0 | X6: =IF(Theory!D$7="YES",VLOOKUP(B6,'CIA MARKS'!C15:DT84,122,FALSE),"") -> 28 | Y6: =IF(Theory!D$7="YES",VLOOKUP(B6,'CIA MARKS'!C15:DW84,125,FALSE),"") -> 20 | Z6: =SUM(X6:Y6) -> 48
A7: 3 | B7: =Theory!B19 -> 1DS21AI005 | F7: =IF(Theory!D$9="YES",VLOOKUP(B7,'CIA MARKS'!C16:ER85,146,FALSE),"") | G7: =IF(Theory!D$9="YES",VLOOKUP(B7,'CIA MARKS'!C16:ES85,147,FALSE),"") | H7: =IF(Theory!D$9="YES",VLOOKUP(B7,'CIA MARKS'!C16:DT85,122,FALSE),"") | I7: =IF(Theory!D$9="YES",VLOOKUP(B7,'CIA MARKS'!C16:DW85,125,FALSE),"") | J7: =IF(Theory!D$9="YES",VLOOKUP(B7,'CIA MARKS'!C16:EC85,131,FALSE),"") | K7: =IF(Theory!D$9="YES",VLOOKUP(B7,'CIA MARKS'!C16:EG85,135,FALSE),"") | L7: =IF(Theory!D$9="YES",VLOOKUP(B7,'CIA MARKS'!C16:EJ85,138,FALSE),"") | M7: =SUM(F7:G7) -> 0 | O7: =IF(Theory!D$8="YES",VLOOKUP(B7,'CIA MARKS'!C16:ES85,147,FALSE),"") | P7: =IF(Theory!D$8="YES",VLOOKUP(B7,'CIA MARKS'!C16:EC85,131,FALSE),"") | Q7: =IF(Theory!D$8="YES",VLOOKUP(B7,'CIA MARKS'!C16:EG85,135,FALSE),"") | R7: =SUM(P7:Q7) -> 0 | T7: 0 | U7: 0 | V7: 0 | W7: 0 | X7: =IF(Theory!D$7="YES",VLOOKUP(B7,'CIA MARKS'!C16:DT85,122,FALSE),"") -> 27 | Y7: =IF(Theory!D$7="YES",VLOOKUP(B7,'CIA MARKS'!C16:DW85,125,FALSE),"") -> 20 | Z7: =SUM(X7:Y7) -> 47
